Date of Incident,"Company, City, State, ZIP",Preliminary Description of Incident,Fatality or Catastrophe,Inspection #,,,,,,,,,,,,,
9/30/2014,"City of Covina Police Department, Covina, CA 91728",Worker killed in vehicle collision.,Fatality,,,,,,,,,,,,,,
9/30/2014,"Precision Fabricators Inc., Tulsa, OK 74127",Worker struck and killed by falling load when crane bolt broke.,Fatality,,,,,,,,,,,,,,
9/30/2014,"Wise Recycling East 1 Inc., Charlotte, NC 28216",Worker killed when forklift tipped over.,Fatality,,,,,,,,,,,,,,
9/29/2014,"All Star Metals, Brownsville, TX 78521",Worker fatally crushed between metal sections of vessel during dismantling.,Fatality,,,,,,,,,,,,,,
9/29/2014,"Central States Environmental LLC, Freeport, PA 15352",Worker killed in fall from bed of truck. ,Fatality,,,,,,,,,,,,,,
9/29/2014,"Mayflower RV, Mayflower, AR 72106",Worker killed when loader overturned.,Fatality,,,,,,,,,,,,,,
9/29/2014,"Philadelphia Zoo, Philadelphia, PA 19104",Worker fatally crushed  when golf cart fell off jack stands during maintenance.,Fatality,,,,,,,,,,,,,,
9/27/2014,"Lash Paving Company, Quaker City, OH 43773",Worker fatally crushed by tire compactor. ,Fatality,,,,,,,,,,,,,,
9/27/2014,"Pittman Construction Company, Conyers, GA 30013",Worker struck and killed by dump truck.,Fatality,,,,,,,,,,,,,,
9/26/2014,"Evergreen Lawn & Tree Care Inc., Spokane, WA 99203",Worker killed on fall from tree.,Fatality,,,,,,,,,,,,,,
9/26/2014,"Miranda Trucking, Hereford, TX 79045","Employee struck and killed by truck.
",Fatality,,,,,,,,,,,,,,
9/26/2014,"Redneck Services, Amarillo, TX 79102",Oil company worker caught and killed by drill blade.,Fatality,,,,,,,,,,,,,,
9/26/2014,"Santigo E. Monge, Lincoln University, PA 19352",Worker killed in fall from tree.,Fatality,,,,,,,,,,,,,,
9/25/2014,"Arends-Awe Inc., Winchester, IL 62694",Worker fatally crushed by combine.,Fatality,,,,,,,,,,,,,,
9/25/2014,"Brian Borde Contracting LLC, Quilcene, WA 98376                          ",Worker struck and killed by falling tree.,Fatality,,,,,,,,,,,,,,
9/25/2014,"Glenn Environmental, Louisville, KY 40299",Worker died after becoming caught in concrete opening of septic system.,Fatality,,,,,,,,,,,,,,
9/25/2014,"Infra-Metals Co., Tampa, FL 33619",Worker fatally crushed by steel beam that fell from forklift.,Fatality,,,,,,,,,,,,,,
9/25/2014,"Robyco Construction Inc., Kihei, HI 96753",Worker struck and killed by excavator carriage.,Fatality,,,,,,,,,,,,,,
9/25/2014,"U.S. Postal Service, New York, NY 10018",Worker washing windows killed in fall from lift.,Fatality,,,,,,,,,,,,,,
9/24/2014,"Asplundh Tree Expert Co., Saint Francisville, LA 70775",Worker preforming tree cutting operations killed in fall from  aerial lift.,Fatality,,,,,,,,,,,,,,
9/24/2014,"G Metal Partition Contractors Corp., Miami, FL 33127",Worker electrocuted by energized wires.,Fatality,,,,,,,,,,,,,,
9/24/2014,"Murphy Brothers Trucking and Construction, Arcadia, LA 71001",Worker struck and killed by train.,Fatality,,,,,,,,,,,,,,
9/24/2014,"Ring and Ring Amusements, Winnie, TX 77665",Worker struck and killed by steel plate that fell from carnival ride during construction.,Fatality,,,,,,,,,,,,,,
9/24/2014,"Vanguard Vacuum Trucks LLC, Bourg, LA 70343",Worker killed in vehicle collision.,Fatality,,,,,,,,,,,,,,
9/23/2014,"188 Norcross Street RBP Construction LLC, Roswell, GA 30075",Worker killed in fall down stairway shaft.,Fatality,,,,,,,,,,,,,,
9/23/2014,"Bureau of Reclamation, Collbran, CO 81624",Worker killed in motorcycle collision.,Fatality,,,,,,,,,,,,,,
9/23/2014,"Charter Communications Holding Company, LLC, Sheridan, WY 82801",Worker killed in fall from ladder.,Fatality,,,,,,,,,,,,,,
9/23/2014,"Hughes Enterprises, Inc., Marbleton, WY 83113",Worker killed in flash fire inside well site tank.,Fatality,,,,,,,,,,,,,,
9/23/2014,"R & C Farms, Shelley, ID 83274",Worker fatally crushed by truck backing up.,Fatality,,,,,,,,,,,,,,
9/23/2014,"Robert S. Biscan, Franklin, TN 37067 ",Backhoe operator killed when equipment overturned.,Fatality,,,,,,,,,,,,,,
9/23/2014,"Tampa Steel Erecting Company, Tampa,  FL 33619",Worker electrocuted by light fixture. ,Fatality,,,,,,,,,,,,,,
9/23/2014,"Vinylplex Inc., Pittsburg, KS 66762",Worker fatality injured when struck-by and caught-between piece of machinery.,Fatality,,,,,,,,,,,,,,
9/23/2014,"Williams Spray Foam LLC, Belleville, PA 17004",Worker installing roof deck killed in fall from building.,Fatality,,,,,,,,,,,,,,
9/22/2014,"Affordable Plumbing Santa Paula, CA 93060                                             ",Worker struck and killed by motor vehicle.,Fatality,,,,,,,,,,,,,,
9/22/2014,"Bob McGrath Construction LLC, Colorado Springs, CO 80919",Worker electrocuted while working from ladder during remodeling project.,Fatality,,,,,,,,,,,,,,
9/22/2014,"Dirtek Disposal LLC, Tacoma, WA 98409",Worker struck and killed by truck.,Fatality,,,,,,,,,,,,,,
9/22/2014,"Hanford Ready Mix Penn Valley, CA 95946",Worker killed in vehicle collision.,Fatality,,,,,,,,,,,,,,
9/22/2014,"Hansen's Quality Jerseys LLC, Rupert, ID 83343",Worker welding diesel fuel tank killed in explosion.,Fatality,,,,,,,,,,,,,,
9/21/2014,"Black Star Ranch LLC, Moxee, WA 98936",Worker struck and killed by pole.,Fatality,,,,,,,,,,,,,,
9/21/2014,"BOP Ram Block and Iron Rental Inc., Miami,  TX 79059",Worker struck and killed by blowout preventer when the chain holding it upright broke.,Fatality,,,,,,,,,,,,,,
9/21/2014,"NYCPD, Bronx, NY 10466",Police officer killed in vehicle collision.,Fatality,,,,,,,,,,,,,,
9/21/2014,"RPM Pizza LLC, New Orleans, LA 70119",Worker fatally shot while delivering pizzas.,Fatality,,,,,,,,,,,,,,
9/21/2014,"Supervalu, Hopkins, MN 55434",Worker fatally crushed by piece of industrial equipment.,Fatality,,,,,,,,,,,,,,
9/21/2014,"United States Steel Corporation, Fairfield, AL 35064",Two workers killed in furnace explosion.,Fatality,,,,,,,,,,,,,,
9/20/2014,"David R Markiewicz, Alexander, NY 14005",Worker caught and killed by bailer while trying to clear jam in machine.,Fatality,,,,,,,,,,,,,,
9/20/2014,"Paulina Corporation, Farmingdale, NY 11735",Worker killed in fall from roof.,Fatality,,,,,,,,,,,,,,
9/20/2014,"Radio Shack Corporation, Honolulu, HI 96816",Worker fell and suffered fatal head injury.,Fatality,,,,,,,,,,,,,,
9/19/2014,"Champion Homes Inc. LLC, Edmond, OK 73012",Two workers on extended work platform killed when telescoping boom forklift tipped over. ,Fatality,,,,,,,,,,,,,,
9/19/2014,"Delicioso Coco Helado Inc., Bronx, NY 10456",Warehouse worker fatally crushed by roll down gate.,Fatality,,,,,,,,,,,,,,
9/19/2014,"Eagle Natrium LLC, Proctor, WV 26055",Worker died from respiratory burns after being sprayed with caustic solution.,Fatality,997653,,,,,,,,,,,,,
9/19/2014,"J.T. Russell & Sons Inc., NC 18 & I-40/ Exit 105, Westbound, Morganton, NC  28655",Worker performing road construction struck and killed by vehicle.,Fatality,,,,,,,,,,,,,,
9/19/2014,"R.E.L. Schneider Co. Inc., Baltimore, MD 21202",Worker killed in fall from ladder.,Fatality,,,,,,,,,,,,,,
9/19/2014,"Spartan Industrial Contracting LLC, Dalton, GA 30721",Worker struck and killed by textile machine frame being loaded on truck.,Fatality,,,,,,,,,,,,,,
9/19/2014,"Zodiac Seats USA, Okmulgee, OK 74447",Worker delivering parts killed in plane crash.,Fatality,,,,,,,,,,,,,,
9/18/2014,"Deal's Small Engine, Clinton, TN 37716 ",Worker struck and killed by hook attached to snapped cable.,Fatality,,,,,,,,,,,,,,
9/18/2014,"Henry County Highway Department, Cambridge, IL 61238",Worker killed in fall from ceiling landing.,Fatality,,,,,,,,,,,,,,
9/18/2014,"Lakeview Ranch, Princeton, NJ 08544",Worker fatally trampled by horse. ,Fatality,,,,,,,,,,,,,,
9/18/2014,"Phoenix Trim A. Tree LLC, Phoenix, AZ 85040          ",Worker fatally injured after becoming caught in rope that was loaded into a wood chipper.,Fatality,,,,,,,,,,,,,,
9/17/2014,"AB Discount Plumbing LLC, Oklahoma City, OK 73106",Worker electrocuted while replacing natural gas line in crawl space. ,Fatality,,,,,,,,,,,,,,
9/17/2014,"Harter's Fox Valley Disposal, Freedom, WI 54131",Worker fatally crushed between hydraulic powered trash compactor and truck box.,Fatality,,,,,,,,,,,,,,
9/17/2014,"Michigan Conference Association of Seventh Day Adventists, Lansing, MI 48917",Worker fatally crushed by vehicle.,Fatality,,,,,,,,,,,,,,
9/16/2014,"Glenn Eugene Thorpe, Houston, TX 77029",Truck operator struck and killed by metal structure that fell off the flatbed.,Fatality,,,,,,,,,,,,,,
9/16/2014,"Justin Dekeyzer, Boyce, LA 71409",Worker electrocuted when cotton harvesting machine contacted overhead power line. ,Fatality,,,,,,,,,,,,,,
9/16/2014,"Mastech Advanced Technologies, Waycross, GA 31503",Worker killed in vehicle collison.,Fatality,,,,,,,,,,,,,,
9/16/2014,"Middlebury Academy, Akron, OH 44305",Worker struck and killed by rolling bus. ,Fatality,,,,,,,,,,,,,,
9/16/2014,"Outlaw Company LLC, Ozark, MO 65721",Worker struck and killed by front-end loader. ,Fatality,,,,,,,,,,,,,,
9/16/2014,"PGA West, La Quinta, CA 92253                        ",Worker drowned in pond while cleaning it.,Fatality,,,,,,,,,,,,,,
9/16/2014,"Wood Electric, Union City, IN 47390",Worker killed in fall from water transfer tower.,Fatality,,,,,,,,,,,,,,
9/15/2014,"Alfredo Garcia Urquidez Jr., San Ardo, CA 93450                              ",Worker operating tractor killed when vehicle went off embankment.,Fatality,,,,,,,,,,,,,,
9/15/2014,"Green Leaf Nursery Inc., Homestead, FL 33030",Worker killed when caught in tractor trailer drive shaft.,Fatality,,,,,,,,,,,,,,
9/15/2014,"Jeff Malkow, Monticello, WI 53570",Worker killed when tractor slid into ditch.,Fatality,,,,,,,,,,,,,,
9/15/2014,"Material Management Inc., Arkansas City, KS 67005",Worker operating pump truck electrocuted when vehicle contacted power line.,Fatality,,,,,,,,,,,,,,
9/15/2014,"North Mac CUSD #34 - Intermediate School Girard, IL 62640",Two hundred workers hospitalized for carbon monoxide exposure from faulty boiler flue.,Catastrophe,,,,,,,,,,,,,,
9/15/2014,"Roeder Construction, Grand Island, NE 68801",Worker killed in fall from roof.,Fatality,,,,,,,,,,,,,,
9/15/2014,"San Bernardo Ranch, San Ardo, CA 93450",Worker struck and killed by forklift.,Fatality,,,,,,,,,,,,,,
9/15/2014,"Terral River Service Inc., Tallulah, LA 71282",Worker struck and killed by truck.,Fatality,,,,,,,,,,,,,,
9/14/2014,"Armando & Maria Anzaldo, Pomona, CA 91767",Worker killed in fall from roof.,Fatality,,,,,,,,,,,,,,
9/14/2014,"Liberty Moving and Storage, Denton, TX 76205",Worker killed in fall from forklift.,Fatality,,,,,,,,,,,,,,
9/12/2014,"Allen & Company Inc., Orlando, FL 32828",Worker struck and killed by utility vehicle. ,Fatality,,,,,,,,,,,,,,
9/12/2014,"Federal Express, Parkville, MO 64152",Worker fatally crushed between truck and house.,Fatality,,,,,,,,,,,,,,
9/12/2014,"IW WHITFIELD AGRI-OPS LLC, Kinston, NC 28504         ",Worker unclogging jam from tobacco harvester killed when arm became caught in machine belt. ,Fatality,,,,,,,,,,,,,,
9/12/2014,"Kolek Woodworking Inc., Tarentum, PA 15084",Worker replacing barn roof electrocuted when ladder contacted overhead power line. ,Fatality,,,,,,,,,,,,,,
9/12/2014,"MS Inc., Hato Rey, PR 00919",Worker killed in fall from second floor of building under construction.,Fatality,,,,,,,,,,,,,,
9/12/2014,"Parker Tire Center Inc., Golden, MS 38847",Worker struck and killed by tractor tire inner tube that exploded during inflation.,Fatality,,,,,,,,,,,,,,
9/11/2014,"Precision Blend Gases Inc., Dickinson, TX 77539",Worker killed when oxygen cylinder exploded. ,Fatality,,,,,,,,,,,,,,
9/11/2014,"Schenectady Hardware & Electric Co Inc., Johnstown, NY 12095",Worker electrocuted when boom lift contacted power lines.,Fatality,,,,,,,,,,,,,,
9/10/2014,"Comcast, Somerville, MA 02143",Worker killed in fall from ladder.,Fatality,,,,,,,,,,,,,,
9/10/2014,"Complete Energy Services, Mannsville, OK 73447",Worker struck and killed by tubing.,Fatality,,,,,,,,,,,,,,
9/10/2014,"Creighton Brothers LLC, Claypool, IN 46510                     ",Worker killed in fall into pit.,Fatality,,,,,,,,,,,,,,
9/10/2014,"Hollemire International LLC, New Iberia, LA 70560",Worker struck and killed by pipe being offloaded from barge by crane.,Fatality,,,,,,,,,,,,,,
9/10/2014,"Ralph H. Ruiter, West Rutland, VT 05777",Worker struck and killed by falling tree..,Fatality,,,,,,,,,,,,,,
9/10/2014,"Stand-by Personnel, Sand Springs, OK 74063",Worker struck and killed by trash truck.,Fatality,,,,,,,,,,,,,,
9/10/2014,"Synder Brick and Block, Columbus, OH 43204",Plant manager died after being engulfed in sand bin.,Fatality,,,,,,,,,,,,,,
9/9/2014,"Labor Ready, Advance, NC 27006                       ", Worker struck and killed by vehicle.,Fatality,,,,,,,,,,,,,,
9/9/2014,"PMJ Builders Inc., Waipahu, HI 96797",Worker killed in fall when scissor lift toppled over.,Fatality,,,,,,,,,,,,,,
9/8/2014,"Kent County Road Commission, Caledonia, MI 49316",Worker struck and killed by construction equipment.,Fatality,,,,,,,,,,,,,,
9/8/2014,"Nature's Capital, Dubois, WY 82513        ",Worker fatally injured by bear.,Fatality,,,,,,,,,,,,,,
9/8/2014,"Stantec Consulting, Albright, WV 26519",Worker fell and suffered fatal head injury after striking pipe.,Fatality,,,,,,,,,,,,,,
9/7/2014,"A & B Auto Recyclers, Lexington, OK 73051",Worker struck and killed by truck that fell from forklift.,Fatality,,,,,,,,,,,,,,
9/7/2014,"Prospect Airport Services, Detroit, MI 48242",Three workers hospitalized when vehicle overturned.,Catastrophe,,,,,,,,,,,,,,
9/6/2014,"Antelo Investments Inc., Naples, FL 34109",Two workersperforming tree trimming operations electrocuted when ladder contacted power line. ,Fatality,,,,,,,,,,,,,,
9/6/2014,"Hussmann Corporation, Bridgeton, MO 63044",Worker fatally crushed between inclined table and stationary rail.,Fatality,,,,,,,,,,,,,,
9/5/2014,"1 Detroit Metro Airport, Detroit, MI 48174", Worker struck and killed by vehicle.,Fatality,,,,,,,,,,,,,,
9/5/2014,"Advanced Commercial Roofing Inc., Urbana, IL 61801",Roof worker died from heat exposure.,Fatality,,,,,,,,,,,,,,
9/5/2014,"Atlas Metal & Iron Corporation, Denver, CO 80204",Worker fatally crushed by hydraulic ram.  ,Fatality,,,,,,,,,,,,,,
9/5/2014,"Brennan Masonry Company, Des Plaines, IL 60016",Four masonry workers hospitalized after wall collapse on them.,Catastrophe,,,,,,,,,,,,,,
9/5/2014,"Brown Racing Stable Inc., Elmont, NY 11003",Worker killed in fall from horse.,Fatality,,,,,,,,,,,,,,
9/5/2014,"Davis H Elliot Company New Albany, IN 47150",Worker struck and killed by falling pulley.,Fatality,,,,,,,,,,,,,,
9/5/2014,"Prospect Airport Services, Detroit, MI 48242",Airport baggage handler struck and killed by vehicle.,Fatality,,,,,,,,,,,,,,
9/4/2014,"A Greener Image Inc., Jacksonville, FL 32216",Worker drowned when ATV became submerged in retention pond. ,Fatality,,,,,,,,,,,,,,
9/4/2014,"Apex Restaurant Management Inc., Aurora, IL 60505",Three workers hospitalized with gun shot wounds suffered during robbery attempt.,Catastrophe,,,,,,,,,,,,,,
9/4/2014,"CC Builders, Ankeny, IA 50021",Worker killed in fall from ceiling trusses.,Fatality,,,,,,,,,,,,,,
9/4/2014,"MDA Construction Co LLC, Atlanta, GA 30307",Worker killed in fall from roof.,Fatality,,,,,,,,,,,,,,
9/4/2014,"Triple P Oil Field Services Aztec, NM  87410    ",Worker killed in fall from oil derrick.,Fatality,,,,,,,,,,,,,,
9/3/2014,"Automotive Parts Headquarters, St. Cloud, MN  56301                 ",Worker died of complications from hand amputation after suffering cutting torch burn.,Fatality,,,,,,,,,,,,,,
9/3/2014,"Givens & Houchin, Tompkinsville, KY 42167",Worker killed in motor vehicle collision.,Fatality,,,,,,,,,,,,,,
9/3/2014,"Mechanical Air Contractors, Chicago, IL 60613",Worker killed in fall through floor hole.,Fatality,,,,,,,,,,,,,,
9/3/2014,"Technical Logistics Corp., Clinton Township, MI 48036",Worker electrocuted when dumpster box on truck bed contacted overhead power line.,Fatality,,,,,,,,,,,,,,
9/2/2014,"ABT Electric San Jose, CA  95134",Worker killed in fall from ladder.,Fatality,,,,,,,,,,,,,,
9/2/2014,"California Accident RJ, Los Angeles, CA 90013",Worker killed in fall when temporary flooring collapsed.,Fatality,,,,,,,,,,,,,,
9/2/2014,"Croce Builders, Cranford, NJ 07016",Worker killed in fall from roof.,Fatality,,,,,,,,,,,,,,
9/2/2014,"Mencarini Brothers Vineyard Stockton, CA 95242                            ",Worker killed when truck went over embankment.,Fatality,,,,,,,,,,,,,,
9/2/2014,"Randy Rogers, Garland, TX 75040",Worker electrocuted when truck-mounted aerial lift contacted overhead power line.,Fatality,,,,,,,,,,,,,,
9/2/2014,"Slip & Structural Concrete, Inc.  Warsaw, NC 28398",Worker struck and killed by falling roof panel.,Fatality,,,,,,,,,,,,,,
9/2/2014,"West Texas Bull Dog Oil Field Services LLC, McCamey, TX 79752",Worker struck and killed by falling flare stack.,Fatality,,,,,,,,,,,,,,
9/1/2014,"Montauk Marine Basin Inc., Montauk, NY 11954",Owner drowned after falling from dock.,Fatality,,,,,,,,,,,,,,
9/1/2014,"Sharpe Holdings, La Belle, MO 63447",Worker killed in fall from stepladder.,Fatality,,,,,,,,,,,,,,
8/31/2014,"Shinn & Son Inc., Toppenish, WA 98948",Worker fatally crushed between tractor and trailer.,Fatality,,,,,,,,,,,,,,
8/30/2014,"Lancaster Inc., Christiansburg, VA 24068",Worker killed when forklift overturned.,Fatality,,,,,,,,,,,,,,
8/30/2014,"Lancaster Inc., Christiansburg, VA 24073",Worker struck and killed by forklift basket when the vehicle tipped over.,Fatality,,,,,,,,,,,,,,
8/30/2014,"Torres Towing Inc., Miami, FL 33147",Worker struck and killed by tow truck.,Fatality,,,,,,,,,,,,,,
8/29/2014,"Pegasus Land Surveyors Inc., Miramar, FL 33023",Worker struck and killed by motor vehicle.,Fatality,,,,,,,,,,,,,,
8/29/2014,"Ridge Andrews, Clovis, CA 93611",Worker fatally crushed by crossbars on skid steer.,Fatality,,,,,,,,,,,,,,
8/29/2014,"Root Brothers Farm, Albion, NY 14411",Migrant worker irrigating tomato field fatally crushed between two farm trucks.,Fatality,,,,,,,,,,,,,,
8/28/2014,"Big Jay Tree Service, Dedham, ME 04429",Worker in aerial lift struck and killed by falling tree.,Fatality,,,,,,,,,,,,,,
8/28/2014,"Enterprise Electrical Contracting Inc., Miami  FL 33147",Worker electrocuted by energized wire.,Fatality,,,,,,,,,,,,,,
8/28/2014,"European American Association, Chicago, IL 60625",Home help worker fatally stabbed.,Fatality,,,,,,,,,,,,,,
8/28/2014,"GreenLine Lawn and Landscape, New Castle, DE 19720",Worker fatally crushed between skid loader and dump truck.,Fatality,,,,,,,,,,,,,,
8/28/2014,"John Evans Company, West Valley City, UT 84120",Worker crushed by press frame.,Fatality,,,,,,,,,,,,,,
8/28/2014,"P. Moreno Trucking, Dallas, TX 75253",Worker killed in fall from hoist.,Fatality,,,,,,,,,,,,,,
8/28/2014,"Taylor Construction Inc., Georgetown, ID 83239",Two workers asphyxiated in oxygen-deficient manhole. ,Fatality,,,,,,,,,,,,,,
8/27/2014,"Creamer Sanzari A Joint Venture, Aberdeen, NJ 07747",Worker struck and killed by motor vehicle.,Fatality,,,,,,,,,,,,,,
8/27/2014,"Elite Medical Transport, Las Cruces, NM 88001",Fourworkers killed in plane crash while transportng patient.,Fatality,,,,,,,,,,,,,,
8/27/2014,"Westco Builders Inc., Jetersville, VA 23083",Worker electrocuted when crane contacted overhead power line.,Fatality,,,,,,,,,,,,,,
8/26/2014,"City of Camden DPW - Electrical Bureau, Camden, NJ 08103",Worker in bucket of work platform truck struck and killed  by tractor trailer.,Fatality,,,,,,,,,,,,,,
8/26/2014,"Katoen Natie Gulf Coast Inc., La Porte, TX 77571",Worker struck and killed by rail car.,Fatality,,,,,,,,,,,,,,
8/26/2014,"Langley Productions Inc., Omaha, NE 68131",Worker shot and killed while filming armed robbery.,Fatality,,,,,,,,,,,,,,
8/26/2014,"Midwest Underground Technology Inc., Chickasha, OK 73023",Two workers struck and killed by motor vehicle.,Fatality,,,,,,,,,,,,,,
8/25/2014,"Camp Industries Inc., Scottsdale, AZ 85254",Worker troubleshooting pump problem in sewage lift station killed by toxic atmosphere.,Fatality,,,,,,,,,,,,,,
8/25/2014,"Hawaii Logistics, LLC Honolulu, HI  96707",Worker fatally crushed between forklift and warehouse pallet rack.,Fatality,,,,,,,,,,,,,,
8/25/2014,"Hopkins Fabrication Service, Plainfield, CT 06374",Worker struck and killed by rail car.,Fatality,,,,,,,,,,,,,,
8/25/2014,"John Crowley Inc., Jackson, MI 49204",Worker fatally crushed by metal guard being fabricated by shot blast machine.,Fatality,,,,,,,,,,,,,,
8/25/2014,"R&S Firearms, Inc. White Hills, AZ 86445",Worker fatally shot while giving firing instructions.,Fatality,,,,,,,,,,,,,,
8/25/2014,"Somatex Inc., Rumford, ME 04276",Worker killed in fall from bridge crane.,Fatality,,,,,,,,,,,,,,
8/25/2014,"Sutton Bay Golf LLC, Agar, SD 57520",Employer killed in ATV crash.,Fatality,,,,,,,,,,,,,,
8/25/2014,"Total Metal Recycling Inc., Granite City, IL 62040",Two workers killed in explosion of stored mortar shells and mines.,Fatality,,,,,,,,,,,,,,
8/25/2014,"Urbana Tn Hwy Dept., Hammondsport, NY 14840",Worker electrocuted when dump truck contacted overhead power lines. ,Fatality,,,,,,,,,,,,,,
8/24/2014,"Boulevard Cadillac, Signal Hill, CA 90755",Worker fatally crushed when steel grate fell on him.,Fatality,,,,,,,,,,,,,,
8/23/2014,"Campeon Roofing and Waterproofing Inc., Franklin, OH 45005",Worker killed in fall from roof.,Fatality,,,,,,,,,,,,,,
8/23/2014,"Southwind Refrigeration Services Inc., Curtis Bay, MD 21226",Worker removing ceiling panels killed in fall.,Fatality,,,,,,,,,,,,,,
8/23/2014,"Southwind Refrigeration Services Inc., Millersville, MD 21122",Worker installing ceiling panels killed in fall.,Fatality,,,,,,,,,,,,,,
8/22/2014,"Benton County Highway Department, Fowler, IN 47944                        ",Worker struck and killed by tire that exploded during inflation.,Fatality,,,,,,,,,,,,,,
8/22/2014,"Charitable Services Company, Lagrange, GA 30241",Worker fatally injured by lawn mower.,Fatality,,,,,,,,,,,,,,
8/22/2014,"Payne Steel Erectors Incorporated, Memphis, TN 38108",Worker killed in fall from manlift.,Fatality,,,,,,,,,,,,,,
8/21/2014,"City of Campbellsville Fire Department,                  Campbellsville, KY 42718                   ",Two workers electrocuted after contacting overhead powerlines. ,Fatality,,,,,,,,,,,,,,
8/21/2014,"Cleveland Track Material, Cleveland, OH 44104",Worker killed when his clothes were caught in milling machine.,Fatality,,,,,,,,,,,,,,
8/21/2014,"David A Bramble Inc., Chestertown, MD 21620",Worker flagging traffic struck and killed by motor vehicle.,Fatality,,,,,,,,,,,,,,
8/21/2014,"David A. Bramble Inc., Chestertown, MD 21620",Worker conducting traffic flagging operations struck and killed by motor vehicle.,Fatality,,,,,,,,,,,,,,
8/21/2014,"Irish Acres Dairy LLC, Butler, IN 46721",Worker killed when tractor struck safety rail.,Fatality,,,,,,,,,,,,,,
8/21/2014,"Kirk Knauss Roofers, Silver Spring, MD 20910",Worker at residential construction site killed in fall from roof.,Fatality,,,,,,,,,,,,,,
8/21/2014,"Kirk Knauss Roofers, Silver Spring, MD 20910",Worker at residential construction site killed in fall from roof.,Fatality,,,,,,,,,,,,,,
8/21/2014,"Madden Bolt Corporation, Houston, TX 77040",Worker struck and killed by flying debris in explosion. ,Fatality,,,,,,,,,,,,,,
8/21/2014,"Palmer of Texas, Loco Hills, NM 88255                            ",Worker electrocuted when aerial lift contacted power line.,Fatality,,,,,,,,,,,,,,
8/21/2014,"Socotherm Gulf of Mexico LLC, Channelview, TX 77530",Worker died after being caught between pipe and cabinet.,Fatality,,,,,,,,,,,,,,
8/21/2014,"Woodruff & Sons Inc., Saint Petersburg, FL 33702",Heavy equipment operator crushed when roller overturned.,Fatality,,,,,,,,,,,,,,
8/20/2014,"Rayco Pumping Unit Service, Colorado, TX 79512",Two workers electrocuted after contacting overhead power lines.,Fatality,,,,,,,,,,,,,,
8/20/2014,"Success Valley Farms, Camarillo, CA 93010",Worker killed when tractor went into watershed ditch.,Fatality,,,,,,,,,,,,,,
8/20/2014,"WMAS Management LLC, Kilauea, HI 96754",Worker killed after becoming pinned under lawnmower.,Fatality,,,,,,,,,,,,,,
8/19/2014,"Integrity Texas Construction, North Richland Hills, TX 76180",Worker electrocuted while installing HVAC unit.,Fatality,,,,,,,,,,,,,,
8/18/2014,"Blooming Land & Turf Management Inc., Sarasota, FL 34233",Worker painting road struck and killed by truck.   ,Fatality,,,,,,,,,,,,,,
8/18/2014,"Chalk Mountain Services of Texas LLC, San Antonio, TX 78258",Worker fatally engulfed when stack of sand bags collapsed.,Fatality,,,,,,,,,,,,,,
8/18/2014,"Hunter Landscaping, La Puente, CA 91744",Worker struck and killed by vehicle.,Fatality,,,,,,,,,,,,,,
8/18/2014,"P & M Construction Inc., Watertown, NY 13601",Worker fataly crushed by metal lathe.,Fatality,,,,,,,,,,,,,,
8/17/2014,"""C"" Schlicht Plumbing Inc., Milwaukee, WI 53203",Owner killed in fall from step-ladder.,Fatality,,,,,,,,,,,,,,
8/17/2014,"Walmart, Kalispell, MT 59901",Worker killed in fall from ladder.,Fatality,,,,,,,,,,,,,,
8/16/2014,"Central Florida Equipment Rentals Inc., South Bay, FL 33493",Worker drowned when bulldozer became submerged in water hole.,Fatality,,,,,,,,,,,,,,
8/15/2014,"Car Finders of Maryland LLC, Eldersburg, MD 21784",Worker performing maintenance killed when vehicle fell from jack.,Fatality,,,,,,,,,,,,,,
8/15/2014,"DBA Car Finders of Maryland LLC, Eldersburg, MD 21784",Worker struck and killed by car that fell from jack stand.,Fatality,,,,,,,,,,,,,,
8/15/2014,"Home Depot USA Inc., Tampa, FL 33604",Worker killed in fall from step ladder.,Fatality,,,,,,,,,,,,,,
8/15/2014,"P A R Management, Provo, UT 84601",Worker electrocuted while conducting HVAC work.,Fatality,933255,,,,,,,,,,,,,
8/15/2014,"United States Elevator Inc., Atlantic City, NJ 08401",Worker performing maintenance on elevator roof fatally crushed by counterweights.,Fatality,,,,,,,,,,,,,,
8/14/2014,"Baboquivari Unified School District, Sells, AZ 85634",Landscaping worker struck and killed by lightning.,Fatality,,,,,,,,,,,,,,
8/14/2014,"Jimco Intergraded Services, Hamilton, MS 39746",Worker drowned in waste water pond after being pinned under dredge machine.,Fatality,,,,,,,,,,,,,,
8/13/2014,"Delco Trailers LLC, Sumner, TX 75486",Worker killed in explosion.,Fatality,,,,,,,,,,,,,,
8/13/2014,"Grigg Concrete, Springdale, AR 72762",Worker operating under trailer killed when axle fell.,Fatality,,,,,,,,,,,,,,
8/13/2014,"Intrepid Motorsports, Farmington, UT 84025",Worker crushed by vehicle while responding to track collision.,Fatality,,,,,,,,,,,,,,
8/13/2014,"NCDA&CS, NC Forest Service ? Tuttle Educational State Forest, Lenoir, NC 28645",Worker struck and killed by tree.,Fatality,,,,,,,,,,,,,,
8/13/2014,"Pacifica Resources, Nome, AK 99762",Worker died while conducting diving operations. ,Fatality,,,,,,,,,,,,,,
8/13/2014,"Precision Builders, Bethesda, OH 43719",Worker killed in fall from ceiling rafters.,Fatality,,,,,,,,,,,,,,
8/13/2014,"W.G. Biittner Masonry, Brookings, SD 57007",Worker killed in fall from scaffold.,Fatality,,,,,,,,,,,,,,
8/13/2014,"West Valley Aviation, Mendota, CA 93622",Worker killed when service truck rolled into canal.,Fatality,,,,,,,,,,,,,,
8/12/2014,"Boyd Brothers Contracting Inc., Tioga, TX 76271",Worker killed after contacting circular saw.,Fatality,,,,,,,,,,,,,,
8/12/2014,"Lonestar Management Inc., Pittsburg, KS 66762",Worker killed in fireworks storage container fire. ,Fatality,,,,,,,,,,,,,,
8/12/2014,"Orange County Transit Authority,  Anaheim, CA 92805",Worker killed in fall from bus stairs.,Fatality,,,,,,,,,,,,,,
8/12/2014,"Thunderhorse Mid-Stream Services LLC, Henderson, TX 75652",Worker killed in explosion when mulcher struck natural gas line.,Fatality,,,,,,,,,,,,,,
8/11/2014,"American Construction Northwest LLC,  Snoqualimie Pass, WA 98068",Worker killed in fall from ladder.,Fatality,,,,,,,,,,,,,,
8/11/2014,"Georgia Pacific, Crossett, AR 71635",Worler killed after becoming caught in paper rolling machine.  ,Fatality,,,,,,,,,,,,,,
8/11/2014,"Greengo Farms,   Brawley, CA 92227",Worker driving tractor killed in vehicle collision.,Fatality,,,,,,,,,,,,,,
8/11/2014,"Jose Construction Corp., Rockaway, NY 11691",Worker killed in fall from roof.,Fatality,,,,,,,,,,,,,,
8/11/2014,"Lawson Drayage Salinas, CA 93907",Worker fatally crushed when forklift tipped over.,Fatality,,,,,,,,,,,,,,
8/11/2014,"Metropolitan Waste Inc., Augusta, GA 30906",Worker killed when waste vehicle rolled off embankment.  ,Fatality,,,,,,,,,,,,,,
8/10/2014,"JRW and Company,  Encino, CA 91316",Worker electrocuted.,Fatality,,,,,,,,,,,,,,
8/10/2014,"Mike Sherwood, Stockton, IL 61085",Worker killed in fall from communications tower.,Fatality,,,,,,,,,,,,,,
8/9/2014,"Dale's Towing, Inc. Stoneville, NC 27048",Worker struck and killed by tractor trailer.,Fatality,,,,,,,,,,,,,,
8/9/2014,"S & S Treemasters Inc.,  Chandler, IN  47610                                            ",Worker struck and killed by log that rolled off truck.,Fatality,,,,,,,,,,,,,,
8/8/2014,"Banner Forest Resources P.C., Burnsville, NC 28714",Worker struck and killed by falling tree.,Fatality,,,,,,,,,,,,,,
8/8/2014,"Grayden Cedarworks, Junction, TX 76849",Worker killed in fall from manlift.,Fatality,,,,,,,,,,,,,,
8/8/2014,"Jose Martin Gardening Placenta, CA 92870",Landscape worker drowned in pool.,Fatality,,,,,,,,,,,,,,
8/8/2014,"Phoenix Rigging & Erecting, LLC, Austin, TX 78701",Worker struck and killed by broken slegehammer piece.,Fatality,,,,,,,,,,,,,,
8/8/2014,"Turinsky's Marina, Lakeside-Marblehead, OH 43440",Worker struck and killed by front-end loader.,Fatality,,,,,,,,,,,,,,
8/7/2014,"Lonestar Forklift Inc., Dallas, TX 75203",Worker crushed and killed when forklift jack slipped. ,Fatality,,,,,,,,,,,,,,
8/7/2014,"Neagley & Chase Construction, Williston, VT 05495",Three workers hospitalized in building collapse.,Catastrophe,,,,,,,,,,,,,,
8/7/2014,"Par Electrical Contractors Inc.,  Pomeroy, WA 99403",Worker killed when dump truck ran off road.,Fatality,,,,,,,,,,,,,,
8/7/2014,"SAIA Motor Freight Line, Saint Louis, MO 63147",Fourworkers hospitalized for burns from propane tank explosion.,Catastrophe,,,,,,,,,,,,,,
8/7/2014,"Superior Graphite Co., Hopkinsville, KY 42240",Worker killed in fall from roof.,Fatality,,,,,,,,,,,,,,
8/6/2014,"6ADT Demolition Services Inc., Houston, TX 77015",Worker fatally crushed by excavator bucket.,Fatality,,,,,,,,,,,,,,
8/6/2014,"C. M. Payne Hauling & Clearing  Arlington, VA 22207",Worker killed when log rolled on to him from truck.,Fatality,,,,,,,,,,,,,,
8/6/2014,"New Carlisle Fire Department, New Carlisle, IN 46552",Worker struck and killed by falling debris.,Fatality,,,,,,,,,,,,,,
8/6/2014,"Pro Steel Building, Village Mills, TX 77663",Three workers electrocuted when scaffold contacted power line.,Catastrophe,,,,,,,,,,,,,,
8/5/2014,"Air Mechanical, Ham Lake, MN 55304                        ",Worker died after being stung by wasp.,Fatality,,,,,,,,,,,,,,
8/5/2014,"Bombardier Transportation, Houston, TX 77032",Worker killed in fall from airport shuttle track.,Fatality,,,,,,,,,,,,,,
8/5/2014,"BRT Extrusions Inc., Niles, OH 44446",Worker killed after becoming caught in aluminum extrusion press. ,Fatality,,,,,,,,,,,,,,
8/5/2014,"Dalton Logistics Inc., Stanley, ND 58784",Worker fatally crushed by load on flatbed trailer.,Fatality,,,,,,,,,,,,,,
8/5/2014,"Hellman Electric Corp., Bronx, NY 10465",Worker fatally crushed by electrical panel.,Fatality,,,,,,,,,,,,,,
8/5/2014,"Midtown Tree, LLC   Indianapolis, IN 46220",Worker trimming trees struck and killed by branch.,Fatality,,,,,,,,,,,,,,
8/4/2014,"Arrow Materials Services, Elmendorf, TX 78112",Worker killed when utility vehicle flipped over.,Fatality,,,,,,,,,,,,,,
8/4/2014,"Inter Freight Inc., Carlisle, PA 17015",Worker fatally crushed between two tractor trailers.,Fatality,,,,,,,,,,,,,,
8/4/2014,"Mid-States Construction and Roofing Inc., Bleecher City, IL 62414","Worker killed in fall from roof. 
",Fatality,,,,,,,,,,,,,,
8/4/2014,"Negrete's Auto Service Inc., Bensalem, PA 19020",Worker performing maintenance killed when vehicle fell from jacks.  ,Fatality,,,,,,,,,,,,,,
8/4/2014,"Pilgrim's Pride Corporation, Nacogdoches, TX 75961",Worker electrocuted while installing new pump motor. ,Fatality,,,,,,,,,,,,,,
8/4/2014,"Shelby- County Highway Bartlett, TN 38133", Worker killed when mowing tractor rolled over.,Fatality,,,,,,,,,,,,,,
8/4/2014,"Shelby County, Bartlett, TN 38133",Worker killed when mowing tractor turned over. ,Fatality,,,,,,,,,,,,,,
8/4/2014,"Superior Steel Products Inc., Caldwell, ID 83605",Worker killed in fall from man basket.,Fatality,,,,,,,,,,,,,,
8/4/2014,"Total Highway Maintenance LLC, Grand Prairie, TX 75050",Worker killed in vehicle collision.,Fatality,,,,,,,,,,,,,,
8/4/2014,"Unicon, Inc. Federalsburg, MD 21632",Worker struck and killed by tractor trailer.,Fatality,,,,,,,,,,,,,,
8/4/2014,"Weyerhaeuser NR Company Grifton, NC  28530",Worker fatally crushed by forklift.  ,Fatality,,,,,,,,,,,,,,
8/2/2014,"Cereal Food Processors, Salt Lake City, UT 84101",Worker fatally crushed by freight elevator.,Fatality,,,,,,,,,,,,,,
8/2/2014,"Rebel Oil Co., Inc.  Las Vegas, NV 89115",Worker died from exposure to ethanol vapor in tanker rail car. ,Fatality,,,,,,,,,,,,,,
8/1/2014,"Pluchak Fab LLC, Marinette, WI 54143",Worker fatally crushed between basket of ariel lift and scissor lift.,Fatality,,,,,,,,,,,,,,
8/1/2014,"Richard Lancaster, Port Saint Joe, FL 32456",Worker electrocuted when fishing net contacted power line.,Fatality,,,,,,,,,,,,,,
8/1/2014,"Stone Kat Development Chandler, AZ 85225",Worker electrocuted while replacing light fixture ballast.,Fatality,,,,,,,,,,,,,,
7/31/2014,"Asplundh Tree Expert Company, Bickmore, WV 25019",Tree care worker electrocuted when power line contacted chain link fence.,Fatality,,,,,,,,,,,,,,
7/31/2014,"Ecology Auto Wrecking, Santa Fe Springs, CA 90670",Worker fatally crushed by heavy machinery.,Fatality,,,,,,,,,,,,,,
7/31/2014,"Lincoln County Human Services Panaca, NV 89042",Worker struck and killed by vehicle backing up.,Fatality,,,,,,,,,,,,,,
7/31/2014,"Lincoln County Human Services, Panaca, NV 89042",Worker struck and killed by truck backing up.  ,Fatality,,,,,,,,,,,,,,
7/31/2014,"Michael F. Ronca & Sons Inc., Barnesville, PA 18214",Worker performing flagging duties struck and killed by vehicle.,Fatality,,,,,,,,,,,,,,
7/31/2014,"Stark Transportation, Pipeline, and Oilfield Service Artesia, NM 88210",Worker struck and killed by pipe being unloaded from truck.,Fatality,,,,,,,,,,,,,,
7/31/2014,"Time Warner Cable, Arlington, TX 76011",Worker killed in fall from ladder.,Fatality,,,,,,,,,,,,,,
7/30/2014,"DBI Industries Inc., Port Charlotte, FL 33948",Worker struck and killed by vehicle.,Fatality,,,,,,,,,,,,,,
7/30/2014,"Diversified Field Services Inc./J&M Welding   Artesia, NM 88210",Worker asphyxiated by hydrogen sulfide from ruptured pipeline.,Fatality,,,,,,,,,,,,,,
7/30/2014,"Flyway Access LLC, Ocala, FL 34474",Worker killed in fall from bucket lift.,Fatality,,,,,,,,,,,,,,
7/30/2014,"Frank B. Whitcomb Construction Corp.  South Burlington, VT 05403",Worker struck and killed by oncoming traffic.,Fatality,,,,,,,,,,,,,,
7/30/2014,"South Beach Go-Karts, Inc.  Westport, WA 98595",Worker killed in fall.,Fatality,,,,,,,,,,,,,,
7/30/2014,"Sunwest Fruit Company, Fresno, CA 93648",Worker killed in vehicle collision.,Fatality,,,,,,,,,,,,,,
7/29/2014,"Footing Specialists of Concord, Inc., Waxhaw, NC 28179                           ",Worker run over and killed after falling off back of truck.,Fatality,,,,,,,,,,,,,,
7/29/2014,"Tandem Industries, LLC, Las Vegas, NV  89101        ",Worker killed by falling forklift part.,Fatality,,,,,,,,,,,,,,
7/29/2014,"Texas Parks & Wildlife Department, San Marcos, TX 78666",Worker asphyxiated by exhaust from gasoline-powered pump. ,Fatality,,,,,,,,,,,,,,
7/28/2014,"Accu-Fab & Construction Inc., Moss Point, MS 39563",Worker killed in tank explosion. ,Fatality,,,,,,,,,,,,,,
7/28/2014,"American Steel LLC, Garrett, IN 46738",Worker struck and killed by crane.,Fatality,,,,,,,,,,,,,,
7/28/2014,"Miller's Plumbing and Mechanical Incorporated, Tallahassee, FL 32306",Worker killed by fallen hoist.,Fatality,,,,,,,,,,,,,,
7/28/2014,"MP Systems, Inc., Frankin, MN 55333",Worker electrocuted by power line.,Fatality,,,,,,,,,,,,,,
7/28/2014,"Pro Crew Construction Co., Old Forge, PA 18518",Worker killed in fall.,Fatality,,,,,,,,,,,,,,
7/28/2014,"Sequoia Golf Holdings LLC, Stone Mountain, GA 30087",Worker killed when equipment rolled over him.,Fatality,,,,,,,,,,,,,,
7/27/2014,"Guichard Operating Company Inc., Port Arthur, TX 77642",Worker electrocuted by generator.,Fatality,,,,,,,,,,,,,,
7/27/2014,"PO Boys Plumbing Inc., Winder, GA 30680",Worker killed in fall down manhole.,Fatality,,,,,,,,,,,,,,
7/27/2014,"R&R Electrical Contractors Inc., Naperville, IL 60563",Worker electrocuted while installing lighting. ,Fatality,,,,,,,,,,,,,,
7/27/2014,"United Airlines, Atlanta, GA 30320",Worker struck and killed by vehicle hood knocked off by jet blast.,Fatality,,,,,,,,,,,,,,
7/26/2014,"Grenz Family Farm, Napoleon, ND 58561",Worker fatally engulfed after falling into grain bin. ,Fatality,,,,,,,,,,,,,,
7/26/2014,"Ocean Spray Cranberries, Inc., Henderson, NV  89011",Worker killed in fall through skylight.  ,Fatality,,,,,,,,,,,,,,
7/25/2014,"David Wisniewski II, Buffalo, NY 14207",Worker killed when automobile fell on him.,Fatality,,,,,,,,,,,,,,
7/25/2014,"Gutierrez Carpentry Gainesville, VA 20155",Worker killed in fall through floor opening.,Fatality,,,,,,,,,,,,,,
7/25/2014,"Miny Dom Co., Hialeah, FL 33014",Worker electrocuted after contacting live wire. ,Fatality,,,,,,,,,,,,,,
7/25/2014,"Packaging Corporation of America, Counce, TN  38326              ",Worker struck and killed by forklift.,Fatality,,,,,,,,,,,,,,
7/24/2014,"Absolute Finishing Systems LLC, Framingham, MA 01701",Worker died after falling from stairwell.,Fatality,,,,,,,,,,,,,,
7/24/2014,"Cherokee Development, Inc., Martinsville, IN 46451",Worker electrocuted when boom on truck contacted live wire.   ,Fatality,,,,,,,,,,,,,,
7/24/2014,"European Restorations Inc., Boston, MA 02116",Worker killed in fall from ladder.,Fatality,,,,,,,,,,,,,,
7/24/2014,"Fastrack Erectors, Kansas City, MO 64147",Worker killed in fall from roof.,Fatality,,,,,,,,,,,,,,
7/24/2014,"Fremont Brakes & Oil LLC, Fremont, OH 43420",Worker struck and killed by car engine radiator fan. ,Fatality,,,,,,,,,,,,,,
7/24/2014,"Georgia Pacific, Cedar Springs, GA 39832",Employee struck and killed by powered industrial truck.,Fatality,,,,,,,,,,,,,,
7/24/2014,"Joseph Escalera, Buffalo, NY 14204",Worker killed in fall from roof.,Fatality,,,,,,,,,,,,,,
7/24/2014,"Landmark Drilling LLC, Dighton, KS 67839",Worker struck and killed by metal tong arm that slipped loose while holding pipe.,Fatality,,,,,,,,,,,,,,
7/24/2014,"Miami Tile Deliveries Corp, Miami, FL 33177",Worker electrocuted when boom truck contacted overhead power lines.,Fatality,,,,,,,,,,,,,,
7/24/2014,"Tekton Co., Fort Bragg, NC 28310",Worker killed in trench cave-in.,Fatality,,,,,,,,,,,,,,
7/23/2014,"Applebee Avaiation, Inc., Chelan, WA 98816",Worker killed in helicopter crash.,Fatality,,,,,,,,,,,,,,
7/23/2014,"Camp Illiana, Washington, IN 47501",Worker struck and killed by tree limb.,Fatality,,,,,,,,,,,,,,
7/23/2014,"Cemex Brooksville Terminal Cement Plant, Brooksville, FL 34601",Worker killed after being pinned between front end loader and truck.,Fatality,,,,,,,,,,,,,,
7/23/2014,"Diversified Concrete Cutting, Inc., Boardman, OR 97818",Worker crushed by truck pulling rumble machine.,Fatality,,,,,,,,,,,,,,
7/23/2014,"Doug Hodgson Trucking, Inc., Gorman, CA 93243",Worker struck and killed by truck.,Fatality,,,,,,,,,,,,,,
7/23/2014,"Florida Safety Contractors Inc., Lakeland, FL 33801",Worker struck and killed by motor vehicle.,Fatality,,,,,,,,,,,,,,
7/23/2014,"Pascual Cortes Consultants, Sugar Land, TX 77479",Worker installing a light post electrocuted after contacting live wire. ,Fatality,,,,,,,,,,,,,,
7/23/2014,"Rob's Remodification, Renovations and Repairs, Tallahassee, FL 32310",Worker killed in fall from roof.  ,Fatality,,,,,,,,,,,,,,
7/23/2014,"Staten Industries LLC, Brookhaven, MS 39601",Worker killed in fall from scaffold.,Fatality,,,,,,,,,,,,,,
7/23/2014,"Sterling Boiler and Mechnical, Evansville, IN 47715",Worker killed in motor vehicle collision.,Fatality,,,,,,,,,,,,,,
7/23/2014,"Town of New Canaan DPW Highway Division  New Canaan, CT 06840",Worker struck and killed by motor vehicle.,Fatality,,,,,,,,,,,,,,
7/23/2014,"Well Built Quality Construction Company, Cherry Hill, NJ 08002",Worker installing roof killed in fall.,Fatality,,,,,,,,,,,,,,
7/22/2014,"Ace Pipeline Inc., Hannibal, OH 43931",Employee killed in motor vehicle collision.,Fatality,,,,,,,,,,,,,,
7/22/2014,"Ark Services LLC, Louisville, KY  40219             ",Worker killed in fall from elevated platform. ,Fatality,,,,,,,,,,,,,,
7/22/2014,"Klinger Constructors, Rio Rancho, NM 87124",Worker killed in fall from scaffold.,Fatality,,,,,,,,,,,,,,
7/22/2014,"Mar-Jim Contracting LLC, Kansas City, MO 64119",Worker killed in fall from bridge.,Fatality,,,,,,,,,,,,,,
7/22/2014,"New Enterprise Stone & Lime Company Inc., Alum Bank, PA 15521",Worker electrocuted when paving machine contacted overhead power line. ,Fatality,,,,,,,,,,,,,,
7/22/2014,"PAR Electrical Contractors Inc., Metamora, OH 43540",Worker electrocuted by high voltage power line.,Fatality,,,,,,,,,,,,,,
7/22/2014,"State of Oregon Department of Transportation, Echo, OR 97826",Worker backed over by machinery.,Fatality,,,,,,,,,,,,,,
7/22/2014,"Vance Brothers Inc., Hutchinson, KS 67501",Worker struck and killed by trash truck. ,Fatality,,,,,,,,,,,,,,
7/21/2014,"Evergreen Erectors, Inc., Bellevue, WA 98007",Worker killed in fall through floor opening.,Fatality,,,,,,,,,,,,,,
7/21/2014,"Josten Concrete Products Company Inc., Sioux Falls, SD 57105",Worker struck and killed by falling manhole cover.,Fatality,,,,,,,,,,,,,,
7/21/2014,"Overflow Energy, Booker, TX 79005",Worker struck and killed by motor vehicle.,Fatality,,,,,,,,,,,,,,
7/21/2014,"Paper Transport, Kansas City, MO 64161",Worker struck and killed by load that fell from truck storage area.,Fatality,,,,,,,,,,,,,,
7/21/2014,"Structural Prestressed Industries Inc., Fort Lauderdale, FL 33301",Worker struck and killed by concrete joist.,Fatality,,,,,,,,,,,,,,
7/20/2014,"Fervas Construction, LLC Ashburn, VA 20148",Worker killed in fall through rooftop exhaust.  ,Fatality,,,,,,,,,,,,,,
7/20/2014,"Robert L. Lujan, Las Vegas, NV 89103",Worker struck and killed by motor vehicle. ,Fatality,,,,,,,,,,,,,,
7/18/2014,"Rain-Man Guttering Inc., Lawrence, KS 66044",Worker repairing gutter electrocuted after contacing power line.,Fatality,,,,,,,,,,,,,,
7/18/2014,"Troy Top Soil Co. Inc., Morrisonville, NY 12962",Worker crushed by load of  top soil from dump truck.,Fatality,,,,,,,,,,,,,,
7/17/2014,"1856 Nolan SBander Inc., Philadelphia, PA 19138",Worker killed in fall when ladder jack scaffold collapsed.,Fatality,,,,,,,,,,,,,,
7/17/2014,"325 Emerson Street , Pittsburg, PA 15206",Worker waxing floor killed after slipping and striking his head.,Fatality,,,,,,,,,,,,,,
7/17/2014,"Avant Datacomm Solutions Inc., Denver, CO 80236",Worker killed in fall from ladder at construction site.,Fatality,,,,,,,,,,,,,,
7/17/2014,"Five Star Plastering, Hartman Way-Canoga Park, CA 92691",Worker electrocuted after contacting energized line.,Fatality,,,,,,,,,,,,,,
7/17/2014,"Integrity First Refrigeration & A/C Services Inc., Saint Augustine, FL 32080",Worker electrocuted while wiring motor.,Fatality,,,,,,,,,,,,,,
7/17/2014,"Jones Plastic & Engineering Company LLC, Camden, TN 38320                       ",Worker struck and killed by jack while working on forklift. ,Fatality,,,,,,,,,,,,,,
7/17/2014,"Malecek Construction Inc., Imperial, MO 63052",Working struck and killed by structural beam.,Fatality,,,,,,,,,,,,,,
7/17/2014,"Star of the West, Kent, OH 44240",Worker struck and killed by motor vehicle.,Fatality,,,,,,,,,,,,,,
7/17/2014,"Van Kirk Sand and Gravel Inc., Holdrege, NE 68949",Working struck and killed by bucket that fell from excavator.,Fatality,,,,,,,,,,,,,,
7/16/2014,"Builders in Action, Sarasota, FL 34231",Worker struck and killed by lightning. ,Fatality,,,,,,,,,,,,,,
7/16/2014,"Dish Network, Tulsa, OK 74116",Worker killed in motor vehicle collision. ,Fatality,,,,,,,,,,,,,,
7/16/2014,"Maddens on Gull Lake, Brainerd, MN 56401",Worker died from bee sting.,Fatality,,,,,,,,,,,,,,
7/16/2014,"Titan Electric Co Inc., Louisville, KY 40213",Worker killed in fall down unguarded elevator shaft.,Fatality,,,,,,,,,,,,,,
7/16/2014,"Utility Trailer Manufacturing Co., Clearfield, UT  84015",Worker died after falling onto powered hand tool drill bit.,Fatality,,,,,,,,,,,,,,
7/15/2014,"Hi-Tex Inc., Kings Mountain, NC 28086                                           ",Worker died after falling and hitting cross beam.,Fatality,,,,,,,,,,,,,,
7/15/2014,"Iron Tree Solutions, Williams, CA 95987",Worker struck and killed by flying part.,Fatality,,,,,,,,,,,,,,
7/15/2014,"JBB Property, LLC, Richmond, VA 23219",Worker died after falling against granite curb.  ,Fatality,,,,,,,,,,,,,,
7/15/2014,"Paul Doyle dba Paul Doyle, New Boston, TX 75570",Worker run over and killed by truck.,Fatality,,,,,,,,,,,,,,
7/15/2014,"Winlup Painting Inc., Santa Monica, CA 90803",Worker electrocuted when boom lift contacted high voltage line.,Fatality,,,,,,,,,,,,,,
7/14/2014,"H&M Signs Inc., Springfield, VA 22150",Worker installing signs electrocuted by arc from live junction box.,Fatality,,,,,,,,,,,,,,
7/14/2014,"Javier Galindez Landscaper, Laguna Beach, CA 92651",Worker drowned after falling into swimming pool.,Fatality,,,,,,,,,,,,,,
7/14/2014,"Kilgore Industries LP, Houston, TX 77064",Worker electrocuted during remodeling work.,Fatality,,,,,,,,,,,,,,
7/14/2014,"Red Rock Siding and Home Improvement LLC, Iowa City, IA 52245",Worker killed in fall from elevated scaffold platform.,Fatality,,,,,,,,,,,,,,
7/14/2014,"Southeastern Construction and Maintenance Inc., Tampa, FL 33619",Worker killed in fall from catwalk.,Fatality,,,,,,,,,,,,,,
7/14/2014,"SPD Transfer Services LC, Kansas City, KS 66101",Worker suffocated after falling into open-top rail car full of grain.,Fatality,,,,,,,,,,,,,,
7/13/2014,"AEE Planta Central San Juan San Juan, PR 00920",One worker killed and three hospitalized after explosion. ,Fatality,,,,,,,,,,,,,,
7/12/2014,"Krystal Night Limousine Service, Elizabeth, NJ 07201",Worker crushed by vehicle when floor jack gave way.,Fatality,,,,,,,,,,,,,,
7/11/2014,"Hale's Tires, Denver City, TX 79323",Worker struck and killed by exploding tire.,Fatality,,,,,,,,,,,,,,
7/11/2014,"New Horizon Contracting, Yucaipa, CA 92399",Worker died from heat stress while performing asbestos remediation.,Fatality,,,,,,,,,,,,,,
7/11/2014,"Ramirez Roofing, North Plainfield, NJ 07060",Company owner killed in fall from ladder. ,Fatality,,,,,,,,,,,,,,
7/11/2014,"Suntec Concrete Inc., Mesa, AZ 85142",Worker struck and killed by forklift attachment.,Fatality,,,,,,,,,,,,,,
7/10/2014,"Desert Springs Church, Palm Desert, CA 92260",Worker killed after falling and hitting head on floor.,Fatality,,,,,,,,,,,,,,
7/10/2014,"Duran Murphy, Cincinnati, OH 45212",Worker painting residential structure killed in fall from scaffold.,Fatality,,,,,,,,,,,,,,
7/10/2014,"EDRS Inc., Haltom City, TX 76117",Worker performing demolition crushed by falling debris.,Fatality,,,,,,,,,,,,,,
7/10/2014,"Four S & J Incorporated, Black Oak, AR 72414",Worker died from fall inside grain storage bin. ,Fatality,,,,,,,,,,,,,,
7/10/2014,"R L Wells Logging, Benton, IL 62812",Worker struck and killed by falling tree.,Fatality,,,,,,,,,,,,,,
7/10/2014,"Superior Casing, Kremlin, OK 73753",Worker struck and killed by suspended pipe. ,Fatality,,,,,,,,,,,,,,
7/9/2014,"At-Pac Scaffold Services Inc., Marietta, GA 30066",Worker crushed when forklift overturned.,Fatality,,,,,,,,,,,,,,
7/9/2014,"Commercial Tire of Louisiana Inc., Convent, LA 70723",Worker struck and killed by exploding tractor tire.,Fatality,,,,,,,,,,,,,,
7/9/2014,"Diversified Metalworkers, Pasadena, CA 91101",Worker killed in fall through floor opening.,Fatality,,,,,,,,,,,,,,
7/8/2014,"Canam Steel Corporation, Point of Rocks, MD  21777",Worker crushed between metal coils while loading them on rack.,Fatality,,,,,,,,,,,,,,
7/8/2014,"Double RB Services LLC, McIntosh, AL 36553",Worker killed in fall from ladder.,Fatality,,,,,,,,,,,,,,
7/8/2014,"East Mississippi Electric Power Association, Ethel, MS 39067",Worker electrocuted after contacting energized power line.,Fatality,,,,,,,,,,,,,,
7/7/2014,"Design Landscape Management Inc., Longwood, FL 32750",Worker drowned when lawn mower flipped over into pond.,Fatality,,,,,,,,,,,,,,
7/7/2014,"Don Van Horn, Aurora, IL 60505",Worker electrocuted after contacting an electrical service drop.,Fatality,,,,,,,,,,,,,,
7/7/2014,"Lynch Tree Service, Nolensville, TN 37135",Worker struck and killed by falling tree.  ,Fatality,,,,,,,,,,,,,,
7/7/2014,"Pacific Topsails Inc., Duvall, WA 98019",Worker caught and crushed by auger.,Fatality,,,,,,,,,,,,,,
7/6/2014,"City of Newport Beach, Newport Beach, CA ",Worker drowned during rescue attempt.,Fatality,,,,,,,,,,,,,,
7/6/2014,"Kellogg Company, Augusta, GA 30906",Worker killed in fall from ladder. ,Fatality,,,,,,,,,,,,,,
7/6/2014,"Korean Air, Seattle, WA 98158",Worker died from injuries suffered during altercation with coworker.,Fatality,,,,,,,,,,,,,,
7/5/2014,"Charter Communications, Woodland, GA 31836",Worker killed when vehicle ran off roadway.,Fatality,,,,,,,,,,,,,,
7/3/2014,"Brewer Services, State College, PA 16803",Worker on ladder electrocuted after contacting power lines.,Fatality,,,,,,,,,,,,,,
7/3/2014,"Dorsett Trucking Incorporated, Phoenix, AZ 85001                          ",Worker struck and killed by steel pole that rolled off truck.,Fatality,,,,,,,,,,,,,,
7/3/2014,"Florida Southern Roofing & Sheet Metal Inc., Sarasota, FL ",Worker killed in fall from truck tailgate.,Fatality,,,,,,,,,,,,,,
7/3/2014,"Fortune Wireless Inc., Cynthiana, KY 41031               ",Worker struck and killed by a falling boom winch cable. ,Fatality,,,,,,,,,,,,,,
7/3/2014,"Heart Land Drilling Inc., San Angelo, TX 76901",Worker killed in fall from derrick platform.,Fatality,,,,,,,,,,,,,,
7/3/2014,"Holt's Heavy Hauling Inc., Humble, TX 77338",Worker acting as spotter struck and killed by tractor trailer.,Fatality,,,,,,,,,,,,,,
7/3/2014,"NYCHRA, Brooklyn, NY 11201",Worker struck and killed by bus.,Fatality,,,,,,,,,,,,,,
7/2/2014,"ABQ Auto Salvage & Recycling, Gamerco, NM 87317",Worker struck and killed by forklift.,Fatality,,,,,,,,,,,,,,
7/2/2014,"Chickies Creek Farm LLC, Mount Joy, PA 17552",Establishment owner electrocuted by conveyer.,Fatality,,,,,,,,,,,,,,
7/2/2014,"Federal Express Corp, Memphis, TN 38116",Worker crushed under an aircraft freight loader. ,Fatality,,,,,,,,,,,,,,
7/2/2014,"GM Plant, Marion, IN 46952",One worker killed and five hospitalized in automotive plant exlposion.,Fatality,,,,,,,,,,,,,,
7/2/2014,"Koch Foods LLC, Morristown, TN 37814 ",Worker electrocuted when the boom of truck contacted a power line.,Fatality,,,,,,,,,,,,,,
7/2/2014,"Monahans Nipple-Up Service, Monahans, TX 79756",Worker killed in vehicle collision.,Fatality,,,,,,,,,,,,,,
7/2/2014,"Sadler's Home Improvements Inc., Baltimore, MD 21205",Worker killed in fall from extension ladder.,Fatality,,,,,,,,,,,,,,
7/2/2014,"South Florida Container Terminal LLC, Miami, FL 33132",Worker struck and killed by cargo container.,Fatality,,,,,,,,,,,,,,
7/1/2014,"Charles Bowlin (DBA AllSystems Roofing), Kexington, KY 40533",Worker killed in fall from roof.,Fatality,,,,,,,,,,,,,,
7/1/2014,"Collins Brothers Towing of St. Cloud, St. Joseph, MN 56377",Worker struck and killed by vehicle.,Fatality,,,,,,,,,,,,,,
7/1/2014,"Townsend Corporation, McArthur, OH 45651",Landscape worker struck and killed by car.,Fatality,,,,,,,,,,,,,,
6/30/2014,"Constantine Andrioaie, Little Rock, AR 72223",Worker killed in fall from scaffold.,Fatality,,,,,,,,,,,,,,
6/30/2014,"Intermec Technologies Corp., Cedar Rapids, IA 52401",Worker struck and killed by collapsing wall.ÿ ,Fatality,,,,,,,,,,,,,,
6/30/2014,"Menard Inc., Eau Claire, WI 54703",Worker killed in fall.,Fatality,,,,,,,,,,,,,,
6/30/2014,"Novelis Corporation, Oswego, NY 13126",Worker struck and killed by falling aluminum blocks.,Fatality,,,,,,,,,,,,,,
6/30/2014,"Payne Landscaping, Detroit, MI 48224",Landscape worker died from heat stress.,Fatality,,,,,,,,,,,,,,
6/30/2014,"Penn Truck Leasing, Bloomsburg, PA 17815",Worker killed in motor vehicle collision.,Fatality,,,,,,,,,,,,,,
6/30/2014,"Three Rivers Cutting Inc., Corbin, KY 40701",Worker struck and killed by wrench while dismantling  locomotive engine. ,Fatality,,,,,,,,,,,,,,
6/28/2014,"Impulse Electric, Midland, TX 79705",Worker electrocuted while repairing mud agitator.,Fatality,,,,,,,,,,,,,,
6/28/2014,"Southern Electrical Contractors Inc., Sutton, WV 26601",Worker electrocuted by electrical panel.,Fatality,,,,,,,,,,,,,,
6/27/2014,"AA Container and Reload, Minneapolis, MN 55412",Worker struck and killed by pallet of plywood.,Fatality,,,,,,,,,,,,,,
6/27/2014,"Grand Rapids Plastics Inc., Wyoming, MI 49548 ",Worker crushed inside plastic injection mold press.,Fatality,,,,,,,,,,,,,,
6/27/2014,"I&C Earthmovers Corp, Hallandale Beach, FL 33009",Worker died after falling into exaction hole.,Fatality,,,,,,,,,,,,,,
6/27/2014,"Rick Robertson Logging Inc., Williams, OR 97544",Worker struck and killed by tractor.,Fatality,,,,,,,,,,,,,,
6/26/2014,"John W. Danforth Company, Malta, NY 12020",Worker crushed by air handling unit.,Fatality,,,,,,,,,,,,,,
6/26/2014,"Tate & Lyle Grain Inc., Heyworth, IL 61745",Worker killed when tractor rolled over. ,Fatality,,,,,,,,,,,,,,
6/25/2014,"Capitol City Patrol, Sacramento, CA 95824",Worker killed during robbery.,Fatality,,,,,,,,,,,,,,
6/25/2014,"Crown Equipment, Joliet, IL 60431",Worker killed in vehicle collision.,Fatality,,,,,,,,,,,,,,
6/25/2014,"Delta Electric Company, Jacksonville, FL 32259",Worker electrocuted by commercial light fixture.,Fatality,,,,,,,,,,,,,,
6/25/2014,"Golden Canopy Tree Service, Minnetonka, MN 55345",Worker trimming trees electrocuted after contacting power line.,Fatality,,,,,,,,,,,,,,
6/25/2014,"J A Farms Inc., Delta, UT 84624",Worker killed after being pulled into the auger of a feed machine.,Fatality,,,,,,,,,,,,,,
6/25/2014,"Lloyd D. Nabors Demolition LLC, Irving, TX 75063",Worker struck and killed by falling structure during demolition.,Fatality,,,,,,,,,,,,,,
6/25/2014,"Royce C. Bone, Nashville, NC  27856",Agricultural worker struck and killed by bus transporting workers to fields.,Fatality,,,,,,,,,,,,,,
6/25/2014,"Southwest Research Institute, San Antonio, TX 78228",Worker killed when combustion unit exploded. ,Fatality,,,,,,,,,,,,,,
6/25/2014,"Space Exploration, McGregor, TX 76657",Worker killed in fall from trailer.,Fatality,,,,,,,,,,,,,,
6/25/2014,"Toby Tours and Travel Inc., Louisville, KY 40229",Worker killed in motor vehicle collision.,Fatality,,,,,,,,,,,,,,
6/24/2014,"Agridyne LLC, Pekin, IL 61554",Two workers cleaning railcar tanker died after being exposed to hazardous atmosphere.,Fatality,,,,,,,,,,,,,,
6/24/2014,"Chain Electric Company, Sandersville, GA 31082",Worker drowned when marsh buggy tipped over.,Fatality,,,,,,,,,,,,,,
6/24/2014,"Roger Hughes, DBA, Healdsburg, CA 95448                      ",Worker died from heat stress.  ,Fatality,,,,,,,,,,,,,,
6/24/2014,"Southeastern Sign Company Inc., Brandon, MS 39042",Worker electrocuted.,Fatality,,,,,,,,,,,,,,
6/24/2014,"The Meadows Golf Club, Littleton, CO 80127",Worker killed in tractor rollover. ,Fatality,,,,,,,,,,,,,,
6/24/2014,"Watco Companies LLC, Birmingham, AL 35207",Worker struck and killed by railcar.,Fatality,,,,,,,,,,,,,,
6/23/2014,"A Lamp Road Builders, Bolingbrook, IL 60440",Worker struck and killed by dump truck. ,Fatality,,,,,,,,,,,,,,
6/23/2014,"Brennan Electrical Contractors Inc.,  Troy, MI 48098",Worker on ladder electrocuted by power lines.,Fatality,,,,,,,,,,,,,,
6/23/2014,"El Todo Yonke Yard, Horizon City, TX 79928",Worker struck and killed by forklift.,Fatality,,,,,,,,,,,,,,
6/23/2014,"Gensco Inc., Tacoma, WA 98424",Worker killed when forklift tipped over.,Fatality,,,,,,,,,,,,,,
6/23/2014,"Mark L. Imel, Marianna, FL 32448",Woker killed in fall through roof.,Fatality,,,,,,,,,,,,,,
6/23/2014,"The Davey Tree Expert Company, Claysburg, PA 16625",Worker killed when utility task vehicle overturned. ,Fatality,,,,,,,,,,,,,,
6/23/2014,"Tree Techs Inc., Davie, FL 33328",Worker died after being pulled through wood chipper machine.,Fatality,,,,,,,,,,,,,,
6/23/2014,"Zimba Dairy Farm, Deford, MI 48729",Worker struck and killed by tire and rim.,Fatality,,,,,,,,,,,,,,
6/22/2014,"Diversified Well Logging, George West, TX 78022","Worker killed in vehicle collision.
",Fatality,,,,,,,,,,,,,,
6/21/2014,"Aracruz International Granite LLC, Phoenix, AZ 85009",Worker crushed under granite slabs that were pushed over by forklift.,Fatality,,,,,,,,,,,,,,
6/21/2014,"NYCDOS, Maspeth, NY 11378",Worker crushed between parked and moving vehicles.,Fatality,,,,,,,,,,,,,,
6/21/2014,"Pro-X Builders Inc., Litchfield, MN 55350",Worker killed in fall from barn under construction.,Fatality,,,,,,,,,,,,,,
6/20/2014,"BW Masonry Inc., Van, TX 75790",Mechanic died after being run over by tractor.,Fatality,,,,,,,,,,,,,,
6/20/2014,"Hempstead Tn Dept of Sanitation, Merrick, NY 11566",Worker crushed between sanitation vhehicles.,Fatality,,,,,,,,,,,,,,
6/20/2014,"Here-u-Lift Inc., Des Moines, IA 50313",Worker repairing a forklift was crushed and killed when the slid out.,Fatality,,,,,,,,,,,,,,
6/20/2014,"Kraemer Brothers General Contractor, Richland Center, WI 53581",Worker killed when masonry block fell from crane.,Fatality,,,,,,,,,,,,,,
6/20/2014,"Mancuso Contractors Inc., Cherry Hill, NJ 08002",Worker crushed by falling roof and cinder blocks.,Fatality,,,,,,,,,,,,,,
6/19/2014,"ANP Tire Service, Oakland, CA 94607",Worker struck and killed by falling compressor.,Fatality,,,,,,,,,,,,,,
6/19/2014,"Bishop's Palm Tree Trimming, El Paso, TX 79905",Worker died after falling from aerial lift. ,Fatality,,,,,,,,,,,,,,
6/19/2014,"Campbell Contract Cutting LLC, Junction City, OR 97448",Worker struck and killed by falling tree.,Fatality,,,,,,,,,,,,,,
6/19/2014,"Integrated Production Services, La Ruston, LA 71272",Twoworkers killed in oil and gas well explosion.,Fatality,,,,,,,,,,,,,,
6/19/2014,"J&M Bailing, Farmington, NM 87401",Worker killed when bailing equipment rolled over.,Fatality,,,,,,,,,,,,,,
6/19/2014,"Revlett Grain Farm, Island, KY 42350",Worker killed after becoming caught in auger.,Fatality,,,,,,,,,,,,,,
6/19/2014,"Sawtooth Enterprises LLC, Byers, CO 80103",Two painters died in fall from aerial lift.,Fatality,,,,,,,,,,,,,,
6/18/2014,"Entertainment Fireworks, Inc., Tenino, WA 98589",One worker killed and two hospitalized after fireworks explosion.,Fatality,,,,,,,,,,,,,,
6/18/2014,"Martenson Construction LLC, Flagstaff, AZ 86001",Worker killed in fall from scaffold.,Fatality,,,,,,,,,,,,,,
6/18/2014,"NYSOMH Mid-Hudson Forensic Psych Center, New Hampton, NY 10958",Worker died after being pinned under truck.,Fatality,,,,,,,,,,,,,,
6/18/2014,"S C Helton dba S C Helton Construction, Medon, TN  38356
                        ",Worker killed in fall from bucket lift.,Fatality,,,,,,,,,,,,,,
6/18/2014,"Surlean Foods, San Antonio, TX 78207",Worker struck and killed by motor vehicle.,Fatality,,,,,,,,,,,,,,
6/17/2014,"Double Dutch Dairy, Shelby, NE 68662",Worker struck and killed by front end loader.,Fatality,,,,,,,,,,,,,,
6/17/2014,"Frankfort Square Park District, Frankfort, IL  60423",Worker killed when mower overturned.  ,Fatality,,,,,,,,,,,,,,
6/17/2014,"Logan Custom Homes, LLC Sapphire, NC  28774",Worker killed in fall from ladder.,Fatality,,,,,,,,,,,,,,
6/17/2014,"Microwave Transmission Systems Inc., San Angelo, TX 76903",Worker died after falling from tower. ,Fatality,,,,,,,,,,,,,,
6/17/2014,"Modern Joa Trading Inc., Maspeth, NY 11378",Worker struck and killed by forklift counterbalance.,Fatality,,,,,,,,,,,,,,
6/17/2014,"Robertson Incorporated Bridge and Grading Division, Delta, MO 63744",Summer intern crushed by crane.,Fatality,,,,,,,,,,,,,,
6/17/2014,"Specialized Roofing & Contracting Inc., Orlando, FL 32812",Worker killed in fall from roof.,Fatality,,,,,,,,,,,,,,
6/17/2014,"The Bridges Brothers Trucking Company, Columbus, OH 43219",Worker repairing truck killed when transmission fell on him.,Fatality,,,,,,,,,,,,,,
6/16/2014,"Buddy Segura Masonry, Battle Mountain, NV 89820",Worker killed in fall from scaffold.  ,Fatality,,,,,,,,,,,,,,
6/16/2014,"Doepke Farm, Wilton, ND 58579",Worker died after being engulfed by corn in grain bin.,Fatality,,,,,,,,,,,,,,
6/16/2014,"DTE Energy Company, Detroit, MI 48226",Worker electrocuted by transformer.,Fatality,,,,,,,,,,,,,,
6/16/2014,"Eli's Tree Service Company LLC, Parkville, MO 64152",Worker electrocuted when his climbing harness contacted power line.,Fatality,,,,,,,,,,,,,,
6/14/2014,"Jobe Materials LP, Canutillo, TX 79835",Worker asphyxiated after entering an asphalt tank to clean it.,Fatality,,,,,,,,,,,,,,
6/13/2014,"Blue Basket Farms, Milton, FL 32570",Worker died after being struck by lightning.,Fatality,,,,,,,,,,,,,,
6/13/2014,"Contek Construction LLC, Suwanee, GA 30024",Worker performing welding work killed in fall through unguarded sky light. ,Fatality,,,,,,,,,,,,,,
6/13/2014,"Fortner Logging LLC, Logan, WV 25601",Worker struck and killed by spring pole while cutting trees.,Fatality,,,,,,,,,,,,,,
6/13/2014,"Healy Electric & Controls, Point Mugu, CA 93042",Worker repairing a power line electrocuted after contacting an energized conductor.,Fatality,,,,,,,,,,,,,,
6/13/2014,"L&J Forestry Products, LLC, Whitehall, MI 48461",Worker struck and killed by falling tree.,Fatality,,,,,,,,,,,,,,
6/13/2014,"SKJV, Indianapolis, IN 46204",Worker struck and killed while traveling through tunnel on train.,Fatality,,,,,,,,,,,,,,
6/12/2014,"D.L.S. Prestressed Inc., Hallandale, Beach, FL 33009",Worker crushed by crane that fell while traveling over uneven terrain.,Fatality,,,,,,,,,,,,,,
6/12/2014,"Nucor Steel - Berkeley Division Huger, SC 29450",Worker fatally crushed between a mold stand and frame.,Fatality,,,,,,,,,,,,,,
6/11/2014,"Bovard Studios, Fairfield, IA 52556",Worker killed in fall down stairs.,Fatality,,,,,,,,,,,,,,
6/11/2014,"Ceco Pipeline Service, Jeffersonville, KY 40337",Worker killed in motor vehicle collison.,Fatality,,,,,,,,,,,,,,
6/11/2014,"Cochise County Roofing and Referrals, LLC, Hereford, AZ 85615",Worker killed in fall from roof.,Fatality,,,,,,,,,,,,,,
6/11/2014,"La Vina Ranch, Madera, CA 93639",Worker struck and killed by motor vehicle.,Fatality,,,,,,,,,,,,,,
6/11/2014,"Trulite Glass and Aluminum Solutions, Las Vegas, Nevada 89106              ",Roof worker killed in fall through unprotected skylight. ,Fatality,,,,,,,,,,,,,,
6/10/2014,"A Great Northern A'Fair Ltd., Alamosa, CO 81101",Worker crushed under a carnival ride trailer when it detached from semi-truck. ,Fatality,,,,,,,,,,,,,,
6/10/2014,"Coastal Lawn Care Inc., Freeport, ME 04032",Worker struck and killed by hydraulic lift of a skid-steer.,Fatality,,,,,,,,,,,,,,
6/10/2014,"D. Construction Inc., Coal City, IL 60416",Worker struck and killed by the flywheel cover of a wood chipper.,Fatality,,,,,,,,,,,,,,
6/10/2014,"JBS USA LLC, Greeley, CO 80631",Worker killed after becoming caught in conveyor belt.,Fatality,,,,,,,,,,,,,,
6/10/2014,"MGM Grand, Las Vegas, NV 89109",Worker killed in fall through window after being struck by cart.,Fatality,,,,,,,,,,,,,,
6/10/2014,"One Grade, Inc., Mint Hill, NC  28227",Worker died after being pinned against trench wall by excavator.  ,Fatality,,,,,,,,,,,,,,
6/10/2014,"Pep Boys #209, Houston, TX 77037",Worker restocking an automotive part was killed in fall from a mobile work platform.,Fatality,,,,,,,,,,,,,,
6/10/2014,"Ric-Man International Inc., Weston, FL 33326",Worker performing diving operations drowned in excavation ditch.,Fatality,,,,,,,,,,,,,,
6/10/2014,"RT Roofing, LLC, San Juan, PR 00924",Worker placing metal sheet on roof was electrocuted after contacting power lines.,Fatality,,,,,,,,,,,,,,
6/10/2014,"Southern IL University - Carbondale, Carbondale, IL 62901",Worker killed in motor vehicle collision.,Fatality,,,,,,,,,,,,,,
6/10/2014,"Supervalu Inc., Indianola, MS 38751",Worker killed in fall from scissor lift.,Fatality,,,,,,,,,,,,,,
6/10/2014,"Ventra Belvidere LLC, Belvidere, IL 61008",Worker killed after being caught and crushed in automobile  assembly machine.,Fatality,,,,,,,,,,,,,,
6/9/2014,"Bob's Sanitation, Inc., Moab, UT 84532",Worker crushed by garbage truck tailgate.,Fatality,,,,,,,,,,,,,,
6/9/2014,"CMS Roofing West Columbia, SC 29170",Worker killed in fall from ladder.,Fatality,,,,,,,,,,,,,,
6/9/2014,"Heuer Construction, Muscatine, IA 52761",Worker putting air in tire struck and killed when tire ring blew off.,Fatality,,,,,,,,,,,,,,
6/9/2014,"Mark's Water Well Service, Andrews, TX 79714",Worker electrocuted when mast of a water service truck contacted a power line.,Fatality,,,,,,,,,,,,,,
6/9/2014,"Trees Inc., Meriden, CT 06451",Worker struck and killed by falling tree limb.,Fatality,,,,,,,,,,,,,,
6/8/2014,"Waste Management Inc., Cypress, TX 77433",Worker killed in fall from the back of refuse truck.,Fatality,,,,,,,,,,,,,,
6/7/2014,"Donaly Roofing and Construction Inc., Chicago, IL 60642",Worker killed in fall through roof hatch.,Fatality,,,,,,,,,,,,,,
6/7/2014,"Summit Point Motorsports Park, Summit Point, WV 25446",Worker killed in vehicle collsion.,Fatality,,,,,,,,,,,,,,
6/7/2014,"Worldwide Construction & Restoration Inc., Miami Beach, FL 33141",Worker electrocuted when aerial lift basket contacted overhead power line.,Fatality,,,,,,,,,,,,,,
6/6/2014,"Durst Brothers Dairy, Mantorville, MN 55955",Worker died after being pinned to ground by wing of pickup hay merger.,Fatality,,,,,,,,,,,,,,
6/6/2014,"Pit Stop Fuels, Portland, ME 04103",Worker was run over by vehicle while conducting repairs. ,Fatality,,,,,,,,,,,,,,
6/6/2014,"The Zimmerman Agency, De Beque, CO 81630",Worker killed in ATV collision.,Fatality,,,,,,,,,,,,,,
6/6/2014,"Velazquez Muffler Shop, Indianapolis, IN 46222",Worker struck and killed by hydraulic lift.,Fatality,,,,,,,,,,,,,,
6/5/2014,"Crist Roofing & Construction Inc., Hiram, GA 30141",Worker's crushed between arm and hydraulic lift of a bobcat  ,Fatality,,,,,,,,,,,,,,
6/5/2014,"Global Development, Newark, NJ 07112",Worker killed when excavator overturned.,Fatality,,,,,,,,,,,,,,
6/5/2014,"Hudson Elevator Group Inc., Sunnyside, NY 11104",Worker killed in fall down elevator shaft.,Fatality,,,,,,,,,,,,,,
6/4/2014,"D & D Drilling Co. & Exploration Inc., Vidalia, LA 71373",Worker electrocuted after stepping on electrical cable. ,Fatality,,,,,,,,,,,,,,
6/4/2014,"Marathon Electrical Contractors Inc., Mobile, AL 36615",Worker electrocuted while installing electrical box.,Fatality,,,,,,,,,,,,,,
6/4/2014,"Polyvel Inc., Hammonton, NJ 08037",Worker struck and killed by mixer lid.,Fatality,,,,,,,,,,,,,,
6/3/2014,"Montana Specialty Mills LLC, Great Falls,  MT 59404",Worker killed after falling into floor level auger.,Fatality,,,,,,,,,,,,,,
6/3/2014,"New Hope Community Inc., Loch Sheldrake, NY 12759",Worker killed when riding mower flipped over.,Fatality,,,,,,,,,,,,,,
6/3/2014,"Start Skydiving, Middletown, OH 45042",Worker struck and killed by moving propeller.,Fatality,,,,,,,,,,,,,,
6/2/2014,"California Erectors, Inc., Hanford, CA 93230",Steel worker died from heat stress.,Fatality,,,,,,,,,,,,,,
6/2/2014,"Clemson First Case Painting Salem, SC 29676",Worker killed in fall from ladder.,Fatality,,,,,,,,,,,,,,
6/2/2014,"Cottage Investors of Canton LLC, Canton, TX 75103",Worker electrocuted by recirculation pump. ,Fatality,,,,,,,,,,,,,,
6/2/2014,"Los Amigos Grocery & Meats, Tampa, FL 33605",Worker electrocuted while working on equipment.,Fatality,,,,,,,,,,,,,,
6/2/2014,"Peerless Steel, Saginaw, MI 48601",Worker crushed by steel.,Fatality,,,,,,,,,,,,,,
6/2/2014,"Projection One Inc., Miami Beach, FL 33140",Woker killed in fall from ladder.,Fatality,,,,,,,,,,,,,,
6/1/2014,"El Torito Restaurant, Manhattan Beach, CA 90266",Worker killed in fall from ladder.,Fatality,,,,,,,,,,,,,,
6/1/2014,"National Enclosure Company LLC, Cleveland, OH 44199",Worker killed in fall while trying to set glass. ,Fatality,,,,,,,,,,,,,,
5/31/2014,"Mercado Tree Service, Elk Grove, CA 95758",Worker died in fall while pruning a tree.,Fatality,,,,,,,,,,,,,,
5/30/2014,"Advanced Tree Service, Gainesville, FL 32608",Tree care worker killed in fall from boom bucket.,Fatality,,,,,,,,,,,,,,
5/30/2014,"Cogdall Construction Company, Inc., Fife, WA 98424",Worker killed when forklift overturned. ,Fatality,,,,,,,,,,,,,,
5/30/2014,"Disney Construction, Inc., Buringame, CA 94010",Two workers struck and killed by man basket that fell from a crane.,Fatality,,,,,,,,,,,,,,
5/30/2014,"FME Trucking, Brownfield, TX 79316",Worker died from exposure to hydrocarbons.,Fatality,,,,,,,,,,,,,,
5/30/2014,"Hector Tamez, Dallas, TX 75227",Owner crushed when the truck he was working on slipped off its support.,Fatality,,,,,,,,,,,,,,
5/30/2014,"IMC Steel Construction Inc., Jacksonville, FL 32221",Worker installing insulation material killed in fall from roof.,Fatality,,,,,,,,,,,,,,
5/30/2014,"King Construction Inc., Windsor, CT 06006",Worker installing a sewer line was crushed by bucket as it was lowered inside trench. ,Fatality,,,,,,,,,,,,,,
5/30/2014,"Restoration & Waterproofing Contractors Inc., Wichita, KS 67202",Worker crushed between freight elevator and floor. ,Fatality,,,,,,,,,,,,,,
5/30/2014,"Ri Li Construction Inc., Maplewood, NJ 07040",Worker struck and killed when excavated wall collapsed.,Fatality,,,,,,,,,,,,,,
5/30/2014,"Waste Management, Pontotoc, MS 38863",Worker at landfill struck and killed by vehicle.,Fatality,,,,,,,,,,,,,,
5/29/2014,"Fischer Farm, Black Creek, WI 54106",Worker died after being pinned under a tractor.,Fatality,,,,,,,,,,,,,,
5/29/2014,"Freehold Cartage Inc., Freehold, NJ 07728",Worker crushed by falling door of a vacuum storage tank. ,Fatality,,,,,,,,,,,,,,
5/29/2014,"Latite Roofing and Sheet Meet LLC, Pompano Beach, FL 33062",Roof worker struck and killed by lightning.,Fatality,,,,,,,,,,,,,,
5/29/2014,"NYSDSP Troop C, Binghamton, NY 13901     ",Worker struck and killed by motor vehicle. ,Fatality,,,,,,,,,,,,,,
5/29/2014,"Tides International Edgefield, SC 29824",Worker struck and killed by forklift.,Fatality,,,,,,,,,,,,,,
5/28/2014,"Alpine Ascents International, Ashford, WA 98304",Two alpineguides killed in avalanche.,Fatality,,,,,,,,,,,,,,
5/28/2014,"City of Garnavillo, Garnavillo, IA 52049",Worker killed after being pinned between a tractor mower and garage door.,Fatality,,,,,,,,,,,,,,
5/28/2014,"Espana Brothers Corporation, Philadelphia, PA 19104",Worker performing interior demolition electrocuted after contacting energized conductors.,Fatality,,,,,,,,,,,,,,
5/28/2014,"Scout Lake Construction, Inc., Mattawa, WA 99349",Two workers killed in dump truck collision. ,Fatality,,,,,,,,,,,,,,
5/28/2014,"Stockton Police Department, Stockton, CA 95207",Worker killed in motor vehicle collision.,Fatality,,,,,,,,,,,,,,
5/27/2014,"Alpha Baking Co. Inc., Chicago, IL 60639",Worker crushed when equipment arm rotated during reairs. ,Fatality,,,,,,,,,,,,,,
5/27/2014,"HBD/Thermoid, Inc., Salisbury, NC  28144                                  ",Worker killed after being pulled into commercial roller press.,Fatality,,,,,,,,,,,,,,
5/27/2014,"NJ Advance Construction LLC, Lakewood, NJ 08701",Worker crushed when bulldozer overturned.,Fatality,,,,,,,,,,,,,,
5/27/2014,"Stride Well Services, Gainesville, TX 76240",Two workers killed in a motor vehicle collision.  ,Fatality,,,,,,,,,,,,,,
5/24/2014,"Angel's AAA Electric LLC, Harlingen, TX 78550",Worker killed in  fall from a makeshift wooden platform.,Fatality,,,,,,,,,,,,,,
5/24/2014,"Mike's Testing & Salvage Inc., Chase, KS 67524",Worker killed in motor vehicle collision.,Fatality,,,,,,,,,,,,,,
5/23/2014,"City Glass and Upholstery, Inc., Tacoma, WA 98402",Worker struck and killed by motor vehicle while loading a work truck. ,Fatality,,,,,,,,,,,,,,
5/23/2014,"International Erectors Inc., Chicago, IL 60616",Worker struck and killed by a load of concrete that fell from the crane he was operating.,Fatality,,,,,,,,,,,,,,
5/23/2014,"Team Staffing Solutions, Muscatine, IA 52761",New worker killed after becoming trapped between steel bar and carriage of pallet machine.,Fatality,,,,,,,,,,,,,,
5/22/2014,"Contact Construction LLC, Washington, DC 20002",Worker killed when the walls of a foundation excavation collapsed. ,Fatality,,,,,,,,,,,,,,
5/22/2014,"Nuvo Construction Company Inc., Milwaukee, WI 53207",Worker killed after being caught between a material hopper and guardrail.,Fatality,,,,,,,,,,,,,,
5/22/2014,"Quapaw Co., Stillwater, OK 74078",Worke operating a box blade tractor killed in a collision with a semi tractor-trailer.,Fatality,,,,,,,,,,,,,,
5/22/2014,"United Parcel Service, Louisville, KY 40213",Worker killed in fall while transferring packages on to belt loader.,Fatality,,,,,,,,,,,,,,
5/21/2014,"ENB Logging & Construction, Inc., Boistfort, WA 98572",Worker struck and killed by skyline carriage as it was being lowered.,Fatality,,,,,,,,,,,,,,
5/20/2014,"Animal Health International, Memphis, TN 38118",Worker killed in fall from a cherry picker.,Fatality,,,,,,,,,,,,,,
5/20/2014,"Charland Construction Inc., Fort Lauderdale, FL 33304",Worker killed in fall from catwalk at construction site.,Fatality,,,,,,,,,,,,,,
5/20/2014,"Coamo Spring Resort Coamo, PR 00936",Worker killed in fall from lift basket.,Fatality,,,,,,,,,,,,,,
5/20/2014,"Codino's Limited Inc., Versailles, OH 45380",Worker died from fall into a dough extruder machine.,Fatality,,,,,,,,,,,,,,
5/20/2014,"Conco, San Mateo, CA 94401",Worker killed after falling from top of a wall.,Fatality,,,,,,,,,,,,,,
5/20/2014,"M.J. Electric, LLC, Dexter, IA 50010",Worker killed in fall from man basket.,Fatality,,,,,,,,,,,,,,
5/20/2014,"Mermaid Forest Products Inc., Kaukauna, WI 54130",Worker struck and killed by falling tree limb.,Fatality,,,,,,,,,,,,,,
5/20/2014,"Norco Corporation, Decatur, TX 76234",Worker was struck and killed by a forklift.,Fatality,,,,,,,,,,,,,,
5/19/2014,"GDC Construction (subsidiary of Crossing Place Transport), Arlington, VA 22101",Worker crushed and killed when the excavator he was operating fell over. ,Fatality,,,,,,,,,,,,,,
5/19/2014,"Johnson Brass & Machine Foundry Inc., Saukville, WI 53080",Four workers hospitalized for burns after being sprayed with molten metal.,Catastrophe,,,,,,,,,,,,,,
5/19/2014,"Mid-West Mfg LLC, Chicago Heights, IL 60411",Crane operator was struck and killed by payload while tranfering it from one cart to another.,Fatality,,,,,,,,,,,,,,
5/19/2014,"NYSDOCCS Groveland Correctional Facility, Sonyea, NY 14556",Four workers hospitalized after being exposed to smoke from overheated AC unit fan motor.,Catastrophe,,,,,,,,,,,,,,
5/18/2014,"Hard Rock Equipment Rentals, Riverside, CA 92879",Worker killed when the train bridge he was working on collapsed.,Fatality,,,,,,,,,,,,,,
5/17/2014,"(Establishment name not provided), Boonville, CA 95415",Worker struck and killed by a tree limb.,Fatality,,,,,,,,,,,,,,
5/17/2014,"Axiom Services LLC, Austin, TX 78745",Worker killed in fall from rooftop.,Fatality,,,,,,,,,,,,,,
5/17/2014,"Connor Logging, Sparta, WI 54656",Worker struck and killed by a falling tree.,Fatality,,,,,,,,,,,,,,
5/17/2014,"Kemper Construction, LLC, Carrollton, KY 41008",Worker killed when falling door knocked him into a cement plant mixer.,Fatality,,,,,,,,,,,,,,
5/17/2014,"US Postal Service, Gregory, SD 57533",Postal carrier was killed in a motor vehicle collision.,Fatality,,,,,,,,,,,,,,
5/16/2014,"Cliff's Trucking Inc., Clewiston, FL 33440",Worker crushed and killed when vibratory roller overturned.,Fatality,,,,,,,,,,,,,,
5/16/2014,"Powder Coating Services, Inc., Gastonia, NC  28052", Worker killed in fall through mezzanine opening.,Fatality,,,,,,,,,,,,,,
5/15/2014,"Gerdau Ameristeel US Inc., Knoxville, TN 37921",Workes were conducting blast furnace operations when an explosion ocurred. Six workers were hospitalized for third degree internal and external burns.,Catastrophe,,,,,,,,,,,,,,
5/15/2014,"Lee Tvedt Trucking, Inc., Bill, WY 82631",Worker struck and killed by trailer hitch.,Fatality,,,,,,,,,,,,,,
5/15/2014,"Optimum, Oakdale, NY 11769",Worker killed in fall from ladder.,Fatality,,,,,,,,,,,,,,
5/14/2014,"Liquid Transport Corp., Winchester, KY 40391",Worker was killed in fall from oil tanker truck.,Fatality,,,,,,,,,,,,,,
5/14/2014,"Rob Joe Materials LLC, Caddo, TX 76429",Worker struck and killed by truck.,Fatality,,,,,,,,,,,,,,
5/14/2014,"William Bernal, Houston, TX 77057",Worker died after being pinned between 18-wheeler trailer and loading dock.,Fatality,,,,,,,,,,,,,,
5/13/2014,"Daniel Tatum, Mountain Brook, AL 35253",Worker crushed and killed by falling safe.,Fatality,,,,,,,,,,,,,,
5/13/2014,"Gibney's Tree Expert, LLC Merritt Island, FL 32953",Worker was struck and killed by a tree limb. ,Fatality,,,,,,,,,,,,,,
5/12/2014,"Alford Logging Company, Bradyville, TN 37026",Worker struck and killed by a felled tree.,Fatality,,,,,,,,,,,,,,
5/12/2014,"Elite Storage Equipment Erectors Inc., McDonough, GA 30253",Warehouse worker killed in fall from scaffolding.,Fatality,,,,,,,,,,,,,,
5/12/2014,"JAG Construction LLC, Minot, ND 58703",Worker installing plywood sheathing killed in fall from a multi-story roof.  ,Fatality,,,,,,,,,,,,,,
5/12/2014,"Sutton Pump & Supply, New Philadelphia, OH 44663",Worker performing welding operations was killed in an oil tank explosion.,Fatality,,,,,,,,,,,,,,
5/11/2014,"Crane Service Inc., El Paso, TX 79901",Two workers assembling a crane struck and killed by a motor vehicle.,Fatality,,,,,,,,,,,,,,
5/11/2014,"Roman Urethane Corporation, Toughkenamon, PA 19374",Worker killed in fall through a roof skylight.,Fatality,,,,,,,,,,,,,,
5/11/2014,"Wooldridge Boats Inc., Seattle, WA 98178",Worker exposed to aluminum dust died from respiratory disease.,Fatality,,,,,,,,,,,,,,
5/10/2014,"Hillshire Brands Co., Zeeland, MI 49464",Worker cleaning conveyor was killed when glove became caught in the equipment.,Fatality,,,,,,,,,,,,,,
5/9/2014,"Reith Riley Construction, Indianapolis, IN 46259",Two workers  struck and killed by motor vehicle while picking up highway warning cones.,Fatality,,,,,,,,,,,,,,
5/8/2014,"Cal Ark Inc., Cotulla, TX 78014",Worker struck and killed by motor vehicle.,Fatality,,,,,,,,,,,,,,
5/8/2014,"Hawkins-Graves Inc., Lynchburg VA 24501",Worker struck and killed by metal shard.,Fatality,,,,,,,,,,,,,,
5/8/2014,"Infirmary Health System, Mobile, AL 36607",Worker struck and killed by fire extinguisher that discharged during inspection.,Fatality,,,,,,,,,,,,,,
5/7/2014,"Regions Bank, Cape Girardeau, MO 63703",Worker killed in fall down stairs. ,Fatality,,,,,,,,,,,,,,
5/7/2014,"Sign Service & Installations Inc. , Orlando, FL 32807",Worker killed in fall from man basket while erecting a sign. ,Fatality,,,,,,,,,,,,,,
5/6/2014,"Atlas Roofing Corporation, Ardmore, OK 73401",Worker performing reroofing was killed in fall through roof.  ,Fatality,,,,,,,,,,,,,,
5/6/2014,"Craftsmen On-Site Services LLC, Shawnee, KS 66227",Worker killed in fall from moving golf cart.,Fatality,,,,,,,,,,,,,,
5/6/2014,"Parchman Construction Company, Cumberland City, TN 37050","Worker died when truck fell off an embankment.  
",Fatality,,,,,,,,,,,,,,
5/6/2014,"Superior Graphite Co., Hopkinsville, KY 42240",Worker was struck and killed by a bag of graphite that fell from a forklift. ,Fatality,,,,,,,,,,,,,,
5/6/2014,"Tank Services LLC, Corona, CA 92882",One worker killed and another hospitalized when petroleum tank exploded during repairs.  ,Fatality,,,,,,,,,,,,,,
5/5/2014,"Cardinal Energy Services, Monahans, TX 79756",Worker killed in a motor vehicle collision. ,Fatality,,,,,,,,,,,,,,
5/5/2014,"CBT Services, Inc., Plymouth, NC 27962",Worker struck and killed by a pressurized hydraulic line that burst.,Fatality,,,,,,,,,,,,,,
5/5/2014,"Guyer Brothers Incorporated, Ursina, PA 15485",Worker crushed and killed by manhole frame.,Fatality,,,,,,,,,,,,,,
5/5/2014,"MCM Management Corp., Sparrows Point, MD 21219",Nine workers performing asbestos abatement were hospitalized after roof collapse.,Catastrophe,,,,,,,,,,,,,,
5/5/2014,"Renovo Services Inc., Pensacola, FL 32504",Worker was struck and killed by vehicle.  ,Fatality,,,,,,,,,,,,,,
5/4/2014,"Aggressive Transport, LTD USA, Spanaway, WA  98387",Worker died from injuries after falling from a trailer truck cab.,Fatality,,,,,,,,,,,,,,
5/4/2014,"Big M Transportation Inc., Counce, TN  38326",Worker crushed between trailers.,Fatality,,,,,,,,,,,,,,
5/4/2014,"Feld Entertainment Inc., Providence, RI 02903",Eight circus aerial performers hospitalized from fall when a carabiner failed.,Catastrophe,,,,,,,,,,,,,,
5/4/2014,"Further Diving Co., Port Angeles, WA 98362",Worker drowned while diving for clams.,Fatality,,,,,,,,,,,,,,
5/4/2014,"Millers General Repair, Clare, MI  48617",Worker killed after his shirt became caught in a lathe.,Fatality,,,,,,,,,,,,,,
5/3/2014,"Eagle View Farms LLC, Buhl, ID 83316",Worker killed when vehicle tipped over on top of him.,Fatality,,,,,,,,,,,,,,
5/3/2014,"S.M. Duggan Towing LLC, Ocala, FL 34470",Roadway worker struck and killed by vehicle.,Fatality,,,,,,,,,,,,,,
5/2/2014,"F & S Concrete, Keller, TX 76248",Worker struck and killed by a truck backing up.,Fatality,,,,,,,,,,,,,,
5/2/2014,"M and W Logistics, Hoover, AL 35216",Worker struck and killed by vehicle in road construction zone.,Fatality,,,,,,,,,,,,,,
5/2/2014,"Time Warner Cable Southeast, LLC, Charlotte, NC 28273                              ",Worker electrocuted when aerial lift contacted an overhead power line.,Fatality,,,,,,,,,,,,,,
5/2/2014,"True Blue Inc., Orlando, FL 32805",Worker struck and killed by dump truck.,Fatality,,,,,,,,,,,,,,
5/2/2014,"ZJ Falcon LP, Kermit, TX 79745",Worker killed in a vehicular collision.,Fatality,,,,,,,,,,,,,,
5/2/2014,"Z-Weldco Inc., Robesonia, PA 19551",Worker struck and killed by falling object while engaged in welding operations. ,Fatality,,,,,,,,,,,,,,
5/1/2014,"American Safety Services, Loco Hills, NM  88255",Worker servicing a well rig struck and killed by flooring when the cable supporting it broke. ,Fatality,,,,,,,,,,,,,,
5/1/2014,"Barnett's Towing, LLC, Sierra Vista, AZ 85635",Worker crushed between tow truck and trailer.,Fatality,,,,,,,,,,,,,,
5/1/2014,"Piiholo Ranch Zipline, Makawao, HI 96768",Worker died in fall from a zipline.,Fatality,,,,,,,,,,,,,,
4/30/2014,"AmeriFlow Energy Services LLC , Orla, TX 79770",Two workers killed when a sand separator exploded.,Fatality,,,,,,,,,,,,,,
4/30/2014,"Epics Plastics,  Lodi, CA 95240",Worker killed after falling into auger.,Fatality,,,,,,,,,,,,,,
4/30/2014,"Rule Steel Tanks Inc., Caldwell, ID 83605",Worker struck and killed by a piece of steel.,Fatality,,,,,,,,,,,,,,
4/30/2014,"SpartanNash, Cincinnati, OH 45242",Worker operatiing in loading dock area killed after being pinned  between wall and dock plate.,Fatality,,,,,,,,,,,,,,
4/29/2014,"Baxter Lumber Company, Deputy, IN 47230",Worker struck and killed by log.,Fatality,,,,,,,,,,,,,,
4/29/2014,"Compania de Parques Nacionales, Cabo Rojo, PR 00626",Worker inside a boom truck bucket was killed when the truck overturned.,Fatality,,,,,,,,,,,,,,
4/29/2014,"Gloucester Terminals LLC, Gloucester City, NJ 08030",Worker crushed under a ship's equipment elevator.,Fatality,,,,,,,,,,,,,,
4/29/2014,"Home Depot USA Inc., West Palm Beach, FL 33411",Worker rearranging shelves died after fall from ladder.,Fatality,,,,,,,,,,,,,,
4/29/2014,"Keep-It Storage,  Grass Valley, CA  95945",Worker killed in fall from scaffold.,Fatality,,,,,,,,,,,,,,
4/29/2014,"Werner Enterprises, Westley, CA 95387",Worker killed when vehicle rolled down embankment.,Fatality,,,,,,,,,,,,,,
4/29/2014,"Womble Company Inc., Houston, TX 77015",Worker died in fall from pipe rack.,Fatality,,,,,,,,,,,,,,
4/28/2014,"Bruening Rock Products Inc., Dubuque, IA 52003",Worker killed when dump truck rolled over.,Fatality,,,,,,,,,,,,,,
4/28/2014,"Milan Manufacture Inc., Hialeah Gardens, FL 33018",Worker crushed and kille by wood stock pile.,Fatality,,,,,,,,,,,,,,
4/28/2014,"Royal Palm Development Corp, Surf City, NC 28445",Worker killed when trackhoe flipped over.,Fatality,,,,,,,,,,,,,,
4/28/2014,"Science Applications International Corp., Coronado, CA 92178",Diver drowned while conducting sea lion training. ,Fatality,,,,,,,,,,,,,,
4/28/2014,"Traffic & Lighting Systems LLC, Tulsa, OK 74108",Two workers struck and killed by vehicle in a construction work zone.,Fatality,,,,,,,,,,,,,,
4/27/2014,"Wonton Food Corporation, Houston, TX 77004",Worker operating noodle making machine died after being trapped in tub.,Fatality,,,,,,,,,,,,,,
4/26/2014,"Appletown Construction, LLC, Flat Rock, NC 28731",Worker killed in fall.,Fatality,,,,,,,,,,,,,,
4/26/2014,"Georgia-Pacific LLC, Corrigan, TX 75939",Four workers hospitalized from exposure to explosion and fire.,Catastrophe,,,,,,,,,,,,,,
4/25/2014,"Bison Drilling & Field Services, Pecos, TX 79772",Worker struck and killed by falling catwalk.,Fatality,,,,,,,,,,,,,,
4/25/2014,"Sierra Chemical Company, Sparks, NV 89431",Worker killed when bulk container exploded during pressuring.,Fatality,,,,,,,,,,,,,,
4/25/2014,"Turner County Dairy, Parker, SD 57053",Worker died after being pinned in skid steer loader.,Fatality,,,,,,,,,,,,,,
4/25/2014,"Yerba Mala Landscaping, Inc., Mayaguez, PR 00681",Worker killed in fall from aerial lift after the basket was hit by a branch.,Fatality,,,,,,,,,,,,,,
4/25/2014,"Yuba City Unified School District, Yuba City, CA 95991",Worker killed in a truck collision.,Fatality,,,,,,,,,,,,,,
4/24/2014,"Charles Vernon Cowherd, Campbellsville, KY 42718",Worker killed in fall from ladder.,Fatality,,,,,,,,,,,,,,
4/24/2014,"Complete General Construction Company, Proctorville, OH 45669",Worker engulfed inside excavation.,Fatality,,,,,,,,,,,,,,
4/24/2014,"Illini FS, Tolono, IL 61880",Worker struck and killed by train.,Fatality,,,,,,,,,,,,,,
4/24/2014,"Jackson Concrete Pumping, Dubuque, IA 52003",Worker cleaning a conveyor belt was killed when his shirt sleeve got caught in the belt roller.,Fatality,,,,,,,,,,,,,,
4/24/2014,"Key Energy Services, Morrilton, AR 72110",Three workers hospitalized after rig was struck by lighting. ,Catastrophe,,,,,,,,,,,,,,
4/24/2014,"MBI Trucking, Chicago, IL 60633",Worker struck and killed by vehicle.,Fatality,,,,,,,,,,,,,,
4/23/2014,"Bullard Contracting, Queensbury, NY 12804",Worker killed in fall from tree.,Fatality,,,,,,,,,,,,,,
4/23/2014,"W R Derrick & Co.  Lexington, SC 29072   ",Worker installing duct work killed in fall from ladder.,Fatality,,,,,,,,,,,,,,
4/22/2014,"Department of Defense, Edgewood, MD 21040",Worker crushed by riding lawn mower.,Fatality,,,,,,,,,,,,,,
4/22/2014,"Infinity Maintenance Services LP, Point Comfort, TX 77978",Worker killed in fall from catwalk.,Fatality,,,,,,,,,,,,,,
4/22/2014,"NBC Oilfield Equipment Inc., Weimar, TX 78962",Three workers hospitalized when oil well separator exploded.,Catastrophe,,,,,,,,,,,,,,
4/22/2014,"Offshore Marina, Inc., Lake Powell, UT 84533",Worker performing welding was killed in explosion.,Fatality,,,,,,,,,,,,,,
4/22/2014,"The Sharp Companies d/b/a Volunteer Drywall, Rockwood, TN 37854",Worker killed after falling from scaffold.,Fatality,,,,,,,,,,,,,,
4/21/2014,"Crown Roofing LLC, Lakewood Ranch, FL 34202",Worker killed in fall from roof.,Fatality,,,,,,,,,,,,,,
4/21/2014,"Isla Restoration, South Padre Island, TX 78597",Worker killed in fall through skywalk.,Fatality,,,,,,,,,,,,,,
4/21/2014,"Medinilla Carpentry, LLC, Fishers, IN 46038",Worker died in fall from ladder.,Fatality,,,,,,,,,,,,,,
4/21/2014,"Southern Draw Dairy and Farm, Clovis, NM 88101    ",Worker crushed by wheel loader carrying bales of hay.,Fatality,,,,,,,,,,,,,,
4/21/2014,"Storage Room, Inc. dba Storage Castle, Honolulu, HI 96819",Worker strukc and killed by wall panels.,Fatality,,,,,,,,,,,,,,
4/21/2014,"Vonderhaar Farm, Camden, OH 45311",Worker crushed between tractor and concrete.,Fatality,,,,,,,,,,,,,,
4/20/2014,"Leslie County Fiscal Court Hyden, KY 41749",Worker died from E-Coli contamination after being sprayed by raw sewage from sewer line.,Fatality,,,,,,,,,,,,,,
4/20/2014,"Sidewinder Drilling, Rankin, TX 79778",Worker caught and crushed in drilling machine.,Fatality,,,,,,,,,,,,,,
4/18/2014,"Four Star Construction, DUMAS, TX 79029",Worker killed after being thrown from and struck by vehicle.,Fatality,,,,,,,,,,,,,,
4/17/2014,"Banes Roofing Inc., Norristown, PA 19401",Worker killed in roof fall.,Fatality,,,,,,,,,,,,,,
4/17/2014,"Hafenstine Construction Company, ALMA, KS 66401",Worker struck and killed by track hoe.,Fatality,,,,,,,,,,,,,,
4/17/2014,"Hermanos Grading, Inc. dba Ortega Construction, Corona, CA 92881",Worker fatally crushed by a loader machine.,Fatality,,,,,,,,,,,,,,
4/17/2014,"Juan Garcia, Bedford, TX 76021",Employee killed in fall from roof.,Fatality,,,,,,,,,,,,,,
4/17/2014,"Korum Automotive Group, Inc., Puyallup, WA 98371",Worker killed by speeding vehicle.,Fatality,,,,,,,,,,,,,,
4/17/2014,"Labor Ready Southeast Inc., Saint Augustine, FL 32084",Temporary worker killed in fall from sanitation truck.      ,Fatality,,,,,,,,,,,,,,
4/17/2014,"Madrid Drywall LLC, Mesquite, TX 75150",Worker installing ceiling tiles died in fall from scaffold.,Fatality,,,,,,,,,,,,,,
4/16/2014,"Evergreen Caissons Inc., Greeley, CO 80632",Employee killed in vehicle crash.,Fatality,,,,,,,,,,,,,,
4/16/2014,"Fricke Farm Service, Inc., Ruth, MI 48470",Worker killed in fall from a grain elevator catwalk.,Fatality,,,,,,,,,,,,,,
4/16/2014,"MAG Construction Group LLC, Orlando, FL 32808",Worker died after falling from roof.   ,Fatality,,,,,,,,,,,,,,
4/16/2014,"P&J Grading, Inc., Matthews, NC  28104     ",Worker struck and killed by tree.,Fatality,,,,,,,,,,,,,,
4/16/2014,"Rio Ammunition, Inc., McEwen, TN 37101",Worker killed and three others injured in explosion that occurred during cartridge loading operations.,Fatality,,,,,,,,,,,,,,
4/15/2014,"S & S Sprinkler Company LLC, Pennington, AL 36916",Worker died after falling from catwalk.,Fatality,,,,,,,,,,,,,,
4/14/2014,"Dwight Plumbing and Heating Inc., Rensselaer, NY 12144",Worker killed in fall from roof.,Fatality,,,,,,,,,,,,,,
4/14/2014,"First Astoria Construction, New York, NY 10001",Worker killed after falling from roof.,Fatality,,,,,,,,,,,,,,
4/14/2014,"LaMunyon Drilling LLC, Perry, OK 73077",Employee struck and killed by tractor.,Fatality,,,,,,,,,,,,,,
4/13/2014,"Dune Energy Company, Houston, TX 77002",Worker died in a boat collision.,Fatality,,,,,,,,,,,,,,
4/13/2014,"Electric Inc., Greenville, TX 75402",Worker died from burns from electrical panel fire.,Fatality,,,,,,,,,,,,,,
4/13/2014,"Integrity Services LLC, Mertzon, TX 76941",Worker crushed by forks of telescoping boom forklift while performing rig maintenance.,Fatality,,,,,,,,,,,,,,
4/12/2014,"Mass Bay Electrical Corp., Bourne, MA 02532",Twoworkers killed when aerial lift overturned.,Fatality,,,,,,,,,,,,,,
4/12/2014,"Porter Roofing Contractors Inc., Dalton, GA 30721",Worker killed after falling through collapsed roof.,Fatality,,,,,,,,,,,,,,
4/11/2014,"Starkist Tuna Cannery, Peter E. Reid Stevedoring Inc., Pago Pago, AS 96799",Worker was struck and killed by truck.,Fatality,,,,,,,,,,,,,,
4/10/2014,"Henry J. Varian Inc., Nantucket, MA 02554", Worker died in fall from scaffold.,Fatality,,,,,,,,,,,,,,
4/10/2014,"K & M Equipment Inc., East Moline, IL 61244",Worker performing sandblasting was fatally crushed under counterweight.,Fatality,,,,,,,,,,,,,,
4/10/2014,"M&M Logging, San Diego, CA 91911",Worker killed after being ejected from heavy equipment.,Fatality,,,,,,,,,,,,,,
4/10/2014,"Park Tower Apartments, Lubbock, TX 79411",Worker electrocuted while transferring wires.,Fatality,,,,,,,,,,,,,,
4/9/2014,"Community Based Activity Program for Special Need, Forest Grove, OR 97116",Worker struck and killed by motor vehicle.,Fatality,,,,,,,,,,,,,,
4/9/2014,"Jared Langley Enterprises Inc., Florence, MT 59833",Worker died after falling from residential roof.,Fatality,,,,,,,,,,,,,,
4/9/2014,"Napa Auto Parts, Lees Summit, MO 64081",Worker died after vehicle was struck by another.,Fatality,,,,,,,,,,,,,,
4/9/2014,"Union Pumping L.P., Laredo, TX 78041",Worker struck and killed by front-end loader.,Fatality,,,,,,,,,,,,,,
4/8/2014,"Eaton Corporation Sumter, SC 29154",Worker electrocuted while testing switchboard.,Fatality,,,,,,,,,,,,,,
4/8/2014,"Gopher Excavation Inc., Johnstown, CO 80534",Worker struck and killed by powered saw.,Fatality,,,,,,,,,,,,,,
4/8/2014,"Kinder Morgan, Blytheville, AR 72315",Two workers drowned when barge capsized.,Fatality,,,,,,,,,,,,,,
4/8/2014,"Roll Former Corporation, Chalfont, PA 18914",Worker struck and killed by the roller shaft from a lathe machine.,Fatality,,,,,,,,,,,,,,
4/8/2014,"Taylor's Trucking & Dozer Services, Parkersburg, WV 26106",Worker killed in vehicle crash.,Fatality,,,,,,,,,,,,,,
4/7/2014,"Apartments Downtown,  Inc., Iowa City, IA 52245",Worker died from fall while repairing wall.,Fatality,,,,,,,,,,,,,,
4/7/2014,"Condominium Administration Services and Accounting, Santurce, PR 00907",Worker killed after falling through skylight.,Fatality,,,,,,,,,,,,,,
4/7/2014,"Raymond Cazarez, Inglewood, CA 90304",Worker repairing an AC unit died in fall from forklift.,Fatality,,,,,,,,,,,,,,
4/7/2014,"UC Berkeley, Berkeley, CA 94720",Worker died after falling from lift.,Fatality,,,,,,,,,,,,,,
4/7/2014,"Under The Wire, Los Angeles, CA 90041",Worker electrocuted while installing security cameras.,Fatality,,,,,,,,,,,,,,
4/6/2014,"David DiBonaventura dba Timberland Tree, Ventura, Fayetteville, NC 28303",Worker died from fall while cutting tree branches.,Fatality,,,,,,,,,,,,,,
4/6/2014,"NYCDP PSA 1, Brooklyn, NY 11224",Worker died from carbon monoxide poisoning.,Fatality,,,,,,,,,,,,,,
4/6/2014,"R Baker, Inc.  Ridgeville, SC 29472",Worker struck and killed by vehicle.,Fatality,,,,,,,,,,,,,,
4/5/2014,"Lee Specialty, Belmont, OH 43718",Worker crushed by blow-out preventer.,Fatality,,,,,,,,,,,,,,
4/4/2014,"Connelly Crane Rental Corporation, Ecorse, MI 48229",Worker struck and killed by counterweights from a crane.,Fatality,,,,,,,,,,,,,,
4/4/2014,"Eller Inc., Beaver, WV 25813",Worker killed when hay roll fell on him.,Fatality,,,,,,,,,,,,,,
4/4/2014,"Haverhill Chemicals LLC, Haverhill, OH 45636",Worker clearing a drain line died after being sprayed with chemicals.     ,Fatality,,,,,,,,,,,,,,
4/4/2014,"S & S Equipment & Supply Inc., Midland, TX 79702",Worker died in fire caused by heater.,Fatality,,,,,,,,,,,,,,
4/4/2014,"Taste O South, Arrington, VA 22922",Worker repairing brakes killed after becoming caught and dragged by bus.,Fatality,,,,,,,,,,,,,,
4/3/2014,"Blue Seal Petroleum of Stuttgart Inc., Stuttgart, AR 72160",Worker repairing back-hoe tire died after the tire burst.,Fatality,,,,,,,,,,,,,,
4/3/2014,"Gulf Island LLC, Houma, LA 70361",Employee struck and killed by steel plate while working on crane support. ,Fatality,,,,,,,,,,,,,,
4/2/2014,"AET Electric Inc., Harrington, DE 19952",Worker killed when fork truck struck concrete barrier.,Fatality,,,,,,,,,,,,,,
4/2/2014,"East Texas Utility Services Inc., Bullard, TX 75757",Worker electrocuted when bucket contacted an energized powerline.  ,Fatality,,,,,,,,,,,,,,
4/2/2014,"England Liquid Fertilizer Inc., Pine Bluff, AR 71601",Worker crushed and killed by farm tractor.,Fatality,,,,,,,,,,,,,,
4/2/2014,"H & R Construction, Buhl, ID 83316",Worker died in fall from roof.,Fatality,,,,,,,,,,,,,,
4/2/2014,"Pak National Gen. Corp., New York, NY 10019",Worker died after falling from scaffold.,Fatality,,,,,,,,,,,,,,
4/1/2014,"Arrow Water Well Inc., Shamrock, TX 79079",Worker electrocuted when mast of well drilling rig contacted overhead power lines.,Fatality,,,,,,,,,,,,,,
4/1/2014,"Bagley Hardwood Products, Inc., Bagley, MN 56621",Worker crushed and killed by overhead door.,Fatality,,,,,,,,,,,,,,
4/1/2014,"C and C General Contractors Inc., Bradley, IL 60915",Worker killed when powered industrial vehicle tipped over.,Fatality,,,,,,,,,,,,,,
4/1/2014,"Communications Specialists Incorporated, Cary, MS 39054",Worker killed after falling through a skylight.,Fatality,,,,,,,,,,,,,,
4/1/2014,"Gilmore's Inc., Kingfisher, OK 73750",Worker sturck and killed by bulldozer.,Fatality,,,,,,,,,,,,,,
4/1/2014,"Power Electric Services Inc., Tampa, FL 33634",Worker electrocuted after contacting live wire.,Fatality,,,,,,,,,,,,,,
4/1/2014,"Sam's Roofing LLC, Houston, TX 77008",Worker setting up cables died after falling through skylight.,Fatality,,,,,,,,,,,,,,
4/1/2014,"Victor Allen Hawkins, Grayville, IL 62844",Worker killed after being pinned between a boom arm and cab.   ,Fatality,,,,,,,,,,,,,,
3/31/2014,"B.V. Nevada Corp., Fernley, NV 89408",Worker fatally crushed by pipe.,Fatality,,,,,,,,,,,,,,
3/31/2014,"Certified Heat Treating Inc., West Carrollton, OH 45449",Worker killed after being caught between furnace door and conveyor.,Fatality,,,,,,,,,,,,,,
3/31/2014,"Coopersburg Bagging, Coopersburg, PA 18036",Worker killed when tire on loader tire burst.,Fatality,,,,,,,,,,,,,,
3/31/2014,"Home Depot, Baton Rouge, LA 70815",Worker struck and killed by vehicle while collecting store carts.,Fatality,,,,,,,,,,,,,,
3/31/2014,"John A. Daisin and Son, Inc., St. Paul, MN 55117",Worker killed in fall from roof.,Fatality,,,,,,,,,,,,,,
3/31/2014,"Johnson City Vill Police Dept, Johnson City, NY 13790",Worker shot and killed.,Fatality,,,,,,,,,,,,,,
3/31/2014,"The Brickman Group Ltd, LLC, Clarksburg, MD 20851",Worker stuck and killed by skid steer.,Fatality,,,,,,,,,,,,,,
3/27/2014,"Detail Services Inc. dba Detail Slate and Tile, Southern Pines, NC  28387",Worker killed in fall from roof.,Fatality,,,,,,,,,,,,,,
3/27/2014,"Fox Creek Golf Club, Inc., Lamar, SC 29069",Worker killed in fall from tractor.,Fatality,,,,,,,,,,,,,,
3/27/2014,"Southwest Georgia Ethanol LLC, Pelham, GA 31779",Worker in a grain storage silo killed after becoming entrapped by sweep auger.,Fatality,,,,,,,,,,,,,,
3/27/2014,"The Sherwin-Williams Company, Greensboro, NC  27409",Worker died when a mixing tank caught fire.,Fatality,,,,,,,,,,,,,,
3/27/2014,"TJB Enterprises, Inc., Salkum, WA 98582",Worker struck and killed by falling limb while performing tree cutting operations.,Fatality,,,,,,,,,,,,,,
3/26/2014,"Green Acres Lake Park Resort, Diamond, OH 44412",Worker painting a bathroom died in fire caused by space heater.,Fatality,,,,,,,,,,,,,,
3/26/2014,"Walter O. Krumbiegel Middle School, Hillside, NJ 07205",Worker died from injuries after falling in cafeteria.,Fatality,,,,,,,,,,,,,,
3/25/2014,"Dickerson and Bowens, Brookhaven, MS 39601",Worker performing flagging duties was struck and killed by a motor vehicle.,Fatality,,,,,,,,,,,,,,
3/25/2014,"Duke Energy, Carmel, IN 46032",Worker killed by electric arc flash while installing grounds on conductors.,Fatality,,,,,,,,,,,,,,
3/25/2014,"Wireless Horizon, Westmoreland, KS 66549",Two workers killed when a wireless communications tower collapsed.  ,Fatality,,,,,,,,,,,,,,
3/24/2014,"Horizon Lines of Puerto Rico, San Juan, PR 00920",Worker was run over by a top loader.,Fatality,,,,,,,,,,,,,,
3/23/2014,"AJH Enterprises LLC, Toms River, NJ 08753",Worker died in fall from step ladder.,Fatality,,,,,,,,,,,,,,
3/23/2014,"Anchor Packaging, Paragould, AR 72450",Worker electrocuted after contacting power cord.,Fatality,,,,,,,,,,,,,,
3/22/2014,"Graham County Land Company, Hannibal, OH 43931",Worker struck and killed by falling tree. ,Fatality,,,,,,,,,,,,,,
3/21/2014,"Dolly DYK Cleaning Corp, Boston, MA 02116",Worker killed in fall down elevator shaft. ,Fatality,,,,,,,,,,,,,,
3/21/2014,"Mack's S & S Construction, Catoosa, OK 74015",Worker crushed by dump truck.,Fatality,,,,,,,,,,,,,,
3/21/2014,"Olney Masonry Corporation, Towson, MD 21286", Worker struck and killed by motor vehicle.,Fatality,,,,,,,,,,,,,,
3/20/2014,"Ensign United States Drilling Inc., Killdeer, ND 58640",Worker struck and killed by traveling blocks while working on a drilling rig.,Fatality,,,,,,,,,,,,,,
3/20/2014,"Haas-Anderson Construction Ltd, Sinton, TX 78387",Worker struck and killed by motor vehicle.,Fatality,,,,,,,,,,,,,,
3/20/2014,"Midwest Farmers Cooperative, Tecumseh, NE 68450",Worker died from exposure to anhydrous ammonia released during transfer from tanker trailer to bulk storage tank.,Fatality,,,,,,,,,,,,,,
3/20/2014,"Vision Pool, Newport Coast, CA 92657",Worker drowned in pool.,Fatality,,,,,,,,,,,,,,
3/20/2014,"Volles Dairy Farm LLC, Marietta, NY 13110",Worker performing maintenance on truck was crushed by  hydraulic dump body. ,Fatality,,,,,,,,,,,,,,
3/19/2014,"Chicago Doorways LLC, Chicago, IL 60611",Worker died after falling from ladder.,Fatality,,,,,,,,,,,,,,
3/19/2014,"G.E. Drywall, Bella Vista, CA 96008",Worker killed in fall from height.,Fatality,,,,,,,,,,,,,,
3/19/2014,"Ingram Ready Mix, Converse, TX 78109",Worker struck and run over by truck.     ,Fatality,,,,,,,,,,,,,,
3/19/2014,"Mendocina County Sheriff's Office, Cleone, CA 95437",Worker shot while in pursuit of suspect.,Fatality,,,,,,,,,,,,,,
3/19/2014,"Redwing Electric, LLC, Pasadena, MD 21122",Worker killed in fall from water tower.,Fatality,,,,,,,,,,,,,,
3/18/2014,"Helicopters, Inc, Seattle, WA 98109",Two workers killed in a news helicopter crash. ,Fatality,,,,,,,,,,,,,,
3/18/2014,"The Coca-Cola Company, Atlanta, GA 30308",Worker killed in fall on stairway.,Fatality,,,,,,,,,,,,,,
3/18/2014,"Will County - ICT Department, Joliet, IL 60432",Worker killed in motor vehicle collision.,Fatality,,,,,,,,,,,,,,
3/17/2014,"City of Oaks Forest - Police Dept., Oak Forest, IL 60452",Worker responding to domestic violence call struck and killed by a motor vehicle.,Fatality,,,,,,,,,,,,,,
3/17/2014,"King's Boxing Gym, Oakland, CA 94601",Boxer killed after being struck while sparring.,Fatality,,,,,,,,,,,,,,
3/17/2014,"Meekhof Tire Sales and Service, Inc., Grand Rapids, MI 49503",Worker repairing tire was crushed when truck cab fell on him.,Fatality,,,,,,,,,,,,,,
3/17/2014,"Varsity Cycle Inc., Wilton Manors, FL 33306",Worker killed in motor vehicle collision.,Fatality,,,,,,,,,,,,,,
3/16/2014,"Caring and Sharing of South Walton County Inc., Santa Rosa Beach, FL 32459",Worker killed in fall from truck. ,Fatality,,,,,,,,,,,,,,
3/15/2014,"BF Fort Myers Inc., Punta Gorda, FL 33951",Worker electrocuted while repairing machine.,Fatality,,,,,,,,,,,,,,
3/15/2014,"Eckhart Construction Services Inc., Matthews, NC 28104  ",Worker struck and killed by skid steer loader. ,Fatality,,,,,,,,,,,,,,
3/15/2014,"Full Service Scaffold, Sacramento, CA 94203",Worker killed in fall from scaffold platform. ,Fatality,,,,,,,,,,,,,,
3/15/2014,"Nabors Drilling Ltd, Fowlerton, TX 78021",Worker struck and killed by unsecured equipment.,Fatality,,,,,,,,,,,,,,
3/15/2014,"Prairie Ag Partners, Lake Preston, SD 57249",Worker engulfed by beans while cleaning storage bin.,Fatality,,,,,,,,,,,,,,
3/15/2014,"Saunier Moving and Storage, Smith Grove, KY 42171",Worker killed in truck fire after motor vehicle collision.,Fatality,,,,,,,,,,,,,,
3/14/2014,"Bruce Babb Chemicals, Rankin, TX 79778",Worker killed in a motor vehicle collision.,Fatality,,,,,,,,,,,,,,
3/14/2014,"Evergreen Golf Design Inc., Marysville, WA 98271",Worker killed when riding lawnmower flipped over onto him.,Fatality,,,,,,,,,,,,,,
3/14/2014,"First Graphic Services Inc., Garland, TX 75040",Worker struck and killed by falling signs. ,Fatality,,,,,,,,,,,,,,
3/14/2014,"Industrial Air, Inc., Greensboro, NC  27419",Worker died from fall while cleaning duct work box.,Fatality,,,,,,,,,,,,,,
3/14/2014,"Michels Pipeline Construction, Inc., Cedar Rapids, IA 52403",Worker struck and killed by metal boring rods during cutting.,Fatality,,,,,,,,,,,,,,
3/14/2014,"SIMMCO, Shreveport, LA 71149",Worker struck and killed when pipes rolled off trailer during unloading.,Fatality,,,,,,,,,,,,,,
3/13/2014,303 E Mifflin St ORWIGSBURG  PA 17961,Worker was run over by delivery truck.,Fatality,,,,,,,,,,,,,,
3/13/2014,"Bluffs Golf LLC, Saint Francisville, LA 70775",Worker died from head injury after being ejected from golf cart.,Fatality,,,,,,,,,,,,,,
3/13/2014,"City of North Bend, North Bend, OR 97459",Worker killed after being struck by truck's unsecured tailgate.,Fatality,,,,,,,,,,,,,,
3/13/2014,"Layton Manufacturing Corporation, Brooklyn, NY 11203",Worker died from carbon monoxide poisoning.,Fatality,,,,,,,,,,,,,,
3/12/2014,"Stark Truss, Auburn, KY 42206",Worker caught and killed in a press while trying to retrieve a hammer.,Fatality,,,,,,,,,,,,,,
3/12/2014,"TNT Oil Co., Irvine, PA 16329",Worker was killed when fuel tank exploded. ,Fatality,,,,,,,,,,,,,,
3/12/2014,"Your Employment Service Staffing Inc., Little Rock, AR 72209",Temporary worker killed in fall from rooftop. ,Fatality,,,,,,,,,,,,,,
3/11/2014,"Eaton Corporation, Sarasota, FL 34243",Worker struck and killed by a piece of equipment when a jack failed. ,Fatality,,,,,,,,,,,,,,
3/11/2014,"Glacier Fish Company, Dutch Harbor, AK 99692",Worker struck and killed by heavy object in explosion.,Fatality,,,,,,,,,,,,,,
3/11/2014,"Higa Meat and Pork Market Limited, Honolulu, HI 96817",Worker killed in fall from pallet of boxes.,Fatality,,,,,,,,,,,,,,
3/11/2014,"Mastec Advanced Technology, Dallas, TX 75238",Worker killed in motor vehicle collision. ,Fatality,,,,,,,,,,,,,,
3/11/2014,"Norandal USA Inc., Newport, AR 72112",Worker killed after being caught in machinery while clearing a jam. ,Fatality,,,,,,,,,,,,,,
3/11/2014,"Strike LLC, Corpus Christi, TX 78401",Four employees hospitalized with burns from a flash fire. ,Catastrophe,,,,,,,,,,,,,,
3/11/2014,"Wallowa County Grain Growers, Enterprise, OR 97828",Worker erecting grain silo died in scaffold collapse.,Fatality,,,,,,,,,,,,,,
3/10/2014,"AC Body Works & Sons LLC, Schenectady, NY 12306",Worker crushed between a truck and carwash spray booth. ,Fatality,,,,,,,,,,,,,,
3/10/2014,"Aloha Tree Service, Long Beach, CA  90813",Worker died from fall while performing tree trimming operations.,Fatality,,,,,,,,,,,,,,
3/10/2014,"Behr Iron & Steel Inc., South Beloit, IL 61080",Employer died after being caught in the tail pulley of a shredding machine conveyor belt. ,Fatality,,,,,,,,,,,,,,
3/10/2014,"Cardinal Transport Inc., Hanover, MN 55341",Worker struck and killed by pipe while loading truck.,Fatality,,,,,,,,,,,,,,
3/10/2014,"Dynamex, Hayward, CA 94545",Worker was struck and killed by a motor vehicle.,Fatality,,,,,,,,,,,,,,
3/10/2014,"Little Richard Logging, Parish, NY 13131",Worker struck and killed while performing logging operations.,Fatality,,,,,,,,,,,,,,
3/10/2014,"M & M Striping & Power Washing LLC, Italy, TX 76651",Worker backed over by truck during litter control operations. ,Fatality,,,,,,,,,,,,,,
3/9/2014,"North Star Painting Co, Saint James, LA 70086",Worker killed in fall from bridge.,Fatality,,,,,,,,,,,,,,
3/9/2014,"R Betances Construccion LLC, Toa Baja, PR 00949",Worker was struck and killed by truck that was backing up.,Fatality,,,,,,,,,,,,,,
3/9/2014,"U. S. Postal Service, Buffalo, NY 14206",Worker died from head injury suffered in fall.,Fatality,,,,,,,,,,,,,,
3/8/2014,"DKJR Roofing, Remsen, IA 51051 ",Worker killed in fall from frost covered roof.,Fatality,,,,,,,,,,,,,,
3/8/2014,"Kraft Foods Group, Inc., Newberry, SC 29108",Worker killed after becoming caught in food blender during cleaning operations.,Fatality,,,,,,,,,,,,,,
3/7/2014,"Steve's Auto Service, Buffalo, NY 14211",Worker repairing a fuel pump was fatally burned when gasoline ignited.,Fatality,,,,,,,,,,,,,,
3/6/2014,"Adar Steel Inc, Brooklyn, NY 11249",Worker killed in fall while installing decking.,Fatality,,,,,,,,,,,,,,
3/6/2014,"Adventure Photo Tours Inc.,  Overton, NV 89040",Worker was pinned and crushed between rolling vehicle and rocks.,Fatality,,,,,,,,,,,,,,
3/6/2014,"Bushwick Metals LLC, South Plainfield, NJ 07080",Worker crushed by steel beams.,Fatality,,,,,,,,,,,,,,
3/6/2014,"Valley Grove Dairy Farm, Hastings, MI 49058",Worker was fatally mauled by a bull.,Fatality,,,,,,,,,,,,,,
3/6/2014,"WW LLC, Brownfield, TX 79316",Worker crushed and killed by a tank.,Fatality,,,,,,,,,,,,,,
3/5/2014,"Acme Electric Company, Cedar Rapids, IA 52404",Worker was electrocuted by live electrical storage capacitor. ,Fatality,,,,,,,,,,,,,,
3/5/2014,"Colonial Plastics, Shelby Twp, MI 48315",Worker checking parts on an injection molding machine was crushed when the machine activated.,Fatality,,,,,,,,,,,,,,
3/4/2014,"PSEG, Ewing, NJ 08560",Three employees were hospitalized from a gas leak explosion.,Catastrophe,,,,,,,,,,,,,,
3/4/2014,"St. Vincent De Paul Particular Council of Flint, Flint, MI 48506",Worker was pinned and crushed between trailer and truck.,Fatality,,,,,,,,,,,,,,
3/4/2014,"Wolf Creek Ski Area, Pagosa Springs, CO 81147",Employee died in a cave-in caused by an avalanche. ,Fatality,,,,,,,,,,,,,,
3/3/2014,"Confluence Health,  Pateros, WA 98846",Worker killed in motor vehicle collision.,Fatality,,,,,,,,,,,,,,
3/3/2014,"North Dakota Pipeline Company LLC, Grand Forks, ND 58201",Employee killed in a motor vehicle collision.,Fatality,,,,,,,,,,,,,,
3/3/2014,"Now and Never, Kersey, CO 80644",Worker killed from exposure to oil tank fumes. ,Fatality,,,,,,,,,,,,,,
3/2/2014,"Cardinal Logistics Management Corp, Roseburg, OR 97470",Worker killed in vehicle collision.,Fatality,,,,,,,,,,,,,,
3/2/2014,"LTI Inc.,  Lynden, WA 98264",Worker killed in motor vehicle collision.,Fatality,,,,,,,,,,,,,,
3/2/2014,"Mobile Diesel Service LLC, Roseburg, OR 97470",Worker performing maintenance on a semi-trailer was crushed between truck and service vehicle.,Fatality,,,,,,,,,,,,,,
3/2/2014,"Team Steel Fabricators LLC, Youngstown, OH 44505",Worker killed in maintenance shop fire.,Fatality,,,,,,,,,,,,,,
3/1/2014,"Bandera Drilling Co. Inc., Big Spring, TX 79720",Worker was crushed by forklift while making repairs. ,Fatality,,,,,,,,,,,,,,
3/1/2014,"Chad Menefee Construction, Mount Pleasant, TX 75455",Worker died when the dump truck he was operating rolled into a ditch. ,Fatality,,,,,,,,,,,,,,
2/28/2014,"Borough of Fair Lawn, Fair Lawn, NJ 07410",Worker died after falling from recycling vehicle.,Fatality,,,,,,,,,,,,,,
2/28/2014,"Borough of Fair Lawn, Fair Lawn, NJ 07410",Worker died in falling from recycling truck.,Fatality,,,,,,,,,,,,,,
2/28/2014,"C G Roxane Water Co., Benton, TN 37307",Worker struck and killed by forklift mast.,Fatality,,,,,,,,,,,,,,
2/28/2014,"East Coast Mines & Materials Corp., East Quogue, NY 11942",Worker killed after being engulfed by mulch.,Fatality,,,,,,,,,,,,,,
2/28/2014,"Fritchas, New Haven, IN 46774",Worker crushed by dump truck during snow removal.,Fatality,,,,,,,,,,,,,,
2/28/2014,"Nordstrom Inc., Spokane, WA  99201",Worker killed in fall from ladder.,Fatality,,,,,,,,,,,,,,
2/28/2014,"Pace?s Hauling & Clearing, Clayton, NC  27527",Backhoe worker was struck and killed by falling tree.,Fatality,,,,,,,,,,,,,,
2/28/2014,"Wieser Concrete Products Inc., Portage, WI 53901",Worker crushed structure that fell from overhead crane.,Fatality,,,,,,,,,,,,,,
2/27/2014,"A & Z General Contractors Inc., Beach Haven, NJ 08008",Worker killed in fall from ladder. ,Fatality,,,,,,,,,,,,,,
2/27/2014,"Columbus Transport Inc., Chadbourn, NC 28431 ",Worker killed in fall on vertical steel rebar.,Fatality,,,,,,,,,,,,,,
2/27/2014,"Duke Energy, South Lebanon, OH 45065",Worker struck and killed by collapsed utility pole.  ,Fatality,,,,,,,,,,,,,,
2/27/2014,"Senaca Foods, Oakfield, WI 53065",Worker died after being caught in a lathe while performing maintenance. ,Fatality,,,,,,,,,,,,,,
2/27/2014,"Wallington Volunteer Fire Department, Wallington, NJ 07057",Worker responding to fire killed in fall from roof.,Fatality,,,,,,,,,,,,,,
2/26/2014,"Aztec Grading Inc., Peralta, NM 87042",Worker backed over and killed by a truck while paving the road.,Fatality,,,,,,,,,,,,,,
2/26/2014,"BT Inc., Kemmerer, WY 83101",Worker loading semi-trailer truck died in fall from elevated platform.,Fatality,,,,,,,,,,,,,,
2/26/2014,"Eliseo Castro, Houston, TX 77043",Worker was electrocuted when the leg of a scaffold he was dismantling contacted a power line.,Fatality,,,,,,,,,,,,,,
2/26/2014,"Heartland Manufacturing Group, Peculiar, MO 64078",Worker was crushed between two trucks.,Fatality,,,,,,,,,,,,,,
2/26/2014,"Simpson Environmental Services Inc., Hollywood, FL 33019",Worker killed in fall from scaffold. ,Fatality,,,,,,,,,,,,,,
2/25/2014,"J.F. Electric Incorporated, Pekin, IL 61554",Worker electrocuted while transferring power from transmission lines. ,Fatality,,,,,,,,,,,,,,
2/24/2014,"DIG Hydroponics, Sacramento, CA 95820",Worker fatally beaten and strangled.,Fatality,970514,,,,,,,,,,,,,
2/24/2014,"Hogan Inc., Naples, FL 34103",Worker electrocuted when the pole saw he was using to trim trees contacted power lines.,Fatality,,,,,,,,,,,,,,
2/24/2014,"Maverick Drilling, Missouri City, TX 77489",Two workers on a drilling rig were electrocuted after contacting overhead power lines.,Fatality,,,,,,,,,,,,,,
2/24/2014,"Pasadena Tank Corporation, Corpus Christi, TX 78409",Worker struck and killed by pipe that fell from crane.,Fatality,,,,,,,,,,,,,,
2/23/2014,"Five Star Roustabouts LLC, O'Brien, TX 79539",Worker struck and killed by motor vehicle.  ,Fatality,,,,,,,,,,,,,,
2/22/2014,"Kilgore Flares Co LLC,Toone, TN",Worker removing residual flare materials died from burns suffered in flash fire/explosion.,Fatality,,,,,,,,,,,,,,
2/22/2014,"Legal Sea Foods LLC, Huntington Station, NY 11746",Restaurant worker died from carbon monoxide exposure.,Fatality,,,,,,,,,,,,,,
2/22/2014,"Stubbs Heating and Cooling, Magee, MS 39111",Worker struck and killed by a crane boom.,Fatality,,,,,,,,,,,,,,
2/21/2014,"Keith R Olmsted, Shiocton, WI 54170",Worker struck and killed by a bulk milk trailer.,Fatality,,,,,,,,,,,,,,
2/21/2014,"MidSouth Elevator LLC, Jackson, MS 39212",Worker on top of elevator performing repairs was crushed against  ceiling when the elevator was activated.,Fatality,,,,,,,,,,,,,,
2/21/2014,"Ray Eager and Sons LLC, Cochranville, PA 19330",Worker using pressure washer was killed in fall through floor opening.,Fatality,,,,,,,,,,,,,,
2/21/2014,"Tacoma Moving & Storage Co., Kent, WA 98032",Worker was crushed between two trucks.,Fatality,,,,,,,,,,,,,,
2/21/2014,"Vintage Gardens Nursery & Feed, Portola, CA 96122",Worker was struck and killed by a falling tree.,Fatality,,,,,,,,,,,,,,
2/20/2014,"Film Allman LLC, Jesup, GA 31598",Film crew worker was struck and killed by a train while preparing to shoot a scene.,Fatality,,,,,,,,,,,,,,
2/20/2014,"Helena Chemical Company, Benton, IA 50835",Worker struck and killed when a steel belt conveyor system fell on him.,Fatality,,,,,,,,,,,,,,
2/20/2014,"Joseph Bates, Lexington, KY 40508",Worker was struck and killed by wood that fell from roof.,Fatality,,,,,,,,,,,,,,
2/20/2014,"Monti Home Improvements Inc., Monticello, IA 52310",Worker installing garage door died in fall from scaffold.,Fatality,,,,,,,,,,,,,,
2/19/2014,"Arkansas Steel Associates LLC, Newport, AR 72112",Employer killed by molten steel that spilled from an overhead crane. ,Fatality,,,,,,,,,,,,,,
2/19/2014,"Folsom Construction LLC, South Windsor, CT 06074",Owner and driver electrocuted when their dump truck contacted a transmission line.  ,Fatality,,,,,,,,,,,,,,
2/18/2014,"KB Oil and Gas, Inc., McKittrick, CA 93251",Worker killed in fall from oil rig cab.,Fatality,,,,,,,,,,,,,,
2/18/2014,"MGM Grand Las Vegas, Las Vegas, NV 89109",Worker died after tripping and falling on curb.  ,Fatality,,,,,,,,,,,,,,
2/18/2014,"Thermo Power Industries, Long Beach, CA 90802",Worker killed in fall from scaffold.,Fatality,,,,,,,,,,,,,,
2/17/2014,"B-L Rental & Sales, LLC, Batesburg, SC 29006",Worker performing repairs was crushed when backhoe collapsed.,Fatality,,,,,,,,,,,,,,
2/15/2014,"Bunn-O-Matic, Creston, IA 50801",Worker died after slipping and falling on icy stairs.,Fatality,,,,,,,,,,,,,,
2/15/2014,"Cyclone Trucking, Inc.                                                                    Douglas, WY 82633",Worker struck and killed by welding truck as it was backing-up.,Fatality,,,,,,,,,,,,,,
2/15/2014,"Cyclone Trucking, Inc., Douglas, WY  82633",Worker was struck and killed by truck as it was backing up.,Fatality,,,,,,,,,,,,,,
2/14/2014,"64 Stefanak Drive, West Middlesex, PA 16159",Worker died after being pinned between a tractor cab and trailer. ,Fatality,,,,,,,,,,,,,,
2/14/2014,"Il Dept of Transportation - Dist. 4 Wyoming Yard, Toulon, IL 61483",Worker was struck and killed by motor vehicle while assisting motorists.,Fatality,,,,,,,,,,,,,,
2/14/2014,"Logistics One, Inc., Fairlee, VT  05045",Worker was struck and killed by a motor vehicle.,Fatality,,,,,,,,,,,,,,
2/14/2014,"Republic Steel, Lorain, OH 44055",Worker struck and killed by railroad car that derailed.,Fatality,,,,,,,,,,,,,,
2/14/2014,"Rexel Holdings USA Corp., Houston, TX 77024",Worker died in fall from a warehouse dock. ,Fatality,,,,,,,,,,,,,,
2/14/2014,"United States Steel Corporation, Clairton, PA 15025",Worker killed from fall into a trench.,Fatality,,,,,,,,,,,,,,
2/13/2014,"Thomas N. Richards & Son, Poland, ME 04274",Worker killed when a logging truck rolled over and crushed him.  ,Fatality,,,,,,,,,,,,,,
2/13/2014,"Volvo Construction Equipment & Services, San Leandro, CA  94577",Worker was crushed by machine that fell off its support stands.,Fatality,,,,,,,,,,,,,,
2/12/2014,"358 Elmwood Ave MCM Auto Sales LLC, Providence, RI 02907",Worker struck and killed by tow truck.  ,Fatality,,,,,,,,,,,,,,
2/12/2014,"MTA NYCT DOB MJ Quill Depot, NYC, NY 10018",Worker was killed in vehicle collision.,Fatality,,,,,,,,,,,,,,
2/12/2014,"Tanner Timber Services LLC, Kountze, TX 77625",Worker struck and killed by log while feeding it into a bull edger. ,Fatality,,,,,,,,,,,,,,
2/11/2014,"Anderson Farms Inc., Heyburn, ID 83336",Worker killed after falling into a feed mixer.,Fatality,,,,,,,,,,,,,,
2/11/2014,"H&E Equipment Services, Inc., Los Angeles, CA 90015",Worker died when the boom lift he was in was struck by a bus. ,Fatality,,,,,,,,,,,,,,
2/11/2014,"Nucor Steel, Blytheville, AR 72315",Train operator died after being caught between locomotive and a derailed car.,Fatality,,,,,,,,,,,,,,
2/11/2014,"WAH, Inc., Enterprise, OR  97828",Cross-country skiing guide was killed in an avalanche.,Fatality,,,,,,,,,,,,,,
2/10/2014,"Brindle Technical Logging, Inc., Morton, WA 98356",Worker was struck and killed by a log.,Fatality,,,,,,,,,,,,,,
2/10/2014,"New Hampshire Ball Bearing, Peterborough, NH 03458",Eight workers hospitalized after a drum of nitric acid solution exploded.,Catastrophe,,,,,,,,,,,,,,
2/10/2014,"Randy Sterling Trucking Inc., Morrisdale, PA 16858",Worker killed when truck rolled over him during repairs.,Fatality,,,,,,,,,,,,,,
2/10/2014,"Sperle Family Farm, Napoleon, ND 58561",Worker died after being engulfed by grain.,Fatality,,,,,,,,,,,,,,
2/10/2014,"Wheeler Electric Inc., Idaho Falls, ID 83404",Worker struck and killed by a switch panel. ,Fatality,,,,,,,,,,,,,,
2/9/2014,"Jarrell Contractors Inc., Fairview, WV 26570",Three workers hospitalized from overexposure to carbon monoxide.  ,Catastrophe,,,,,,,,,,,,,,
2/8/2014,"Sierra Lawn Care Service, Saint Petersburg, FL 33705",Worker electrocuted by powerline while trimming trees. ,Fatality,,,,,,,,,,,,,,
2/8/2014,"Total Appearance Exhibit Service Inc., Tulare, CA  93274",Worker was struck and killed by a tractor trailer.,Fatality,,,,,,,,,,,,,,
2/7/2014,"Interfacing Company of Texas Inc., Manvel, TX 77578",Worker killed in trench collapse. ,Fatality,,,,,,,,,,,,,,
2/7/2014,"Qc of Kentucky Inc., Calvert City, KY 42029",Worker died after inhaling nitrogen.,Fatality,,,,,,,,,,,,,,
2/6/2014,"Don Hamann, Inc., Selma, OR 97538",Worker was struck and killed by a tree limb.,Fatality,,,,,,,,,,,,,,
2/6/2014,"Jack Spring Electrical Contractors Inc., Benton, LA 71006",Worker electrocuted while repairing a transformer.,Fatality,,,,,,,,,,,,,,
2/5/2014,"Advocate Good Shepherd Hospital, Barrington, IL 60010",Worker struck and killed by snow plow.,Fatality,,,,,,,,,,,,,,
2/5/2014,"Kahanakoa Construction, Inc., Holualou, HI 96725",Worker died when a drum compactor crashed into a carport.,Fatality,,,,,,,,,,,,,,
2/4/2014,"Brickell Hotel Group LLP, Miami, FL 33130",Worker killed in vehicle collision.,Fatality,,,,,,,,,,,,,,
2/4/2014,"Via Christi Hospital, Pittsburg, KS 66762",Nurse struck and killed by motor vehicle.,Fatality,,,,,,,,,,,,,,
2/4/2014,"Wayne Terry, Brooksville, KY 41004",Worker killed in fall through manhole.,Fatality,,,,,,,,,,,,,,
2/3/2014,"Enterprise Farms, Moravia, NY 13118",Worker killed after being caught in a feed auger.,Fatality,,,,,,,,,,,,,,
2/3/2014,"NEL & Sons Inc., Coral Gables, FL 33134",Worker killed in fall from ladder.,Fatality,,,,,,,,,,,,,,
2/3/2014,"Patron Services LLC, Artesia, NM  88210",Worker was electrocuted when crane contacted a powerline.,Fatality,,,,,,,,,,,,,,
2/2/2014,"Eastern Truck Equipment LLC, Boonsboro, MD 21713",Worker was struck and killed by a tractor tire that exploded during inflation.,Fatality,,,,,,,,,,,,,,
2/2/2014,"Happy Dog Restaurant, Cleveland, OH 44102",Worker died in fall down stairs.,Fatality,,,,,,,,,,,,,,
2/1/2014,"Med Care Pharmacy LLC, Grayson, KY 41042",Worker killed in motor vehicle collision.,Fatality,,,,,,,,,,,,,,
2/1/2014,"S. & S. Communication Specialist Inc., Clarksburg, WV 26301",Two workers killed in a communications tower collapse.,Fatality,,,,,,,,,,,,,,
1/31/2014,"Curtis Steel Co., Inc., Las Vegas, NV 89102",Worker struck and killed by bundle of steel.,Fatality,,,,,,,,,,,,,,
1/31/2014,"Erosion Control & Landscape Services Inc., Pikeville, MD 21108",Worker was struck and killed by a motor vehicle.,Fatality,,,,,,,,,,,,,,
1/31/2014,"Maruichi Leavitt Pipe & Tube, Chicago, IL 60643",Worker cutting metal tubing died after being caught by a large band saw. ,Fatality,,,,,,,,,,,,,,
1/31/2014,"Step Above Home Maintenance, Farmington Hills, MI 48335",Worker died in fall from roof.,Fatality,,,,,,,,,,,,,,
1/31/2014,"United Mechnical Corporation, Shelby, NC  28151",Worker struck and killed by a pipe.,Fatality,,,,,,,,,,,,,,
1/30/2014,"Jesus Orta, Forney, TX 75126",Worker killed in fall from scaffold while finishing drywall.,Fatality,,,,,,,,,,,,,,
1/30/2014,"Mayville Engineering, Beaver Dam, WI 53916",Worker killed in vehicle collision during a snow storm. ,Fatality,,,,,,,,,,,,,,
1/30/2014,"Mersen USA St. Marys-PA Corporation, Saint Marys, PA 15857",Worker killed when an industrial oven exploded.,Fatality,,,,,,,,,,,,,,
1/29/2014,"Graham Lumber Company, Selmer, TN  38375",Worker killed after being caught by a conveyor.,Fatality,,,,,,,,,,,,,,
1/29/2014,"NTS Incorporated of Texas, Wheeler, TX 79096",Four workers hospitalized for burns after a natural gas pipeline explosion.,Catastrophe,,,,,,,,,,,,,,
1/29/2014,"VCA Buckeahd, NE Atlanta, GA 30324",Worker died after being dragged by dog he was walking.,Fatality,,,,,,,,,,,,,,
1/28/2014,"Compressed Air Systems LLC, Grand Prairie, TX 75052",Worker struck and killed when an air compressor exploded during maintenance.,Fatality,,,,,,,,,,,,,,
1/28/2014,"Derr & Isbell Construction LLC, Waco, TX 76704",Worker in a hydraulic boom lift died when it fell off a barge.,Fatality,,,,,,,,,,,,,,
1/27/2014,"Dan and Maes Dairy, Westford, NY 13488",Worker killed when his clothes caught in a corn chopper and pulled him into the machine.,Fatality,,,,,,,,,,,,,,
1/27/2014,"Holy Cross Energy, Silt, CO 81652",Worker inspecting power lines was killed in a helicopter crash.  ,Fatality,,,,,,,,,,,,,,
1/27/2014,"IL State Toll Highway Authority,  Aurora, IL  60507",One worker was killed and another hospitalized after being struck by a motor vehicle while providing roadside assistance.,Fatality,,,,,,,,,,,,,,
1/26/2014,"Cheek Enterprises Inc., Senatobia, MS 38668",Employer died in fall from ladder.,Fatality,,,,,,,,,,,,,,
1/25/2014,"Jose Luiz Martinez, Gainesville, GA 30506",Employer died in fall from elevated bucket while removing a tree.,Fatality,,,,,,,,,,,,,,
1/25/2014,"Snapper Generator & Starter Repair, Atlanta, GA 30310",Worker installing a transmission underneath vehicle was crushed when the car fell onto him. ,Fatality,,,,,,,,,,,,,,
1/24/2014,"Arborcare Tree Experts, Inc., Lutherville, MD  21093",Worker was struck and killed by falling tree branch.,Fatality,,,,,,,,,,,,,,
1/24/2014,"GPS Plumbing, Bethesda, MD  20814",Worker struck and killed while working in a trench.,Fatality,,,,,,,,,,,,,,
1/24/2014,"Mario Martinez dba Martinez Fence Company, Nashville, TN 37210",Worker struck and killed by a bundle of pipes that fell from truck.,Fatality,,,,,,,,,,,,,,
1/24/2014,"Mark Trabucco, Los Olivos, CA 93441",Worker killed when bulldozer overturned.,Fatality,,,,,,,,,,,,,,
1/24/2014,"Offshore Rentals Ltd, Golden Meadow, LA 70357",Worker struck and killed by a forklift. ,Fatality,,,,,,,,,,,,,,
1/24/2014,"Paragon Industries Inc., Sapulpa, OK 74066",Worker died after falling off and being run over by loader.  ,Fatality,,,,,,,,,,,,,,
1/24/2014,"Phoenix Refrigeration, Inc., Grand Rapids, MI 49534",Worker killed in fall from ladder.,Fatality,,,,,,,,,,,,,,
1/24/2014,"Quick Transport of Arkansas Inc., Knoxville, AR 72845",Worker struck and killed when trailer hatch exploded during defrosting with propane torch.,Fatality,,,,,,,,,,,,,,
1/24/2014,"R.V.H. Trucking, LLC, Mentone, IN 46539",Worker killed when an air dryer exploded.,Fatality,,,,,,,,,,,,,,
1/24/2014,"The Anderson White Pigeon Grain, White Pigeon, MI 49099",Worker suffocated after falling  through hatch into  a railroad car filled with soybeans,Fatality,,,,,,,,,,,,,,
1/23/2014,"A-1 Florida Sod Inc., Mulberry, FL 33860",Worker died after being crushed in motorized equipment.,Fatality,,,,,,,,,,,,,,
1/23/2014,"Exterior Recovery, Inc., Raleigh, NC 27616",Worker died in fall while applying commercial siding.  ,Fatality,,,,,,,,,,,,,,
1/23/2014,"Romeo Dimon Marine Service Inc., Mattituck, NY 11952",Worker crushed by the bucket of a compact track loader.,Fatality,,,,,,,,,,,,,,
1/23/2014,"The Traffic Group Inc., Van Buren AR 72957",Worker struck and killed by motor vehicle.,Fatality,,,,,,,,,,,,,,
1/23/2014,"US Army Reserve-AMSA, Guaynabo, PR 00965",Forklift operator struck and killed by a fire extinguisher that exploded during disposal.  ,Fatality,,,,,,,,,,,,,,
1/22/2014,"International Paper, Bogalusa, LA 70427",Worker drowned when front end loader went into a water catchment basin.,Fatality,,,,,,,,,,,,,,
1/22/2014,"Linn Dale Logging, Pollock, TX 75969",Worker struck and killed by falling tree while performing logging work.,Fatality,,,,,,,,,,,,,,
1/22/2014,"Riddle Painting & Coatings, Phoenix, AZ 85009",Two workers killed when aerial lift tipped over.,Fatality,,,,,,,,,,,,,,
1/22/2014,"Weathercraft Co. of Colorado Springs, Colorado Springs, CO 80903",Worker struck and killed by a failed cable on an outside fire escape system.,Fatality,,,,,,,,,,,,,,
1/21/2014,"George B Stone Company, LLC, Wilmore, KY 40374",Worker struck and killed by motor vehicle.,Fatality,,,,,,,,,,,,,,
1/21/2014,"Global Pacific Environmental, Inc., White City, OR 97503",Worker crushed between wall and dump truck.,Fatality,,,,,,,,,,,,,,
1/21/2014,"Lineage LLC, Dacoma, OK 73731",Worker killed when his vehicle was struck by a train. ,Fatality,,,,,,,,,,,,,,
1/21/2014,"Sully Truck Wash, Inc., Sully, IA  50251",One worker died and two hospitalized after becoming trapped in a truck wash tank trailer. ,Fatality,,,,,,,,,,,,,,
1/20/2014,"7 Seas Seafood, Montebello, CA 90640",Worker crushed beneath car.,Fatality,,,,,,,,,,,,,,
1/20/2014,"Ball Cabinet Shop, New Braunfels, TX 78130",Worker killed in fall from scaffold. ,Fatality,,,,,,,,,,,,,,
1/20/2014,"El Dorado Livestock Auction, El Dorado, KS 67042",Worker died in fall from horse.,Fatality,,,,,,,,,,,,,,
1/20/2014,"International Nutrition Inc., Omaha, NE 68127",Two workers killed in structure collapse. ,Fatality,,,,,,,,,,,,,,
1/20/2014,"Kel-Log Inc., Errol, NH 03579",Worker struck and killed by semi-truck while installing snow chains on tires of company vehicle. ,Fatality,,,,,,,,,,,,,,
1/20/2014,"Lobar Inc., Windsor, PA 17366",Worker crushed under fallen switchgear. ,Fatality,,,,,,,,,,,,,,
1/20/2014,"Mid American Steel & Wire, Madill, OK 73446",Two workers killed in an electric arc furnace explosion.  ,Fatality,,,,,,,,,,,,,,
1/20/2014,"Rich Valley Farms Inc., Red Bud, IL 62278",Worker died after falling into grain bin filled with corn.,Fatality,,,,,,,,,,,,,,
1/18/2014,"Dement Construction Company, LLC,  Stanton, TN  38069",Worker crushed between aerial lift control panel and concrete beam. ,Fatality,,,,,,,,,,,,,,
1/18/2014,"Ground Earth Inc., Fall River,  MA 02721",Employer working under vehicle was crushed when it rolled over him.,Fatality,,,,,,,,,,,,,,
1/18/2014,"Precision Drilling Corporation, Rankin, TX 79778",Worker crushed between fallen section of derrick and wheel. ,Fatality,,,,,,,,,,,,,,
1/17/2014,"Crown Equipment Corp, Carmichael, CA 95608",Worker crushed by frame of forklift.,Fatality,,,,,,,,,,,,,,
1/17/2014,"Kansas Hardwoods Inc., Belvue, KS 66407",Worker struck and killed by tree while engaged in logging activities.,Fatality,,,,,,,,,,,,,,
1/17/2014,"Katz Transportation LLC, Piscataway, NJ 08854",Worker crushed by load of metal racks that fell from flatbed truck. ,Fatality,,,,,,,,,,,,,,
1/17/2014,"Sempervivum, Glen Ellen, CA 95442",Worker struck and killed by scraper tractor.,Fatality,,,,,,,,,,,,,,
1/16/2014,"Dawn Til Dusk, LLC, Toldeo, WA 98591",Worker struck and killed by falling trees.,Fatality,,,,,,,,,,,,,,
1/16/2014,"Ehret Roofing, Burlington, IA 52601",Worker died in fall from roof.,Fatality,,,,,,,,,,,,,,
1/16/2014,"Fire Stop Systems Inc., Miami Beach, FL 33139",Worker died in fall from scaffold. ,Fatality,,,,,,,,,,,,,,
1/16/2014,"Fred Loya Insurance, El Paso, TX 79935",Worker killed in motor vehicle collision.,Fatality,,,,,,,,,,,,,,
1/16/2014,"GLF Construction Corp., Lamont, FL 32336",Worker was crushed when a bridge panel fell on him during removal.,Fatality,,,,,,,,,,,,,,
1/16/2014,"Plant City Air, Saint Petersburg, FL 33711",Worker caulking holes died in fall from false ceiling.,Fatality,,,,,,,,,,,,,,
1/16/2014,"Sea Watch International LTD, New Bedford, MA 02740",Worker killed when his clothes became entangled in the rotating shaft of a shucking machine.,Fatality,,,,,,,,,,,,,,
1/16/2014,"Sunset Contractors & Recycling, Inc., Rio Piedras, PR 00925",Worker died in falll.,Fatality,,,,,,,,,,,,,,
1/16/2014,"Titanium Roofing, LLC, Honolulu, HI 96819",Worker died in fall through a skylight.,Fatality,,,,,,,,,,,,,,
1/15/2014,"Advanced Technical Staffing,  LaGrange, TN  38046",Worker struck and killed by tree while performing cutting operations.,Fatality,,,,,,,,,,,,,,
1/15/2014,"Forest Memorial Christian Church, Pittsburg, CA 94565",Worker killed in fall from roof while making repairs. ,Fatality,,,,,,,,,,,,,,
1/15/2014,"JM Test Systems, Refugio, TX 78377",Worker delivering equipment killed in vehicle collision.,Fatality,,,,,,,,,,,,,,
1/15/2014,"Riverview Materials, Riverdale, IL 60827",Worker killed when caught between moving conveyor and hopper wall.  ,Fatality,,,,,,,,,,,,,,
1/15/2014,"W.A. Chester LLC, Washington, DC 20016",Worker standing in back of truck was struck and killed by another vehicle.,Fatality,,,,,,,,,,,,,,
1/14/2014,"Allegheny Property Rental Management, LLC, Cumberland, MD 21502",One worker died and another hospitalized from carbon monoxide exposure.,Fatality,,,,,,,,,,,,,,
1/14/2014,"County Petroleum Products, Ferndale, NY 12734",Worker died in fall from top of fuel truck.,Fatality,,,,,,,,,,,,,,
1/14/2014,"Custom Gutters, Post Falls, ID 83854",Employer died in fall while preparing gutter installation. ,Fatality,,,,,,,,,,,,,,
1/14/2014,"M Z Flooring, Canyon Lake, TX 78133",Worker performing painting operations was killed in fall.,Fatality,,,,,,,,,,,,,,
1/14/2014,"Park Group Construction LLC, Cameron, LA 70631",Four carpenters were hospitalized after being shocked by power lines during scaffold setup.,Catastrophe,,,,,,,,,,,,,,
1/14/2014,"Summit Engineering Inc., Pikeville, KY 41501",Worker killed in motor vehicle collision.,Fatality,,,,,,,,,,,,,,
1/13/2014,"Danceworks Chicago Inc., Chicago, IL 60630",Dancer struck and killed by a steel aerial acrobatics ring during rehearsal.,Fatality,,,,,,,,,,,,,,
1/13/2014,"F.W. Kibler Milling Co. Inc., Mount Orab, OH 45154",Worker unloading a pallet from boom truck was killed when  forklift tipped over.,Fatality,,,,,,,,,,,,,,
1/13/2014,"Hirai Farms LLC, Wendell, ID 83355",Worker crushed between a semi-truck and a combine.,Fatality,,,,,,,,,,,,,,
1/13/2014,"J. H. Findorff & Son Inc., Madison, WI 53725",Worker died after falling from a scaffold.,Fatality,,,,,,,,,,,,,,
1/13/2014,"Lee's Transport Company Inc., Holden, WV 25625",Worker died in fall from flat bed trailer.,Fatality,,,,,,,,,,,,,,
1/13/2014,"Moorhead Brothers Inc., London, OH 43140",Worker struck and killed by a truck.,Fatality,,,,,,,,,,,,,,
1/13/2014,"Pirtle Farms, LP , Dexter, NM 88230",Worker struck and killed by falling corn silage.,Fatality,,,,,,,,,,,,,,
1/13/2014,"Skyline Roofing, Inc., St. George, UT 84770",Worker died in fall from roof.,Fatality,,,,,,,,,,,,,,
1/12/2014,"Auto Laundry Car Wash Corporation, Brooklyn, NY 11216",Worker struck and killed by motor vehicle.,Fatality,,,,,,,,,,,,,,
1/12/2014,"Maryland Environmental Service, Scotland, MD  20619",Worker killed in fall from ladder.,Fatality,,,,,,,,,,,,,,
1/11/2014,"TVEK Enterprises, Mingo Junction, OH 43938",Worker died after becoming caught in belt and pulley moving dirt pile.,Fatality,,,,,,,,,,,,,,
1/10/2014,"Dept. of Homeland Security Customs Border Patrol, Falfurrias, TX 78355",Three border patrol workers hospitalized when their helicopter made a hard-landing.,Catastrophe,,,,,,,,,,,,,,
1/10/2014,"Gary Jurin Logging, Hayfork, CA 96041",Worker fatally crushed by fallen tree.,Fatality,,,,,,,,,,,,,,
1/10/2014,"Grand Villa of Delray West, Delray Beach, FL 33484",Worker drowned when the vehicle he was driving was carried away by floodwater.,Fatality,,,,,,,,,,,,,,
1/10/2014,"South Georgia Staffing Inc., Sparks, GA 31647",Worker struck and killed by vehicle.,Fatality,,,,,,,,,,,,,,
1/9/2014,"Greene's Energy Group LLC, Campo, CO 81029",Worker struck and killed by chocker while trying to free semi-truck from an excavator.,Fatality,,,,,,,,,,,,,,
1/9/2014,"United Signs & Signals Inc., Hernando, FL 34442",Three workers hospitalized after being struck and shocked by falling light pole. ,Catastrophe,,,,,,,,,,,,,,
1/8/2014,"Motion Envelopes, Dallas, TX 75212",Worker electrocuted while working on press machine.,Fatality,,,,,,,,,,,,,,
1/8/2014,"Pacific Architects and Engineers Inc., Eglin AFB, FL 32542",Worker died after being engulfed in fire suppressant foam that  filled hangar.,Fatality,,,,,,,,,,,,,,
1/8/2014,"R R Dawson Bridge Company LLC, Montgomery, AL 36101",Two workers killed in fall from aerial platform. ,Fatality,,,,,,,,,,,,,,
1/8/2014,"TOA (USA), LLC, Mooresville, IN 46158",Worker died from burns caused by a stationery welder.,Fatality,,,,,,,,,,,,,,
1/7/2014,"Bill Collins Ford, Inc. , Louisville, KY 40218",Worker pinned and crushed by car during oil change.,Fatality,,,,,,,,,,,,,,
1/7/2014,"Messer Construction Co. Inc., Amarillo, TX 79109",Worker struck and killed by vehicle that fell off fork lift. ,Fatality,,,,,,,,,,,,,,
1/7/2014,"Siletz Trucking, Inc. , Grand Ronde, OR 97347",Worker killed when log truck he was driving fell down a ravine.,Fatality,,,,,,,,,,,,,,
1/7/2014,"Tiger Sanitation Inc., San Antonia, TX 78263",Worker struck and killed by vehicle while exiting refuse collection truck. ,Fatality,,,,,,,,,,,,,,
1/6/2014,"Benton Packing, LLC, Clearfield, UT 84016",Worker struck and killed by a motor vehicle.,Fatality,,,,,,,,,,,,,,
1/6/2014,"North Coast Iron Corp, Seattle, WA 98109",Worker killed in fall from scaffold.,Fatality,,,,,,,,,,,,,,
1/4/2014,"H & L Landscaping Inc., Sanford, FL 32773",Worker electrocuted by overhead power lines while tree trimming.,Fatality,,,,,,,,,,,,,,
1/3/2014,"Lee County Electric Cooperative Inc., North Fort Myers, FL 33917",Worker killed in a motor vehicle collision. ,Fatality,,,,,,,,,,,,,,
1/3/2014,"Liquid Environmental Solutions, Arlington, TX 76012",Worker struck and killed when pressurized tank failed.,Fatality,,,,,,,,,,,,,,
1/2/2014,"H.E.R. Engineering Inc., Ruskin, FL 33572",Worker died after being engulfed by a collapsed trench. ,Fatality,,,,,,,,,,,,,,
1/2/2014,"Propper Bulk Handlers Corporation, Fairless Hills, PA 19030",Worker operating excavator died after being engulfed by collapsed salt pile.,Fatality,,,,,,,,,,,,,,
1/1/2014,"Wal-Mart Stores, Inc., Clinton, IA 52732",Worker killed in fall from ladder.  ,Fatality,,,,,,,,,,,,,,
12/31/2013,"Anchor Roofing, Palestine, TX 75801",Worker died after falling from roof. ,Fatality,,,,,,,,,,,,,,
12/31/2013,"Carlson Siding and Construction LLC, Normal, IL 61761",Worker performing siding activities killed in fall from roof.,Fatality,,,,,,,,,,,,,,
12/31/2013,"Lyon Shipyard, Norfolk, VA 23523",Worker struck and killed by falling dredge pipe. ,Fatality,,,,,,,,,,,,,,
12/31/2013,"Nabors Drilling USA LP, Gonzales, TX 78629",Worker died from burns after falling through broken access door into hot mud pit.,Fatality,,,,,,,,,,,,,,
12/31/2013,"Nabors Drilling USA, Williston, ND 58801",Worker struck and killed by falling section of drilling pipe.,Fatality,,,,,,,,,,,,,,
12/30/2013,"Bond Auto Parts,  Springfield, VT 05156",Worker killed in a motor vehicle collision.,Fatality,,,,,,,,,,,,,,
12/30/2013,"Five Star International LLC, Erie, PA 16509",Worker crushed and killed when vehicle fell onto him. ,Fatality,,,,,,,,,,,,,,
12/30/2013,"Jericho Services Inc., Dacoma, OK 73731",Worker killed when his vehicle was struck by a train.,Fatality,,,,,,,,,,,,,,
12/30/2013,"Lexanic Transport and Logistic Inc., Santa Fe Springs, CA 90670",Worker was crushed between a semi-trailer truck and a loading dock.,Fatality,,,,,,,,,,,,,,
12/30/2013,"Signature Flight Support Corporation, East Boston,  MA 02128",Worked struck by truck and crushed against jet fuel pump and tanks.          ,Fatality,,,,,,,,,,,,,,
12/30/2013,"Washington Metropolitan Area Transit Authority, Silver Spring, MD 20904",Worker crushed between bus and wall.,Fatality,,,,,,,,,,,,,,
12/30/2013,"Yates Farms, Inc., Slaughters, KY 42456",Worker struck and killed by tree while conducting cutting operations.,Fatality,,,,,,,,,,,,,,
12/29/2013,"Blue Line Drilling Co. LLC, San Angelo, TX 76901",Worker struck and killed by truck when it rolled back while flatbed was being unhitched.,Fatality,,,,,,,,,,,,,,
12/28/2013,"1900 Lincoln Highway ABF Freight Systems Inc., Sauk Village, IL 60411",Worker struck and killed by a trailer yard tractor.,Fatality,,,,,,,,,,,,,,
12/27/2013,"West Coast Roofing, Ventura, CA 93003",Worker died in fall through roof opening.,Fatality,,,,,,,,,,,,,,
12/26/2013,"DirectTV, St. Louis, MO 63101",Worker driving a van killed in vehicle collision.,Fatality,,,,,,,,,,,,,,
12/26/2013,"P.S. Demolition Inc., Vernon Hills, IL 60061",Worker struck and killed by a piece of falling precast concrete.,Fatality,,,,,,,,,,,,,,
12/25/2013,"Bureau of Reclamation Pacific Northwest Region, Coulee City, WA 99115",Worker inspecting flood gate died in fall from edge of dam.,Fatality,,,,,,,,,,,,,,
12/25/2013,"Eschbach Charles P, Everett, WA 98208",Worker crushed to death by motor vehicle while replacing rear shocks.,Fatality,,,,,,,,,,,,,,
12/24/2013,"Scholes Electric & Communications, Bridgewater, NJ 08807",Worker electrocuted by energized panel.,Fatality,,,,,,,,,,,,,,
12/23/2013,"Lutton Trucking, Inc., McCleary, WA 98557",Worker transporting logs killed in vehicle collision.,Fatality,,,,,,,,,,,,,,
12/23/2013,"Texas H&H Contractors, Mission, TX 78574",Worker performing painting died in fall from scissor lift.,Fatality,,,,,,,,,,,,,,
12/22/2013,"Tovar Snow Professionals Inc., Oak Brook, IL 60522",Worker killed in fall from truck during roadway salting oeprations.,Fatality,,,,,,,,,,,,,,
12/21/2013,"Mid-America Liner, Seiling, OK 73663",Worker in a company passenger van killed in vehicle collision. ,Fatality,,,,,,,,,,,,,,
12/21/2013,"Rockford Public School District 205 - Guilford HS,  Rockford, IL  61114",Worker died from head injuries after falling.,Fatality,,,,,,,,,,,,,,
12/19/2013,"Carrollton Farmer's Exchange, Mechanicstown, OH 44651",Worker died after delivery truck parked on icy incline rolled over onto him.  ,Fatality,,,,,,,,,,,,,,
12/19/2013,"Don King, Blacklick, OH 43004",Worker cutting tree died after being struck by limb and falling to the ground.,Fatality,,,,,,,,,,,,,,
12/19/2013,"Northern  Vermont Traffic Control, LLC, Eden, VT  05652",Two workers killed in vehicle collision while returning from job site.,Fatality,,,,,,,,,,,,,,
12/19/2013,"Robinson Grain Company LLC, Panhandle, TX 79068",Worker struck and killed by train.,Fatality,,,,,,,,,,,,,,
12/19/2013,"W.G. Yates & Sons Construction Company, Perry, FL 32348",Worker died from exposure to chlorine dioxide.,Fatality,,,,,,,,,,,,,,
12/18/2013,"C & R Towing, Eugene, OR 97402 ",Worker crushed by vehicle during servicing.,Fatality,,,,,,,,,,,,,,
12/18/2013,"Carlos Bernal Concrete, Haslet, TX 76052",Worker cleaning manhole covers struck and killed by motor vehicle.,Fatality,,,,,,,,,,,,,,
12/18/2013,"ISI Construction, Repair, and Maintenance Inc., San Antonio, TX 78223",Worker struck and killed by motor vehicle while removing traffic signs.,Fatality,,,,,,,,,,,,,,
12/18/2013,"Loomis US, Houston, TX 77042",Worker shot and killed after exiting armored truck with money.,Fatality,,,,,,,,,,,,,,
12/18/2013,"Riceland Foods Inc., Tuckerman, AR 72473",Worker killed in fall after being knocked from elevated pallet by cable. ,Fatality,,,,,,,,,,,,,,
12/18/2013,"United Pulse Trading Inc., Williston, ND 58801",Worker crushed to death by forklift.,Fatality,,,,,,,,,,,,,,
12/17/2013,"Hunter Hauling LLC, N. Moulton, TX 77975",Worker killed by blast from tank trailer that exploded during welding operations.,Fatality,,,,,,,,,,,,,,
12/17/2013,"Jasdem Inc., Belton, TX 76513",Worker power washing asphalt tank struck and killed by piece of falling asphalt.,Fatality,,,,,,,,,,,,,,
12/17/2013,"Maribon Group Inc., Appleton, WI 54914",Victim killed in a weather-related vehicle collision.,Fatality,,,,,,,,,,,,,,
12/16/2013,"NYSDSP Troop T Fultonville Station, Amsterdam, NY 12010",Worker died when his parked vehicle was rear-ended by tractor trailer.,Fatality,,,,,,,,,,,,,,
12/16/2013,"Pacific Steel & Recycling, Boise, ID 83702",Worker killed when the powered industrial truck he was driving flipped over. ,Fatality,,,,,,,,,,,,,,
12/16/2013,"Pardel Export Company Inc., Miami, FL 33166",Worker struck and killed by machinery parts that fell from truck during offloading.,Fatality,,,,,,,,,,,,,,
12/15/2013,"Tarsco, Corpus Christi, TX 78409",Two workers killed in fall from rafters when the column they were installing collapsed.,Fatality,,,,,,,,,,,,,,
12/15/2013,"US Steel Great Lakes Works Div, Ecorse, MI  48229",Worker killed in steel plant explosion.,Fatality,,,,,,,,,,,,,,
12/14/2013,"Accurate Elevator Fire Door Corp., New York, NY 10024",Worker struck and killed by brick.  ,Fatality,,,,,,,,,,,,,,
12/14/2013,"G and J Pepsi Cola Bottlers Inc., Columbus, OH 43219",Worker killed in vehicle collision.,Fatality,,,,,,,,,,,,,,
12/14/2013,"The Comp Dairy Farm LPD, Dorset, OH 44032",Worker killed when tractor flipped over into manure pond.,Fatality,,,,,,,,,,,,,,
12/13/2013,"Cajun Sugar Cooperative INC., New Iberia, LA 70563",Worker died after being caught in rollers of sugar cane crusher,Fatality,,,,,,,,,,,,,,
12/13/2013,"Deep River Dyeing Company, Inc., Randleman, NC 27317",Worker killed when he fell into centrifuge extractor.,Fatality,,,,,,,,,,,,,,
12/13/2013,"South Green Transportation, Ontario, CA 91761",Worker crushed by truck.,Fatality,,,,,,,,,,,,,,
12/12/2013,"Fairfield Maintenance Inc., Livingston, NJ 07039",Worker struck and killed by dump truck while refilling underground fuel tank.,Fatality,,,,,,,,,,,,,,
12/12/2013,"MCG Drilling, Abilene, TX 79605",Worker struck and killed by trash vehicle that was backing up.,Fatality,,,,,,,,,,,,,,
12/11/2013,"Anderson Ferry Inc., Hebron, KY 41048",Worker drowned after falling off ferry.,Fatality,,,,,,,,,,,,,,
12/11/2013,"Big Valley Labor,  Merced, CA 95348+B217",Worker killed when gas tank exploded during welding operations.,Fatality,,,,,,,,,,,,,,
12/11/2013,"Cimco Refrigeration Inc., Athens, GA 30608",Worker died in fall from roof.,Fatality,,,,,,,,,,,,,,
12/11/2013,"Fresh Tracks Farm, LLC.,  Berlin, VT  05602",Worker struck and killed by falling tree.,Fatality,,,,,,,,,,,,,,
12/11/2013,"NiCorr/Pioneer (Jarod), Tippecanoe, IN 46570",Worker crushed between piece of machinery and trailer.,Fatality,,,,,,,,,,,,,,
12/11/2013,"Ronald Weber Farms, Saint John, KS 67576",Worker crushed and killed between rear wheel and wheel hub of tractor.,Fatality,,,,,,,,,,,,,,
12/10/2013,"Anderson Ferry Inc., Hebron, KY 41048",Worker drowned after falling from deck of ferry.,Fatality,,,,,,,,,,,,,,
12/10/2013,"CEMEX, Louisville, KY 40200",Worker struck and killed by motor vehicle while performing flagging duties.,Fatality,,,,,,,,,,,,,,
12/10/2013,"Morris County MUA, Hanover, NJ  07950    ",Worker died after slipping on ice while trying to get into recyling compactor truck.,Fatality,,,,,,,,,,,,,,
12/10/2013,"Pleasant View Gardens Inc., Loudon, NH 03307",Worker died after being trapped between steel structure and scissor lift.,Fatality,,,,,,,,,,,,,,
12/10/2013,"Western Heating & Air Conditioning Inc., Garden City, ID 83714",Worker died in fall from ladder. ,Fatality,,,,,,,,,,,,,,
12/9/2013,"Boston Bridge & Steel Inc., Boston, MA 02128",Worker killed when steel arch in shop tipped over.,Fatality,,,,,,,,,,,,,,
12/9/2013,"Citizens-Shallowater Co-Op Gin, Shallowater, TX 79363",Worker struck and killed by train.,Fatality,,,,,,,,,,,,,,
12/9/2013,"City Recycling Corp., Melville, NY 11747",Worker struck and killed by compactor.,Fatality,,,,,,,,,,,,,,
12/9/2013,"OR Express, Fresno, CA 93710",Worker crushed to death between loading dock and tractor trailer.,Fatality,,,,,,,,,,,,,,
12/7/2013,"Nation Pizza and Foods, Schaumburg, IL 60173",Temporary worker died after forklift he was operating fell between truck and dock. ,Fatality,,,,,,,,,,,,,,
12/7/2013,"Richard Ahlers Carpentry, Jacksonville, FL 32225",Worker repairing roof died in fall from stepladder.,Fatality,,,,,,,,,,,,,,
12/6/2013,"Chermac Builders Inc., Henderson, NV 89074",Worker killed in fall from extension ladder.,Fatality,,,,,,,,,,,,,,
12/6/2013,"Nicolas Obispo, Los Angeles, CA 90025",Worker died in fall from palm tree.,Fatality,,,,,,,,,,,,,,
12/5/2013," East Coast Fireproofing, Boston, MA 02122",Worker died after being caught between steel beam and scissor lift.,Fatality,,,,,,,,,,,,,,
12/5/2013,"Country Mark Refining and Logistics LLC, Henderson, KY 42420",Worker died in fall from stairs on diesel storage tank.,Fatality,,,,,,,,,,,,,,
12/5/2013,"E Con Inc., Old Town, ME 04468",Worker died in fall from trusses.,Fatality,,,,,,,,,,,,,,
12/5/2013,"Municipal District Services LLC, Cypress, TX 77433",Worker killed in trench wall collapse.,Fatality,,,,,,,,,,,,,,
12/5/2013,"U.S. Postal Service, Westminister, CO 80020",Postal worker died in a vehicle collision.,Fatality,,,,,,,,,,,,,,
12/5/2013,"United States Sugar Corporation, Clewiston, FL 33440",Excavator operator died after receiving multiple bee stings.,Fatality,,,,,,,,,,,,,,
12/5/2013,"Young Life, Colorado Springs, CO 80901",Worker killed in vehicle collision.,Fatality,,,,,,,,,,,,,,
12/4/2013,"FM Ring Associates Inc., New York, NY 10010",Worker killed in fall down elevator shaft.,Fatality,,,,,,,,,,,,,,
12/4/2013,"Genco, Avenel, NJ 07001",Temporary worker died in fall after being caught in a sorter.  ,Fatality,,,,,,,,,,,,,,
12/4/2013,"Lockheed Martin, Kirkland AFB, NM 87117",Worker struck and killed by cement truck.,Fatality,,,,,,,,,,,,,,
12/4/2013,"Pratt Industries Inc., Conyers, GA 30013",Worker killed when caught in conveyor during cleaning.,Fatality,,,,,,,,,,,,,,
12/3/2013,"Deangelo Brothers Inc., Jacksonville, FL 32219",Worker killed in vehicle collision.,Fatality,,,,,,,,,,,,,,
12/3/2013,"Farmer's Union Oil Company Inc., Watford City, ND 58854",Worker performing petroleum delivery killed in vehicle collision. ,Fatality,,,,,,,,,,,,,,
12/3/2013,"KWS Manufacturing Company, Burleson, TX 76028",Worker clearing pipe died after being caught in spiral reamer. ,Fatality,,,,,,,,,,,,,,
12/3/2013,"Lafayette County Road and Bridge Department, Odessa, MO 64076",Worker struck and killed by falling boom. ,Fatality,,,,,,,,,,,,,,
12/3/2013,"Lindamood Demolition Inc., College Station, TX 77843",Worker operating skidsteer crushed and killed when it fell over retaining wall.,Fatality,,,,,,,,,,,,,,
12/3/2013,"Savanna Energy Services, Barnhart, TX 76930",Worker died after falling from forklift basket.,Fatality,,,,,,,,,,,,,,
12/2/2013,"AA Randall and Sons, Calais, ME 04619",Worker died in fall from ladder.,Fatality,,,,,,,,,,,,,,
12/2/2013,"Cotterman & Sons LLC, Lorain, OH 44053",Worker struck and killed by steel waste container being hoisted onto truck.,Fatality,,,,,,,,,,,,,,
12/2/2013,"Davis Motor Coach Ltd, Alliance, OH 44601",Worker performing repairs under bus crushed and killed when vehicle settled.,Fatality,,,,,,,,,,,,,,
12/2/2013,"Halmar International, Maybrook, NY 12543",Worker crushed and killed by formwork that collapsed during concrete pour.,Fatality,,,,,,,,,,,,,,
12/2/2013,"Wilcox Farms Inc., Roy, WA 98580",Worker died after being engulfed in corn when grain silo collapsed.,Fatality,,,,,,,,,,,,,,
11/30/2013,"NYCPD Traffic Division, New York, NY 10017",Traffic enforcement officer struck and killed by truck.  ,Fatality,,,,,,,,,,,,,,
11/29/2013,"City of Greenville, Greenville, SC 29601",Worker struck and killed by sanitation truck driving in reverse.,Fatality,,,,,,,,,,,,,,
11/28/2013,"Argueta Carpentry Inc., Silver Spring, MD 20906",Construction worker died in fall from ladder.,Fatality,,,,,,,,,,,,,,
11/27/2013,"Interstate Paper LLC, Riceboro, GA 31323",Worker crushed by steel clamp of truck used to lift heavy paper.,Fatality,,,,,,,,,,,,,,
11/26/2013,"Cardinal Health LLC, Houston, TX 77073",Worker died after being pinned between trailer and truck that was backing up.,Fatality,,,,,,,,,,,,,,
11/26/2013,"Easterly Hauling, Barron, WI 54812",Truck driver struck and killed by hay bale while loading trailer.,Fatality,,,,,,,,,,,,,,
11/26/2013,"NRG Reserves Inc., Orchard, TX 77464",Worker died after being caught between oil rig and valve.,Fatality,,,,,,,,,,,,,,
11/25/2013,"Darmon Construction Inc., Mission Viejo, CA   92691 ",Worker died in fall from ladder while remodeling retail space.,Fatality,,,,,,,,,,,,,,
11/25/2013,"Mehta and Associates Inc., Titusville, FL 32796",Worker struck and killed by dump truck.,Fatality,,,,,,,,,,,,,,
11/25/2013,"Rivers Edge Construction, Rio Vista, CA 94571",Worker drowned when excavator fell into a river.,Fatality,,,,,,,,,,,,,,
11/25/2013,"Texas Honing Inc., Pearland, TX 77581",Worker died after being caught in boring machine.,Fatality,,,,,,,,,,,,,,
11/24/2013,"RDS Trucking Inc., Austin, MN 55912",Snow plow operator died from injuries suffered in fall from plow.,Fatality,,,,,,,,,,,,,,
11/23/2013,"Blackrock  Milling LLC, Tampa, FL 33619",Worker struck and killed by dump truck.,Fatality,,,,,,,,,,,,,,
11/23/2013,"Highline Construction, Decorah, IA 52101",Worker electrocuted by power lines.,Fatality,,,,,,,,,,,,,,
11/23/2013,"Spencer Gifts LLC, Egg Harbor Township, NJ 08234",Worker died in fall from step ladder.,Fatality,,,,,,,,,,,,,,
11/23/2013,"U.S. Postal Service, Hyattsville, MD 20784",Postal carrier shot and killed during mail delivery.,Fatality,,,,,,,,,,,,,,
11/22/2013,"Applied Flooring Solutions LLC, Menomonee Falls, WI 53051",Worker crushed and killed under cargo trailer loading ramp. ,Fatality,,,,,,,,,,,,,,
11/22/2013,"Arrow Environmental Services LLC, Sarasota, FL 34243",Worker died in fall from ladder.,Fatality,,,,,,,,,,,,,,
11/22/2013,"ASAP Construction, Inc., Boulder, WY 82923",Five workers hospitalized after an explosion occurred during welding activities.,Fatality,,,,,,,,,,,,,,
11/22/2013,"Chris McNally Printing and Seal Coating, Central City, KY 42330",Worker died in fall from grain dryer.,Fatality,,,,,,,,,,,,,,
11/22/2013,"Gigli Hay Inc., Mi-Wuk Village, CA 95346",Worker killed when trailer struck and fell from a bridge. ,Fatality,,,,,,,,,,,,,,
11/22/2013,"Optica Network Technologies, N. Wichita, KS 67219",Maintenance worker died in fall from communication tower.,Fatality,,,,,,,,,,,,,,
11/21/2013,"Cable Communications Inc., Chicago, IL 60666",Worker died after falling from airport terminal roof.,Fatality,,,,,,,,,,,,,,
11/21/2013,"Express Lighting and Sign Maintenance LLC, Oklahoma, City, OK 73114",Worker electrocuted by shock from sign.,Fatality,,,,,,,,,,,,,,
11/21/2013,"R&R Excavating Inc. dba Misikawa Concrete Asphalt Recycling, Mishikawa, IN 46545",Worker struck and killed by tree limb. ,Fatality,,,,,,,,,,,,,,
11/21/2013,"Schneider National Inc., Pasadena, CA",Worker killed in vehicle collision.,Fatality,,,,,,,,,,,,,,
11/21/2013,"Tapco, Bayamon, PR 00956",Worker electrocuted while installing cable. ,Fatality,,,,,,,,,,,,,,
11/21/2013,"Wyman Museum, Craig, CO 81625",Working died in fall through roof.,Fatality,,,,,,,,,,,,,,
11/20/2013,"Calfrac Well Services Corp., Catarina, TX 78836",Worker struck and killed by end cap that blew off well.,Fatality,,,,,,,,,,,,,,
11/20/2013,"Direct Asphalt Paving, Michigan Center, MI 49254",Worker crushed and killed between bucket and frame of dump truck.,Fatality,,,,,,,,,,,,,,
11/20/2013,"DKS Lumber, West Finley, PA 15377",Worker crushed and killed by falling tree.,Fatality,,,,,,,,,,,,,,
11/20/2013,"Gault Limited Inc., Lenexa, KS 66227",Worker struck and killed by tractor-trailer backing into loading dock.,Fatality,,,,,,,,,,,,,,
11/20/2013,"M.C. Gill dba Edison Electric, El Monte, CA 91730",Electric company worker electrocuted.,Fatality,,,,,,,,,,,,,,
11/20/2013,"NYSDSP, Letchworth State Park,  Castile, NY  14427",State Trooper died in fall during special operations training.,Fatality,,,,,,,,,,,,,,
11/19/2013,"F&P Construction, Reno, NV 89502",Worker struck and killed by water truck that backed over him.,Fatality,,,,,,,,,,,,,,
11/19/2013,"Lakewood Exteriors LLC, Millville, NJ 08332",Worker died after falling through hole in roof.,Fatality,,,,,,,,,,,,,,
11/19/2013,"MA Drywall Corp., Fort Mill, SC 29715",Worker died in fall from roof.,Fatality,,,,,,,,,,,,,,
11/19/2013,"Nicholson Terminal & Dock Company, Detroit, MI 48209",Terminal worker run over and killed by forklift truck.,Fatality,,,,,,,,,,,,,,
11/18/2013,"Cap Form, Richardson, TX 75082",Worker died after falling through floor hole in building under construction.,Fatality,,,,,,,,,,,,,,
11/18/2013,"Cooper/T. Smith, Darrow, LA 70725",Barge worker crushed and killed by falling sacks.,Fatality,,,,,,,,,,,,,,
11/18/2013,"Free Service Tire Company Inc., Kingsport, TN 37663",Worker struck and killed by vehicle.,Fatality,,,,,,,,,,,,,,
11/18/2013,"Marc-On Services LLC League City, TX 77573",Worker killed by overturned compactor.,Fatality,,,,,,,,,,,,,,
11/18/2013,"MTL Design Inc., Pulaski, NY 13142",Worker killed after being knocked off roof by wind gust.,Fatality,,,,,,,,,,,,,,
11/18/2013,"Pike Electric LLC, Indianapolis, IN 46202",Worker struck and killed by motor vehicle while responding to storm-related emergency call.,Fatality,,,,,,,,,,,,,,
11/17/2013,"Nucor-Yamato Steel, Blytheville, AR 72315",Eleven employees hospitalized due to chlorine dioxide exposure at steel foundry.,Catastrophe,,,,,,,,,,,,,,
11/16/2013,"Dixie Hauling and Excavating LLC, Adamsville, AL 35005",Worker struck and killed by a motor vehicle.,Fatality,,,,,,,,,,,,,,
11/16/2013,"Jeremy Shulte, Lake View, IA 51450",Worker asphyxiated while making repairs inside manure application tank. ,Fatality,,,,,,,,,,,,,,
11/16/2013,"Pepper Contracting Services Inc., Tampa, FL 33607",Worker struck and killed by a dump truck.  ,Fatality,,,,,,,,,,,,,,
11/16/2013,"Twin Peaks Erectors Inc., Boulder, CO 80304",Worker installing decking died after falling from roof.,Fatality,,,,,,,,,,,,,,
11/15/2013,"Ballard Marine Construction, Seattle, WA 98116",Worker died after being trapped in capsized boat. ,Fatality,,,,,,,,,,,,,,
11/15/2013,"BDB Masonry Corp, New York, NY 10003",Worker died in fall from scaffold. ,Fatality,,,,,,,,,,,,,,
11/15/2013,"Chevron Pascagoula Refinery, Pascagoula, MS 39568",Worker killed in furnace explosion. ,Fatality,,,,,,,,,,,,,,
11/15/2013,"Precast Management Corporation, Sloan, NV 89054",Worker was crushed and killed by sound walls.,Fatality,,,,,,,,,,,,,,
11/14/2013,"Fairview Contractors Inc., Stockbridge, MA 01262",Roofing worker died in fall from scaffold.,Fatality,,,,,,,,,,,,,,
11/14/2013,"MD State Highway Administration, Parkville, MD 21234",One worker was killed and another injured when a motor vehicle struck them.,Fatality,,,,,,,,,,,,,,
11/14/2013,"Popham Forest Products, Newton, TX 75966",Worker crushed and killed by log skidder.,Fatality,,,,,,,,,,,,,,
11/13/2013,"Jerry Resendez Enterprise Inc., Laredo, TX 78040",Worker struck and killed by roller while performing street repairs. ,Fatality,,,,,,,,,,,,,,
11/13/2013,"MBI Energy Services Inc., Mandaree, ND 58757",Worker driving tanker trailer killed in vehicle collision. ,Fatality,,,,,,,,,,,,,,
11/13/2013,"Pangere Corporation, Gary, IN 46406",Iron worker killed and three others injured when a blast oxygen furnace rubble pit wall plate fell on them.  ,Fatality,,,,,,,,,,,,,,
11/13/2013,"Timberline Construction Inc., Williston, ND 58801",Worker killed in trench collapse.,Fatality,,,,,,,,,,,,,,
11/12/2013,"Bill Evans, Ramona, OK 74061",Worker electrocuted while testing transformer.,Fatality,,,,,,,,,,,,,,
11/12/2013,"Eagle Pass Ranch Limited Partnership, Highmore, SD 57345",Worker electrocuted by overhead power line. ,Fatality,,,,,,,,,,,,,,
11/12/2013,"United Parcel Service, Noonan, ND 58765",Worker killed in vehicle collision. ,Fatality,,,,,,,,,,,,,,
11/11/2013,"Recycle Force, Indianapolis, IN 46202",Worker died after being crushed between forklift and guard rail.,Fatality,,,,,,,,,,,,,,
11/10/2013,"Charles Clark, Schaumburg, IL 60173",Worker unloading truck crushed and killed by falling freight.,Fatality,,,,,,,,,,,,,,
11/10/2013,"Ken Greco Company Inc., Youngstown, OH 44502",Worker struck and killed by springing coil.,Fatality,,,,,,,,,,,,,,
11/10/2013,"Seal Security Solutions LLC, Houston, TX 77060",Security worker shot and killed.  ,Fatality,,,,,,,,,,,,,,
11/10/2013,"Villager Construction Inc., Lexington, SC 29072",Worker struck and killed by vehicle in a construction work zone.,Fatality,,,,,,,,,,,,,,
11/9/2013,"CEFCO, Bossier City, LA 71112",Cashier was fatally shot during a robbery.,Fatality,,,,,,,,,,,,,,
11/9/2013,"Wildcat Haven Inc., Sherwood, OR 97140",Worker was killed by a captive cougar.,Fatality,,,,,,,,,,,,,,
11/8/2013,"Affiliated Temp Help, Vernon, CA 90058",Worker crushed by a bundle of falling metal rods.,Fatality,,,,,,,,,,,,,,
11/8/2013,"C&Y Transportation Company, Casper, WY 82605",Worker struck and killed by drill pipe that fell from rail car during unloading.,Fatality,,,,,,,,,,,,,,
11/8/2013,"Pieco Services Property Management, Williamstown, NJ 08094",Worker died when the street sweeper he was operating was struck by a truck.,Fatality,,,,,,,,,,,,,,
11/8/2013,"RJE Services, Newnan, GA 30263",Worker died after falling while installing siding.,Fatality,,,,,,,,,,,,,,
11/7/2013,"American Vinyl Company, Opa Locka, FL 33054","Worker was struck and killed when an 8,000 gallon oil tank ruptured. ",Fatality,,,,,,,,,,,,,,
11/7/2013,"Heart of America Medical Center, Rugby, ND 58368",Worker was killed in a vehicle collision.,Fatality,,,,,,,,,,,,,,
11/7/2013,"HSI Metal Stamping Inc., Buffalo, MN 55313+B333",Worker struck and killed by parts ejected from running punch press.,Fatality,,,,,,,,,,,,,,
11/7/2013,"Hunter Woodworks, Carson, CA 90810",Worker killed in fall from roof.,Fatality,,,,,,,,,,,,,,
11/7/2013,"Ryan Auto Sales Inc., Minot, ND 58701",Worker was killed in a vehicle collision.,Fatality,,,,,,,,,,,,,,
11/7/2013,"Superior Transportation Inc., Manning, SC 29102",Worker struck and killed by truck trailer. ,Fatality,,,,,,,,,,,,,,
11/7/2013,"Universal Steel Supply Inc., Garden City, GA 31408",Worker was crushed when a steel plate fell over onto him. ,Fatality,,,,,,,,,,,,,,
11/7/2013,"Valley Prestressed Products Inc., Eagle Lake, TX 77434",Worker was crushed after being trapped under a form use to make concrete products.,Fatality,,,,,,,,,,,,,,
11/7/2013,"Warlock Atlantic Inc., Martin, SC 29836",Worker in aerial lift struck and killed by falling steel beam.,Fatality,,,,,,,,,,,,,,
11/6/2013,"Cummings Paving and Recycling LLC, Yorktown, TX 78164",Worker was struck and killed by an asphalt truck that backed up onto him.,Fatality,,,,,,,,,,,,,,
11/6/2013,"Fletcherville Car Crushing, Wichita Falls, TX 76310",Worker was crushed between a loader and a compacted car.,Fatality,,,,,,,,,,,,,,
11/6/2013,"Hillcrest Memorial Cemetery, Edinburg, TX 78539",Worker was struck and killed by a shifting burial monument.,Fatality,,,,,,,,,,,,,,
11/6/2013,"Mirage Hotel and Casino, Las Vegas, NV 89109",Worker died after falling from a palm tree he was cutting.,Fatality,,,,,,,,,,,,,,
11/6/2013,"Nu-Way Roofing Inc., Mt. Sterling, KY 40353",Worker was killed when a gust of wind knocked him off a roof.,Fatality,,,,,,,,,,,,,,
11/6/2013,"US Postal Service, Bethune, SC 29009",Mail carrier was killed in a vehicle collision.,Fatality,,,,,,,,,,,,,,
11/5/2013,"A-Core Concrete Cutting, Crescent Valley, NV 89821",Two workers were killed and two injured in a construction zone vehicle collision.,Fatality,,,,,,,,,,,,,,
11/5/2013,"Airgas USA LLC, Hutchinson, KS 67501",Worker was struck and killed by an oxygen bottle when a pressure valve ruptured.,Fatality,,,,,,,,,,,,,,
11/5/2013,"Creative Christmas Inc., New York, NY 10023",Worker installing lights died after falling from basket of an aerial boom-lift that was struck by a trailer.,Fatality,,,,,,,,,,,,,,
11/5/2013,"Dale Hofman, Everett, WA 98208",Worker died after falling  from a tree being harvested.,Fatality,,,,,,,,,,,,,,
11/5/2013,"Exclusive Motors, Placentia, CA 92870",Worker detailing a car was crushed when the  vehicle rolled back on him.  ,Fatality,,,,,,,,,,,,,,
11/5/2013,"Hughes Electrical Contractors Inc., Portland, OR 97201",Worker  electrocuted by an energized 277-volt power circuit.,Fatality,,,,,,,,,,,,,,
11/5/2013,"JHOS Logistics and Transportation Inc., Wilmington, CA 90744",Worker died after being thrown 15 feet from an overturned forklift.,Fatality,,,,,,,,,,,,,,
11/5/2013,"Piatak Meats, Merrillville, IN 46410",Worker shot and killed.,Fatality,,,,,,,,,,,,,,
11/5/2013,"Reno Forklift, Fernley, NV  89408",Worker was crushed by a  powered industrial truck that rolled off a tow truck during loading.,Fatality,,,,,,,,,,,,,,
11/5/2013,"Tow Service Inc., Stafford, KS 67578",Worker was struck and killed by a vehicle while securing a bus to a semi-truck flatbed.,Fatality,,,,,,,,,,,,,,
11/5/2013,"Unknown, Newport Beach, CA 92661",Worker taking photos from a helicopter killed in fall.,Fatality,,,,,,,,,,,,,,
11/4/2013,"Century Metals And Supplies, Bushnell, FL 33513",Worker retrieving wooden pallets from the roadway was struck and killed by a vehicle.,Fatality,,,,,,,,,,,,,,
11/4/2013,"Halliburton Energy, Elmendorf, TX 78112",Employee was killed in a semi-truck collision. ,Fatality,,,,,,,,,,,,,,
11/4/2013,"Oster Brothers Construction LLC , Ryder, ND 58779",Worker was struck and killed by a power line pole that fell from an overhead lift.,Fatality,,,,,,,,,,,,,,
11/4/2013,"Patterson UTI Drilling LLC, Barnhart, TX 76930",Oil rig worker crushed and killed by blowout preventer.,Fatality,,,,,,,,,,,,,,
11/4/2013,"Waste Management of Oregon Inc., Arlington, OR 97812",Worker was struck and killed by a container  door.,Fatality,,,,,,,,,,,,,,
11/3/2013,"City of Oregon, Oregon City, OR 97045+B362",Police officer was shot and killed while responding to  domestic disturbance call.,Fatality,,,,,,,,,,,,,,
11/2/2013,"B Hughes Tree Service, Wall Township, NJ 07719",Worker conducting tree trimming was electrocuted by power lines.,Fatality,,,,,,,,,,,,,,
11/1/2013,"Gillies Signs and Design Inc., Bountiful, UT 84010",Worker died in fall from boom lift basket.,Fatality,,,,,,,,,,,,,,
11/1/2013,"Jensen Farms, Stephen, MN 56757",Worker was struck and killed by farm equipment.,Fatality,,,,,,,,,,,,,,
11/1/2013,"Maxx Tree Service, Eagle Grove, IA 50533",Worker died after falling from a boom lift basket.,Fatality,,,,,,,,,,,,,,
11/1/2013,"Precision Auto Sales & Body Works Inc., West Greenwich, RI 02817",Worker struck and killed by drive shaft while preparing  vehicle for towing.,Fatality,,,,,,,,,,,,,,
11/1/2013,"Ronny Little Trucking Inc., Laredo, TX 78045",Worker was crushed by pipe while offloading it from a truck. ,Fatality,,,,,,,,,,,,,,
11/1/2013,"ThyssenKrupp Elevator, Dallas, TX 75201",Maintenance worker killed after falling down elevator shaft.,Fatality,,,,,,,,,,,,,,
10/31/2013,"David Woods (self-employed handyman), Cayucos, CA 93430",Worker power washing roof died in a fall.,Fatality,,,,,,,,,,,,,,
10/31/2013,"Lyon & Son Tree Service LLC, Haddonfield, NJ 08033",Worker died after falling from a tree.,Fatality,,,,,,,,,,,,,,
10/31/2013,"Meggitt (Rockmart) Inc., Rockmart, GA 30153",Worker died after being struck by an autoclave door.,Fatality,,,,,,,,,,,,,,
10/31/2013,"Ramscape, Irvine, CA 922618",Two workers were killed and two injured when the truck they were in rolled over on highway.,Fatality,,,,,,,,,,,,,,
10/31/2013,"U.S. Postal Service, Tulsa, OK 74136",Worker operating a mail carrier vehicle was killed in a traffic collision.,Fatality,,,,,,,,,,,,,,
10/31/2013,"Weaver Bailey Contractors Inc., Alexander, AR 72002",Worker killed in a trench collapse.,Fatality,,,,,,,,,,,,,,
10/30/2013,"All Around Home Improvement LLC, Fox Point, WI 53217",Worker crushed when a residential garage collapsed on him.,Fatality,,,,,,,,,,,,,,
10/30/2013,"City of Pontiac ? Police Department, Pontiac, IL 61764",Police officer and K-9 partner were struck and killed by a motor vehicle while sitting in their patrol car.,Fatality,,,,,,,,,,,,,,
10/30/2013,"Family Dollar, Willard, OH 44890",Worker shot and killed during an attempted robbery. ,Fatality,,,,,,,,,,,,,,
10/30/2013,"Julal Construction Inc., Beverly Hills, CA 90210",Worker died after falling more than three stories through a skylight.,Fatality,,,,,,,,,,,,,,
10/30/2013,"Sierra Pacific Industries Inc., Quincy, CA 95971",Worker died after becoming tangled in equipment.,Fatality,,,,,,,,,,,,,,
10/30/2013,"Webeco LLC, Plummer, ID 83851",Worker crushed when the log truck he was riding in tipped onto its side. ,Fatality,,,,,,,,,,,,,,
10/29/2013,"Bulk Transit Corporation, Harman, WV 26270",Tractor driver died in a vehicle collision.,Fatality,,,,,,,,,,,,,,
10/29/2013,"C J Hesse Inc., New Gretna, NJ 08224",Worker struck and killed by dump truck during highway resurfacing.,Fatality,,,,,,,,,,,,,,
10/29/2013,"Chris Watterson, Akron, OH 44301",Worker using bucket truck to install building siding died after falling 15 feet.,Fatality,,,,,,,,,,,,,,
10/29/2013,"Key Energy Services Inc., Colorado City, TX 79512",Worker struck and killed by a high pressure line on rig.,Fatality,,,,,,,,,,,,,,
10/29/2013,"Mark Construction Group Corp., Hudson, NY 10520",Carpenter died after falling through a wall opening.,Fatality,,,,,,,,,,,,,,
10/28/2013,"Gilbert Logging, Belton, SC 29627",Worker was struck and killed by a falling tree.,Fatality,,,,,,,,,,,,,,
10/28/2013,"Henkels & McCoy, South Lake, TX 76092",Worker electrocuted while installing fiber optic cable near overhead power lines.,Fatality,,,,,,,,,,,,,,
10/28/2013,"Kenneth Wilson, Pagosa Springs, CO 81147",Worker painting exterior of a house died in fall from scaffold.,Fatality,,,,,,,,,,,,,,
10/28/2013,"Langford Services Inc., Ormond Beach, FL 32173",Worker died after falling from the roof of a single family residence under construction.,Fatality,,,,,,,,,,,,,,
10/28/2013,"Omega Protein Inc., Reeville, VA 22539",Worker on fishing boat drowned.  ,Fatality,,,,,,,,,,,,,,
10/28/2013,"Southern Choppers Logging, Belton, SC 29627",Worker died after being struck by cut tree.,Fatality,,,,,,,,,,,,,,
10/27/2013,"Vessel Repair Inc., Port Arthur, TX 77642",Worker asphyxiated in oxygen deficient atmosphere.,Fatality,,,,,,,,,,,,,,
10/26/2013,"James Arnett Wells, Vero Beach, FL 32967",Worker repairing a roof died after falling through a skylight.,Fatality,,,,,,,,,,,,,,
10/25/2013,"Asplundh Tree Expert Co., Benton, LA 71006",Worker trimming trees was killed when a cut tree limb caught his climbing line.,Fatality,,,,,,,,,,,,,,
10/25/2013,"Charles Harward, Ocala, FL 34470",Worker repairing leaks died after falling from roof.,Fatality,,,,,,,,,,,,,,
10/25/2013,"DJS Building & Restoration LLC, Kennebunk, ME 04043",Worker died in fall from roof of a residential building.,Fatality,,,,,,,,,,,,,,
10/25/2013,"Famous McElwee, Pomona, CA 91767",Worker driving semi-truck was killed in vehicle collision.,Fatality,,,,,,,,,,,,,,
10/25/2013,"Frank R. Morton (dba Dixie Dozer Grading), Midway Park, NC  28544",Worker died when a falling tree crushed the cab of the backhoe he was operating.,Fatality,,,,,,,,,,,,,,
10/25/2013,"GK Stones, Westminster, CA 92683",Worker was crushed and killed by slabs of granite that fell off a truck during loading.,Fatality,,,,,,,,,,,,,,
10/25/2013,"Lawrance Murrary, Chelsea, OK 74016",Worker digging fence post holes died when caught in tractor-powered auger.,Fatality,,,,,,,,,,,,,,
10/25/2013,"Quality Posting Services Inc., Douglasville, GA 30134",Worker died after falling from a billboard catwalk.,Fatality,,,,,,,,,,,,,,
10/25/2013,"Salida Ag Chemical Inc., Modesto, CA 95358",Worker hauling fertilizer in a tanker was killed in a vehicle collision.,Fatality,,,,,,,,,,,,,,
10/24/2013,"Arch Granite & Cabinetry Inc., Oklahoma, OK 73108",Worker crushed when forklift rolled over.,Fatality,,,,,,,,,,,,,,
10/24/2013,"Conrad Yelvington Sales LLC dba CYDI, Sanford, FL 32773",Worker crushed when the rail car he was riding on derailed.,Fatality,,,,,,,,,,,,,,
10/24/2013,"Joseph Smith & Sons Inc., Capitol Heights, MD 20743",Recycling yard worker struck and killed by a dump truck.,Fatality,,,,,,,,,,,,,,
10/24/2013,"Larry Strate Plumbing, Lees Summit, MO 64082",Worker connecting sewer pipe died in a trench collapse.,Fatality,,,,,,,,,,,,,,
10/24/2013,"Metaldyne Powertrain Components Inc., Twinsburg, OH 44087",Worker died in fall while replacing a belt on a conveyor motor.  ,Fatality,,,,,,,,,,,,,,
10/24/2013,"Von Arx Drayage Company Inc., Eureka, CA 95501",Truck driver was killed in vehicle crash and explosion.,Fatality,,,,,,,,,,,,,,
10/23/2013,"Bayou City Rail Inc., Cleveland, TX 77327",Back hoe operator crushed between the machine's bucket arm and outrigger. ,Fatality,,,,,,,,,,,,,,
10/23/2013,"Pick and Pull, Hammond, IN 46320",Worker died when the vehicle he was operating flipped over.,Fatality,,,,,,,,,,,,,,
10/23/2013,"Professional Transportation, Evansville, IN 47715",Worker died in a motor vehicle collision with a train.,Fatality,,,,,,,,,,,,,,
10/23/2013,"Republic Contracting Corp., Bluffton, SC 29910",Worker struck and killed by vehicle in road construction work zone.,Fatality,,,,,,,,,,,,,,
10/23/2013,"St Louis Bridge Company, West Alton, MO 63386",Skiff operator died when vessel was struck by a tow boat.,Fatality,,,,,,,,,,,,,,
10/22/2013,"A Better Way Landscaping, Amarillo, TX 79109",Worker trimming trees was electrocuted by power lines.,Fatality,,,,,,,,,,,,,,
10/22/2013,"DDA Construction, Franklin, LA 70538",Worker died in fall from a sheet metal roof.,Fatality,,,,,,,,,,,,,,
10/22/2013,"J & J Diving Corporation , Port Sulphur, LA 70083",Worker drowned while conducting diving operations. ,Fatality,,,,,,,,,,,,,,
10/22/2013,"K. Dolan Corporation, Blairsville, PA 15717",Worker crushed and killed between hydraulic rear-door of a vacuum truck and vacuum tank.,Fatality,,,,,,,,,,,,,,
10/21/2013,"BK All American Company LLC, Aiken, SC 29801 ",Worker was struck and killed by a falling I-beam.,Fatality,,,,,,,,,,,,,,
10/21/2013,"Dale T Smith Meat Packing Inc., Draper, UT 84020",Worker was crushed between the skid steer bucket and a semi-truck.,Fatality,,,,,,,,,,,,,,
10/21/2013,"Fore-Quarters Feedlot LLC, Norfolk, NE 68701",Worker died after becoming engulfed by cattle feed in an open silage pit.,Fatality,,,,,,,,,,,,,,
10/21/2013,"Landwehr Construction Inc., St. Paul, MN 55117",Worker killed when the crane he was operating tipped over.,Fatality,,,,,,,,,,,,,,
10/21/2013,"Romanoff Electric, Upper Arlington, OH 43221",Worker pulling cable was electrocuted. ,Fatality,,,,,,,,,,,,,,
10/20/2013,"Carnival Cruise Lines, New Orleans, LA 70160",Worker died after being caught between a manlift and a platform during ship maintenance.,Fatality,,,,,,,,,,,,,,
10/20/2013,"M3 Mechanical, Newport Beach, CA 92660",Worker died after falling from roof ladder.,Fatality,,,,,,,,,,,,,,
10/20/2013,"Performance Team Freight Systems Inc., Edison, NJ 08817",Worker repairing a bridge died after a falling from an aerial lift.,Fatality,,,,,,,,,,,,,,
10/20/2013,"Wrigley Manufacturing Company LLC, Chattanooga, TN 37421",Worker died after falling from a ladder that was struck by a forklift backing up.,Fatality,,,,,,,,,,,,,,
10/19/2013,"Bay Area Rapid Transit District, Walnut Creek, CA 94597",Two rail workers were struck and killed by a train.,Fatality,,,,,,,,,,,,,,
10/19/2013,"Christopher Professional Services Inc., Athens, AL 35611",Worker struck and killed by excavated material.,Fatality,,,,,,,,,,,,,,
10/19/2013,"John Boak Logging LLC, Humboldt, CA 95519",Worker was struck and killed by a falling tree. ,Fatality,,,,,,,,,,,,,,
10/19/2013,"Martin Roofing Services Inc., Wilkesboro, NC 28697",Worker was struck and killed by falling brick.,Fatality,,,,,,,,,,,,,,
10/19/2013,"Stopski Construction, Minnetonka, MN 55305",Construction worker died after falling from a ladder.,Fatality,,,,,,,,,,,,,,
10/18/2013,"Big Sky General Rental Inc., Butte, MT 59701",Employee killed after being ejected from aerial lift basket.,Fatality,,,,,,,,,,,,,,
10/18/2013,"Roberto Rodas Ortiz, Los Angeles, CA 90040",Worker was struck and killed by a truck.,Fatality,,,,,,,,,,,,,,
10/17/2013,"Executive Contractors R.S.R. Inc., Silver Spring, MD 20910",Worker died after falling from  a roof.,Fatality,,,,,,,,,,,,,,
10/17/2013,"Hanson Landscape Design & Installation Inc., Sandwich, IL 60548",Worker was crushed when lawnmower fell off jacks during repairs.,Fatality,,,,,,,,,,,,,,
10/17/2013,"Natural Resources Department of  Washington State, Deer Park, WA 99006",Worker was struck and killed by a tree during wild fire containment operations.,Fatality,,,,,,,,,,,,,,
10/17/2013,"Quality Ready Mix, Wapakoneta, OH 45895",Worker driving a dump truck was killed in collision.  ,Fatality,,,,,,,,,,,,,,
10/17/2013,"Roth Farms LLC, Blackfoot, ID 83221",Worker died when ATV flipped over. ,Fatality,,,,,,,,,,,,,,
10/17/2013,"Sabre Tubler Structure Inc., Alvarado, TX 76009",Worker stuck and killed by over-head crane.,Fatality,,,,,,,,,,,,,,
10/16/2013,"Cedar Valley Plumbing Supply, West Lake Village, CA 91362",Worker died after falling through a roof.,Fatality,,,,,,,,,,,,,,
10/16/2013,"Davids Heating and Air LLC, Seneca, SC 29678",Worker trimming trees died after falling from ladder.,Fatality,,,,,,,,,,,,,,
10/16/2013,"Frazee's Cable Services Inc., Flemington, NJ 08822",Worker electrocuted while working from bucket truck.,Fatality,,,,,,,,,,,,,,
10/16/2013,"Georgia Pacific, Cedar Springs, GA 39832",Worker crushed and killed by winding machine.,Fatality,,,,,,,,,,,,,,
10/16/2013,"Real Property Management West LLC, West Jordan, UT 84088",Worker died after falling from residential roof.,Fatality,,,,,,,,,,,,,,
10/16/2013,"Rykers Construction LLC, Rochester, MN 55902",Construction worker died in fall.,Fatality,,,,,,,,,,,,,,
10/16/2013,"Tool-Flo, Houston, TX 77061",Worker electrocuted while repairing a band saw. ,Fatality,,,,,,,,,,,,,,
10/15/2013,"JR Simplot Company, Moses Lake, WA 98837",Worker killed after being pulled under tractor and run over.,Fatality,,,,,,,,,,,,,,
10/15/2013,"Level Best Inc., Thorp, WA 98946",Worker crushed between bucket and raised outrigger.,Fatality,,,,,,,,,,,,,,
10/15/2013,"Waste Management of WV, Spencer, WV 25276",Worker died after being stung by a bee during waste disposal operations.,Fatality,,,,,,,,,,,,,,
10/15/2013,"Xcaliber International LTD LLC, Pryor, OK 74361",Worker was killed in a vehicle collision.,Fatality,,,,,,,,,,,,,,
10/14/2013,"Arends Inspection LLC, Houston, TX 77061",Worker electrocuted while performing magnetic particle testing.,Fatality,,,,,,,,,,,,,,
10/14/2013,"Clyde Machine,  Glenwood, MN 56334",Worker crushed by one-ton object that fell on him while welding.,Fatality,,,,,,,,,,,,,,
10/14/2013,"Detweiler Lumber LLC, Allensville, PA 17002",Worker died from severe laceration caused by a rotating saw blade.,Fatality,,,,,,,,,,,,,,
10/14/2013,"GERDAU, Santa Clara, CA 95059",Worker struck and killed by bundle of rebar while unloading a truck.,Fatality,,,,,,,,,,,,,,
10/14/2013,"Manuel Contractors LLC, Charlotte, NC 28213",Worker on construction site electrocuted by overhead power line.,Fatality,,,,,,,,,,,,,,
10/12/2013,"Key Energy Services California Inc., Santa Maria, CA 93454",Worker died in a fall.,Fatality,,,,,,,,,,,,,,
10/11/2013,"Siemens Water Technologies LLC, New Lisbon, IN 47366",Worker was killed in a vehicle collision.,Fatality,,,,,,,,,,,,,,
10/10/2013,"Franklin Burt Logging Warren Inc., Warren, AR 71671",Worker was struck and killed by a log truck loader moving in reverse.  ,Fatality,,,,,,,,,,,,,,
10/10/2013,"Jesus Cesar Briseno (DBA Cali Agriculture), Ivanhoe, CA 93235",Worker died after falling from ladder while picking olives.  ,Fatality,,,,,,,,,,,,,,
10/10/2013,"Sun Construction Inc., Trinidad, CO 81082",Worker operating a compactor when it rolled over on top of him.    ,Fatality,,,,,,,,,,,,,,
10/9/2013,"Daniel Schenherr, Camdenton, MO 65020",Roofer died after falling 25 feet from scaffold.,Fatality,,,,,,,,,,,,,,
10/9/2013,"Dow Chemical Co., North Andover, MA 01845",Worker died from burns and injuries caused by an explosion. ,Fatality,,,,,,,,,,,,,,
10/9/2013,"Driven Services LLC, Manning, ND 58642",Worker replacing a pipe at a well site was killed after being  sprayed with gas.,Fatality,,,,,,,,,,,,,,
10/9/2013,"Priefert Mfg. Co. Inc., Mount Pleasant, TX 75456",Worker electrocuted while installing computer component.,Fatality,,,,,,,,,,,,,,
10/8/2013,"Con-Site Services Inc., Eight Mile, AL ",Worker crushed and killed by overturned excavator.,Fatality,,,,,,,,,,,,,,
10/8/2013,"F/V Ostrich, Ketchikan, AK 99901",Diver asphyxiated during diving operations. ,Fatality,,,,,,,,,,,,,,
10/8/2013,"Skinner's Logging, Saint George, WV 26287",Worker crushed and killed by falling tree.,Fatality,,,,,,,,,,,,,,
10/8/2013,"Wayne Dalton Corp., Mount Hope, OH 44660",Worker struck and killed by wire from a winder machine.  ,Fatality,,,,,,,,,,,,,,
10/7/2013,"Eastchester Town Highway Department, Eastchester, NY 10709 ",Worker crushed and killed when sanitation truck backed into telephone pole.,Fatality,,,,,,,,,,,,,,
10/7/2013,"Hope Electric, Harvey, ND 58341",Worker struck and killed by a falling object.,Fatality,,,,,,,,,,,,,,
10/7/2013,"Ozuna M. Benito, Moses Lake, WA 98837",Worker killed in multiple vehicle collission.,Fatality,,,,,,,,,,,,,,
10/7/2013,"RJ Noble Company, Corona, CA 92883",Worker died after being pulled into an asphalt crushing machine.,Fatality,,,,,,,,,,,,,,
10/6/2013,"Calista Corporation, Anchorage, AK 99501",Worker drowned after falling from towing vessel into the water.,Fatality,,,,,,,,,,,,,,
10/6/2013,"Hollifield Ranches Inc., Hansen, ID 83334",Farm worker operating a tractor was killed in a collision with another vehicle.,Fatality,,,,,,,,,,,,,,
10/6/2013,"Medstar Health Washington Hospital Center, Washington, DC 20010",Maintenance worker died from freon exposure while peforming maintenance on a compressor.,Fatality,,,,,,,,,,,,,,
10/4/2013,"Brian McMahon Construction, San Rafael, CA 94903",Worker struck and killed by vehicle while inspecting a manhole.,Fatality,,,,,,,,,,,,,,
10/3/2013,"Car Country Auto Wrecking, Newton, IA 50208",Worker struck and killed while servicing a bucket truck.,Fatality,,,,,,,,,,,,,,
10/3/2013,"Omar Barahona, College Point, NY 11356",Worker performing maintenance on a forklift crushed when it  slipped from supports.,Fatality,,,,,,,,,,,,,,
10/3/2013,"Pacific Architects and Engineers Incorporated, Terminal Island, CA 90731",Worker fell from boat and drowned while testing repaired engine.,Fatality,,,,,,,,,,,,,,
10/2/2013,"Mow It Now & H.I.N. LLC, Coram, NY 11727",Worker operating a lawn mower struck and killed by passing  motor vehicle.,Fatality,,,,,,,,,,,,,,
10/2/2013,"Traffic Loops Crackfilling Inc., Clovis, CA 93612",Roadway worker struck and killed by a motor vehicle.,Fatality,,,,,,,,,,,,,,
10/1/2013,"CSB Enterprises Inc., Huntley, IL 60142",Worker  struck and killed by an industrial truck.,Fatality,,,,,,,,,,,,,,
10/1/2013,"Jack Verbree Jr. Dairies LLC, E Wendell, ID 83355",Worker died after being struck by equipment he was servicing.,Fatality,,,,,,,,,,,,,,
10/1/2013,"MLTK LLC, Staten Island, NY 10306",Worker struck and killed by grocery delivery car.,Fatality,,,,,,,,,,,,,,
10/1/2013,"Tice Electric Company, Plains, MT 59859",Worker was crushed when forklift rolled over.,Fatality,,,,,,,,,,,,,,
9/25/2013,"Marquez Farms, Fresno, CA 93725",Worker fatally crushed between tractor and trailer. ,Fatality,985466,,,,,,,,,,,,,
,,,,,,,,,,,,,,,,,
,,,,,,,,,,,,,,,,,
,,,,,,,,,,,,,,,,,
,,,,,,,,,,,,,,,,,
,,,,,,,,,,,,,,,,,
,,,,,,,,,,,,,,,,,
,,,,,,,,,,,,,,,,,
,,,,,,,,,,,,,,,,,
,,,,,,,,,,,,,,,,,
,,,,,,,,,,,,,,,,,
,,,,,,,,,,,,,,,,,
,,,,,,,,,,,,,,,,,
,,,,,,,,,,,,,,,,,
,,,,,,,,,,,,,,,,,
,,,,,,,,,,,,,,,,,
,,,,,,,,,,,,,,,,,
,,,,,,,,,,,,,,,,,
,,,,,,,,,,,,,,,,,
,,,,,,,,,,,,,,,,,
,,,,,,,,,,,,,,,,,
,,,,,,,,,,,,,,,,,
,,,,,,,,,,,,,,,,,
,,,,,,,,,,,,,,,,,
,,,,,,,,,,,,,,,,,
,,,,,,,,,,,,,,,,,
,,,,,,,,,,,,,,,,,
,,,,,,,,,,,,,,,,,
,,,,,,,,,,,,,,,,,
,,,,,,,,,,,,,,,,,
