Fiscal Year ,Summary Report Date,Date of Incident,Preliminary Description of Incident,
FY 2012,10/1/2011,2/21/2011,"Viking Coca Cola Bottling Company, St. Cloud, MN 56303",Worker at a soda bottling company was found dead inside a walk-in freezer.
FY 2012,10/1/2011,7/26/2011,"Calvin Crest Conference, Oakhurst, CA 93636",Rock climbing instructor died after falling from a 26-foot tower.
FY 2012,10/1/2011,8/22/2011,"20/20 Real Estate Review, Inc., Sahuarita, AZ 85629",Worker fell off a ladder.
FY 2012,10/1/2011,8/25/2011,"Unknown, Boulder City, NV 89006",Worker towing an airplane crashed into a building at an airport.
FY 2012,10/1/2011,8/28/2011,"Princeton First Aid & Rescue, Princeton, NJ 08540","Worker, attempting to rescue a trapped motorist in fast moving water, drowned after being separated from his tether."
FY 2012,10/1/2011,8/29/2011,"Mauna Loa Macadamia Nut Corporation, Keanu, HI 96749",Worker died when he struck a tree after crossing the center line on a private road.
FY 2012,10/1/2011,9/6/2011,"Bryan Shirk, Upper Arlington, OH 43221","Worker was trimming trees from a truck-mounted basket lift, and was killed after being thrown from the basket and falling nearly 30 feet to the ground."
FY 2012,10/1/2011,9/10/2011,"APER Construction, Port of Miami, FL 33132",Worker operating an excavator died when he was thrown forward in the cab and hit his head on the machine's support bar.
FY 2012,10/1/2011,9/19/2011,"KG Construction, Saltsburg, PA 15681",Worker moving an aluminum materials lift was killed when the lift touched an energized powerline.
FY 2012,10/1/2011,9/20/2011,"A-1 Tree and Landscape, Lansing, MI 48911","Worker cutting trees died after a falling branch struck him, causing him to fall 40 feet."
FY 2012,10/1/2011,9/20/2011,"Al and John, Inc., T/A Glen Rock Hams, Paterson, NJ 07503",Worker cleaning a meat mixer died when he fell into the machine.
FY 2012,10/1/2011,9/21/2011,"Gozip LLC, Hilo, HI 96720",One worker was killed and another worker was hospitalized after a zipline tower collapsed.
FY 2012,10/1/2011,9/22/2011,"Aloha Tree Experts, Kailua, HI 96734",Worker was killed when he fell 28 feet from a tree that fell over at its base.
FY 2012,10/1/2011,9/23/2011,"George Pagany Farms, West Sacramento, CA 95691",Field laborer died from possible heat illness.
FY 2012,10/1/2011,9/23/2011,"Witten Logging Co., Tehachapi, CA 93561",Logger cutting trees was struck and killed by a large falling limb.
FY 2012,10/1/2011,9/24/2011,"E &R Construction, Washington Boro, PA 17582",Worker died from head injuries when he slipped and fell 15 feet from a ladder.
FY 2012,10/1/2011,9/26/2011,"Demas Enterprises, Inc., Dallas, TX 55210",Worker who was cleaning while standing on the roof of a gondola lift died after striking his head and falling off the lift.
FY 2012,10/1/2011,9/26/2011,"GreenLeaf's Tree Service, Inc., Chelmsford, MA 01824",Worker performing tree removal activities died after falling 70 feet while climbing from a crane to the tree.
FY 2012,10/1/2011,9/26/2011,"Mohawk Industries, Orlando, FL 32819",Worker was found unresponsive on a warehouse floor.
FY 2012,10/1/2011,9/26/2011,"Murphy-Brown, LLC, Laurinburg, NC 28352",Worker trying to access an auger motor died after becoming entangled in the machine.
FY 2012,10/1/2011,9/27/2011,"Blooming Prairie Well Co., Blooming Prairie, MN 55917",Worker was killed after he was struck in head by a 35-pound weight that fell 30 feet from a broken cable.
FY 2012,10/1/2011,9/27/2011,"Monroe Drywall Construction, Panama City, FL 32405",Worker installing drywall was electrocuted when he touched a 480-volt wire.
FY 2012,10/1/2011,9/28/2011,"Performance Welding & Machine, Fresno, CA 93725",Worker was electrocuted while using a welder that was not grounded properly.
FY 2012,10/1/2011,9/28/2011,"R & R Construction, Inc., Westlake, LA 70669",Worker attempting to attach slings from a metal bar to a crane was electrocuted when he touched an energized bus bar.
FY 2012,10/1/2011,9/30/2011,"F & T Farms, Caruthers, CA 93609",Worker operating a farm vehicle was killed when he hit a gate and a metal pipe struck his head.
FY 2012,10/8/2011,8/12/2011,"Nicholas Cable Communications, Terre Haute, IN 47801",Worker discovered unconscious while using a trencher to install underground TV cable.
FY 2012,10/8/2011,9/19/2011,"The Indian Club, Irons, MI 49644",Worker suffered burns and died from asphyxiation after a storage facility fire.
FY 2012,10/8/2011,9/21/2011,"Livengood Excavators, Palmerton, PA 18071","Worker was killed when his dump truck overturned, rolled down a hill and landed on top of him."
FY 2012,10/8/2011,9/21/2011,"Stevens Electric & Pump Service, Inc., Kennebunkport, ME 04046",Two workers died from overexposure to hydrogen sulfide while inside a sewer tank.
FY 2012,10/8/2011,9/22/2011,"Reproduction Services, Inc., Stillwater, OK 74075","Worker, on the roof of a barn he was building, died when he fell through a skylight, hitting the floor below."
FY 2012,10/8/2011,9/29/2011,"Integral Bldrs LLC, Dewitt, MI 48820","Worker building an addition on a barn was electrocuted after touching a 4,800-volt powerline."
FY 2012,10/8/2011,9/30/2011,"Austin Tyler Construction, LLC., Lockport, IL 60441",Worker was struck by a truck.
FY 2012,10/8/2011,9/30/2011,"Commercial Construction, Inc., Kearney, NE 68924",Worker using a dozer to fill a lake with sand drowned when the sand could not support the equipment's weight.
FY 2012,10/8/2011,9/30/2011,"Greenstar Recycling, Northampton, PA 18067",Worker performing maintenance on a baler was killed when falling cardboard caused him to fall back onto a protruding machine part.
FY 2012,10/8/2011,9/30/2011,"Steve Wolota General Contractor, McKees Rocks, PA 15136",Worker performing roofing work died after falling more than 10 feet to the ground.
FY 2012,10/8/2011,10/3/2011,"TNK & Servives, Inc., Sonora, TX 76950","Worker checking an air leak underneath a truck was killed when the vehicle ran over him, dragging him 80 feet."
FY 2012,10/8/2011,10/4/2011,"US Army Environmental Division, Trinidad, CO 81082",Worker was injured during a vehicle accident.
FY 2012,10/8/2011,10/5/2011,"All Tree, Brenham, TX 77833",Worker using a pole saw to trim trees was electrocuted when the saw touched a powerline.
FY 2012,10/8/2011,10/5/2011,"Power Source, Zionsville, IN 46077",Worker died after falling 22 feet when an open basket door became caught.
FY 2012,10/15/2011,9/15/2011,"LVI Environmental Services, Seattle, WA, 98121",Worker removing debris with skid loader died when punctured in the neck by protruding rebar.
FY 2012,10/15/2011,9/19/2011,"Furrer Construction Inc., Woodland, WA, 98674",Worker pressure washing exterior of silo was electrocuted after contacting a high voltage line.
FY 2012,10/15/2011,9/26/2011,"Kenai Drilling Limited, Ventura, CA, 93001",Worker was crushed by a piece of drill equipment while working in oilfields.
FY 2012,10/15/2011,9/29/2011,"Greenes, Inc., Draper, UT, 84020",Worker hit and killed by dump truck while removing temporary traffic control barrels.
FY 2012,10/15/2011,10/4/2011,"Gregory Dodge (DBA), Munnsville, NY, 13409",Worker died from head injuries after falling from a roof.
FY 2012,10/15/2011,10/4/2011,"Novelis Corporation, Oswego, NY, 13126-0028",Worker was connecting hoses inside a machine and was crushed between the machine's support block and bulkhead.
FY 2012,10/15/2011,10/5/2011,"Wayne Farms, LLC., Decatur, AL, 35602",Worker was crossing a road on company property and was struck and killed by a vehicle.
FY 2012,10/15/2011,10/6/2011,"Dean A. Bowman, Construction, Inc., Troy, OH, 45373",Worker performing indoor construction died when he fell nearly 20 feet from the second floor to the basement.
FY 2012,10/15/2011,10/6/2011,"IRBY Construction Company, Sandersville, GA, 31082",Worker assisting on a power transmission line was electrocuted when he touched a loose cable.
FY 2012,10/15/2011,10/6/2011,"Kelley Trucking, Inc., Bailey, CO,. 80421",Worker was struck and killed by a rock while at a construction site.
FY 2012,10/15/2011,10/7/2011,"Airtite Insulation, Goshen, IN, 46528",Worker suffocated after falling into a pit of insulation.
FY 2012,10/15/2011,10/7/2011,"B & B Contracting, Inc., Paintsville, KY, 41240",Worker traveling to another work location fell out of back of truck and struck head on ground.
FY 2012,10/15/2011,10/7/2011,"Jeff Rotella Transport Corp., Manheim, PA, 17545",Worker disconnecting an airline underneath a truck was asphyxiated when his head was caught between the spare tire and a bracket.
FY 2012,10/15/2011,10/7/2011,"Soil & Material Testing, Inc., Williamstown, MA, 01267",Worker was crushed under the front and rear tires of a powered industrial vehicle.
FY 2012,10/15/2011,10/8/2011,"Mondi USA, Inc., Romeoville, IL, 60446",Worker lubricating a chain on an automation conveyor died after falling 9 feet from an I-beam to the concrete floor.
FY 2012,10/15/2011,10/10/2011,"Gulf Island, LLC., Houma, LA, 70361",Worker was killed when a load of metal plates he was moving fell on top of him.
FY 2012,10/15/2011,10/10/2011,"Roger Kreps Drywall & Plaster, Lisbon, OH, 44432",Worker died after falling 14 feet from a roof onto the concrete floor.
FY 2012,10/15/2011,10/10/2011,"Unnerstall Contracting Co., St. Louis, MO, 63146",Worker was found unconscious in a manhole.
FY 2012,10/15/2011,10/10/2011,"Woodhaven Industries, Sugar Land, TX, 77498",Worker died of a possible heart attack after collapsing while unloading his work truck.
FY 2012,10/15/2011,10/12/2011,"Centimark Corporation, Lima, OH, 45804",Worker was performing roofing work on a melt shop and was fatally injured.
FY 2012,10/15/2011,10/12/2011,"Community Recycling and Resource Recovery, Lamont, CA, 93241",Worker died after being overcome by toxic fumes while cleaning the inside of a drain pipe.
FY 2012,10/15/2011,10/12/2011,"Granite Rock Concrete, La Honda, CA, 94020",Worker was killed when the loaded concrete mixer truck he was driving rolled over.
FY 2012,10/15/2011,10/12/2011,"L & D Sign, Centreville, MN, 55038",Worker repairing commercial sign was electrocuted after touching live electrical parts.
FY 2012,10/15/2011,10/13/2011,"Egan Company, Burnsville, MN, 55337",One worker killed and one injured after being struck by a vehicle that entered a construction zone after going off road.
FY 2012,10/15/2011,10/13/2011,"General Mills, Inc., Lodi, CA, 95242",Worker attempting to stop a moving railcar was crushed between railcar and dock.
FY 2012,10/15/2011,10/13/2011,"PG & E, Bolden, CA, 95915",Two workers died after their work truck sank 25 feet in a reservoir.
FY 2012,10/15/2011,10/14/2011,"Visions Telecommunications, Pinch, WV, 25156",Worker installing cable between utility poles was electrocuted.
FY 2012,10/22/2011,9/30/2011,"Art Rodriguez, Colfax, IA, 50054",Roof worker died when he fell 20 feet after stepping on a fiberglass skylite.
FY 2012,10/22/2011,10/2/2011,"The Associated Press, Sparta, KY, 41086",Photographer on assignment at a race track suffered fatal head injuries after falling on track.
FY 2012,10/22/2011,10/4/2011,"Klin Drying Systems and Components, Inc., Etowah, NC, 28729",Worker operating a metal cutting machine was killed when caught between machine's back gauge and top plate.
FY 2012,10/22/2011,10/5/2011,"Stovens Brothers Water Wells, Hampden, MA, 01036",Worker drilling a hole for a well died after he stepped back and fell 10 feet down into water.
FY 2012,10/22/2011,10/13/2011,"Grove River Mills, Inc., Monroe, GA, 30656","Worker operating a truck's boom was electrocuted when the boom touched a 14,400-volt power line."
FY 2012,10/22/2011,10/13/2011,"Sams Discount Grocery, Inc., Tampa, FL, 33610",Worker was shot and killed during a robbery.
FY 2012,10/22/2011,10/13/2011,"Walden General Contractors Inc., Lebanon, TN, 37090",Worker died after falling down a flight of stairs.
FY 2012,10/22/2011,10/13/2011,"Walker Police/Fire Department, Walker, MI, 49534",Police Officer laying a spike strip was run over and killed by suspect vehicle during police chase.
FY 2012,10/22/2011,10/15/2011,"W.A. Klinger, L.L.C., Sioux City, IA, 51104-2324","Construction worker died from fatal head trauma when a wall collapsed, crushing him."
FY 2012,10/22/2011,10/17/2011,"Moores Contracting Services LLC, Buckhannon, WV, 26201",Worker died after falling 35 feet through the doorway of a silo-type structure.
FY 2012,10/22/2011,10/17/2011,"PCH Hotels and Resorts, Inc., Mobile, AL, 36602",Worker was electrocuted while repairing a hotel room air conditioning unit.
FY 2012,10/22/2011,10/18/2011,"Complete Coverage Inc., North Kingstown, RI, 02852",Worker replacing a roof was killed after falling 47 feet.
FY 2012,10/22/2011,10/19/2011,"All-Town, Incorporated, Marshfield, MA, 02050",Worker rotating truck tires was killed when one of the rings holding the tire in place struck him in the head.
FY 2012,10/22/2011,10/19/2011,"Blackowiak Disposal Inc., Mound, MN, 55364",Worker removing debris from back of trash truck was crushed between truck's cart tipper and the loading dock.
FY 2012,10/22/2011,10/19/2011,"Performance Abatement Service, Berkeley, CA, 94709",Worker in full suit and mask died from a seizure while removing asbestos.
FY 2012,10/22/2011,10/20/2011,"Calpine, Middletown, CA, 95461",Worker went off a cliff.
FY 2012,10/22/2011,10/20/2011,"Mark Dewsnup, General Contractor, Marysville, CA, 95901",Worker was killed after he was run over by a farm tractor.
FY 2012,10/22/2011,10/21/2011,"K.P. Meiring Company, St. Augustine, FL, 32084",Worker repairing a roof died after stepping on a metal sheet that covered a hole and falling 20 feet.
FY 2012,10/29/2011,10/3/2011,"Landmark Pacific Builders Inc., Honolulu, HI, 96817",Residential construction worker renovating roof died after falling two stories.
FY 2012,10/29/2011,10/15/2011,"Boat Grotto, San Diego, CA, 92115",Mechanic died from possible aneurism and heart attack after making repairs to boat engine.
FY 2012,10/29/2011,10/16/2011,"Esther's 103, Inc., Miami, FL, 33150",Worker trying to replace pumps inside a manhole collapsed and later died from exposure to toxic air.
FY 2012,10/29/2011,10/17/2011,"Cherokee Freight Lines Stockton, LLC, St. Helena, CA, 94574","Worker tripped and fell while walking on job site, hitting his head on a step. Worker later suffered a heart attack at hospital."
FY 2012,10/29/2011,10/18/2011,"Advantage Plumbing & Heating, Inc., Mencken, ND, 58558",Trench engulfment.
FY 2012,10/29/2011,10/19/2011,"Midco Diving & Marine Services, Inc., Parshall, ND, 58770",Water treatment plant worker diving into a 138-foot-deep chamber to perform maintenance died after his umbilical line failed.
FY 2012,10/29/2011,10/20/2011,"Hilltop Tune, Inc., Pelham, AL, 35124",Worker repairing an SUV was killed when the truck slipped into gear and ran over him.
FY 2012,10/29/2011,10/20/2011,"Metro Construction, Mckenzie, ND, 58854",Truck driver hauling gravel was killed when his truck tipped over.
FY 2012,10/29/2011,10/20/2011,"NYSDOT Bridge Maintenance Shop, Warrensburg, NY, 12885",Worker inspecting a bridge died after he was pinned between bridge and lift basket.
FY 2012,10/29/2011,10/21/2011,"Hilario Valero, San Antonio, TX, 78245",Worker applying siding on a chimney died after falling 18 feet.
FY 2012,10/29/2011,10/21/2011,"Lawrence Construction & Leasing, Inc., Florence, KY, 41042","Pipe layer was killed when a testing machine he was using swung around, striking him in the head."
FY 2012,10/29/2011,10/22/2011,"A-1 Self Storage LLC, Seattle, WA, 98119",Manager of self storage facility was stabbed during a robbery.
FY 2012,10/29/2011,10/22/2011,"Sante Shipping Lines, Inc., Miami, FL, 33142",Worker inspecting a vessel's cargo from a suspended man basket died after equipment failure caused him to fall 18 feet to the ground.
FY 2012,10/29/2011,10/23/2011,"Quality Castings, Orrville, OH, 44667",Worker using a wheelabrator machine died of complications sustained when his finger was amputated.
FY 2012,10/29/2011,10/24/2011,"Orestes Lescano, Miami, FL, 33130",Worker installing weather stripping at an apartment building was killed after falling 40 feet.
FY 2012,10/29/2011,10/25/2011,"American Building, LLC., Stamford, CT, 06902",Worker installing metal roof panels died from head injuries after falling 35 feet to the ground.
FY 2012,10/29/2011,10/25/2011,"Cumberland Garage and Trash Service, Inc., Fayetteville, NC, 28306",Worker riding on rear of trash truck was killed when he fell under the truck traveling in reverse.
FY 2012,10/29/2011,10/25/2011,"Dickson Dept. of Public Works, Dickson, TN, 37055",Worker was struck ad killed by a falling tree limb.
FY 2012,10/29/2011,10/25/2011,"EAL Fig LLC dba 5-Point Tire & Auto Repairs, Camden, NJ, 08105-3855",Worker was struck and killed when a tool disk struck him in the chest.
FY 2012,10/29/2011,10/25/2011,"G & S Paving, Palo Alto, CA, 94304",Worker was run over by a semi-truck traveling in reverse.
FY 2012,10/29/2011,10/25/2011,"Nucor, Crawfordsville, IN, 47933",Worker was run over and killed by machine.
FY 2012,10/29/2011,10/26/2011,"Simon Roofing and Sheet Metal Corp., Charlotte, NC, 28262",Worker unclogging trash chute died after falling 40 feet when the chute collapsed.
FY 2012,10/29/2011,10/28/2011,"Harris Quality Inc., Fort Worth, TX, 76140",Worker was found crushed between truck and loading dock.
FY 2012,10/29/2011,10/29/2011,"Anibal Landscaping Corp., Jamaica, NY, 11435",Landscape worker riding in the back of a truck died from carbon monoxide fumes after he used a gas-powered lawn mower to keep warm.
FY 2012,11/5/2011,10/10/2011,"D & H Pump Service, dba D&H Petroleum and Environ, Albuquerque, NM 87113",Worker died from injuries sustained when a fuel dispenser fell on him.
FY 2012,11/5/2011,10/24/2011,"R.L. Mitchell, Lyons, GA 30436",Worker installing metal roof panels on a warehouse building died after falling 21 feet through a roof opening.
FY 2012,11/5/2011,10/27/2011,"Noble Casing Incorporated, Watford City, ND 58854",Worker was killed in a vehicle roll-over incident while enroute to a job site.
FY 2012,11/5/2011,10/27/2011,"Walter R Lindenmuth Lumber & Supply, LLC, Green Point, PA 17038",Worker changing knife blades on a wood chipper was killed when he was caught between the chipper's spout and mounting plate.
FY 2012,11/5/2011,10/28/2011,"Arberia, LLC, Lakewood, OH 44107",Worker was killed when he fell 15 feet from a collapsed roof.
FY 2012,11/5/2011,10/28/2011,"Intercounty Paving Associates of NY, LLC, Hicksville, NY 11801",Worker was struck by a motor vehicle.
FY 2012,11/5/2011,10/29/2011,"Bartlett Grain Company, LP, Atchison, KS 66002",Four workers were killed in a grain elevator explosion and fire.
FY 2012,11/5/2011,10/29/2011,"Kansas Grain Inspection Services, Inc., Atchison, KS 66002",Two workers were killed while performing grain inspection services at a grain elevator when an explosion occurred.
FY 2012,11/5/2011,10/30/2011,"Yorkville Gin Company, Yorkville, TN 38389",Worker was crushed by a lift box while fixing a hydraulic leak on a press.
FY 2012,11/5/2011,10/31/2011,"BJB Properties, Chicago, IL 60657",Worker was found unresponsive in a stairwell of the building where he worked.
FY 2012,11/5/2011,11/1/2011,"Avalon Commons, Smithtown, NY 11787",Worker pumping sludge out of a sewage treatment tank died after falling into tank.
FY 2012,11/5/2011,11/1/2011,"Exterran, Houston, TX 77086",Worker inspecting a large gas compressor fan was crushed when the fan fell on him.
FY 2012,11/5/2011,11/1/2011,"Shintech Louisiana, LLC, Plaquemine, LA 70710",Worker was crushed by a 15-ton crane.
FY 2012,11/5/2011,11/1/2011,"Tree Solution Incorporated, Houston, TX 77069",Worker died after he was hit by a falling tree.
FY 2012,11/5/2011,11/2/2011,"Ivy Tech Community College, Lafayette, IN 47903",Worker fell while climbing tower.
FY 2012,11/5/2011,11/2/2011,"United Elevator Services, LLC, Memphis, TN 38103",Mechanic was crushed between elevator and hoistway while riding on top of elevator's cab.
FY 2012,11/5/2011,11/3/2011,"Gordys Pump Service, Spring Valley, WI 54767",Worker connecting a newly installed pipe line inside of a trench died when the trench caved in.
FY 2012,11/5/2011,11/3/2011,"Paul Mueller Company, Springfield, MO 65802",Worker serving as a spotter was crushed between a truck and tractor trailer.
FY 2012,11/5/2011,11/3/2011,"WS Packaging Group, Inc., Franklin, PA 16323","Worker using a flammable solvent to clean a mixer blade was killed when a piece of equipment ignited the solvent, causing a flash fire."
FY 2012,11/12/2011,10/7/2011,"Agustin Valladares Tree Trimming, Thousand Oaks, CA 91361",Tree trimmer died from head injuries after falling 30 feet from a tree.
FY 2012,11/12/2011,10/13/2011,"West New York Restoration of CT, Inc., New York, NY 10019",Worker installing a fall protection safety line died after touching a live wire while on a ladder and falling 92 feet.
FY 2012,11/12/2011,10/25/2011,"G &S Paving, Palo Alto, CA",Worker struck by truck travelling in reverse.
FY 2012,11/12/2011,10/25/2011,"Yubas Construction, Johnstown, PA 15906",Worker died from head and spinal injuries after falling 20 feet from a roof.
FY 2012,11/12/2011,10/26/2011,"Dennis Stearns Concrete, Vernal, UT 84078",Worker lifting a 21-foot pipe died from head trauma after the pipe fell and hit his head.
FY 2012,11/12/2011,10/28/2011,"Dependable Highway Express Inc., Los Angeles, CA 90023",Worker died after falling off dock while trying to stop an out of control forklift.
FY 2012,11/12/2011,10/28/2011,"J.J. Tree Service and Landscaping, Monroeville, PA 15146",Worker died when he suffered a severe laceration to his leg while cutting tree branches.
FY 2012,11/12/2011,11/1/2011,"Indianapolis Logistics LLC, Indianapolis, IN 46219",Maintenance worker received fatal injuries in electric pallet jack accident.
FY 2012,11/12/2011,11/2/2011,"Western Dairy Transport, LLC, Portales, NM 88130",Worker was killed when strong winds caused the door of a transport trailer to strike him.
FY 2012,11/12/2011,11/3/2011,"S.J. Louis Construction of Texas Ltd., LLP., Fairview, TX 75069",Two workers performing maintenance work on a sewer line died from exposure to a hazardous atmosphere after entering a manhole.
FY 2012,11/12/2011,11/3/2011,"Trucano Construction Company, Juneau, AK 99801",Worker loading construction equipment died when he was caught between a toppled crane and a railing off the deck barge.
FY 2012,11/12/2011,11/4/2011,"Sun Chemical Corporation, Muskegon, MI 49442","Worker was crushed by a 1,500 pound bag of pigment that fell on him."
FY 2012,11/12/2011,11/4/2011,"U-Haul International, Inc., Philadelphia, PA 19138",Worker was crushed underneath a portable storage container after the container tipped over.
FY 2012,11/12/2011,11/5/2011,"American Biltrite, Inc., Moorestown, NJ 08057",Worker was crushed in a coating machine.
FY 2012,11/12/2011,11/6/2011,"Midwest Coatings, LLC, Branson, MO 65616",Worker applying fire retardant material to steel beams of an apartment complex died after falling from the elevated platform.
FY 2012,11/12/2011,11/6/2011,"Suchocki & Son, Inc., Lisbon, CT 06351",Worker performing tree maintenance was run over and killed by an excavator.
FY 2012,11/12/2011,11/7/2011,"BND Transport LLC, Mantera, CA 95336",Worker disconnecting a garbage trailer from a tractor was killed when the tractor and trailer ran over him.
FY 2012,11/12/2011,11/7/2011,"Horizon Energy Services, Foraker, OK 74652",Worker on an oil/gas well drilling rig was struck and killed by a block that fell to the rig floor.
FY 2012,11/12/2011,11/7/2011,"Horn Packaging Corporation, Lancaster, MA 01523",Worker died after becoming entangled in the unguarded shaft of a gluing machine.
FY 2012,11/12/2011,11/7/2011,"OAS Rigging Crane Corp, Mayaguez, PR 00680",Worker cutting a beam to a water tank was killed when the tank fell on him.
FY 2012,11/12/2011,11/8/2011,"Brillion Iron Works, Brillion, WI 54110",Worker adjusting a limit switch on a molding machine died after he was struck by the machine and fell 6 feet to the floor.
FY 2012,11/12/2011,11/10/2011,"Kokosing Construction Company, Inc., Brecksville, OH 44141",Worker setting up a traffic control board was struck and killed by a semi-truck.
FY 2012,11/19/2011,10/8/2011,"Built Rite Contracting Corp., New York, NY 10021",Worker was struck and killed by his unoccupied truck as it rolled to the bottom of an incline.
FY 2012,11/19/2011,10/14/2011,"Six Forks Cinema, LLC, Raleigh, NC 27615",Worker fell at movie theater.
FY 2012,11/19/2011,10/15/2011,"Sergio Arroyo-Contreras dba SAC Hands, Gray, TN 37615","Employee fell approximately 18 feet from the roof of a frame residential structure, after striking his head on a trailer jack."
FY 2012,11/19/2011,10/22/2011,"North Star Cable Construction, Inc., Chicago, IL 60651",Worker servicing a cable line died after falling 15 feet to the concrete pavement.
FY 2012,11/19/2011,10/24/2011,"Spartan Steel Coating, Monroe, MI 48162",Maintenance worker adjusting a belt wrapper was crushed between the wrapper and machine frame.
FY 2012,11/19/2011,10/27/2011,"Team Carolinas, Inc., dba Domino's Pizza, China Grove, NC 28023",Pizza delivery worker died from head injuries after falling from front porch striking his head on the sidewalk.
FY 2012,11/19/2011,10/29/2011,"Arcelor Mittal, Burns Harbor, IN 46304",Worker died from burns after a steam pipe erupted.
FY 2012,11/19/2011,10/31/2011,"Irving Diedrich Construction, Chehalis, WA 98223",Worker repairing a dry-rotted roof died when he fell 30 feet through a hole.
FY 2012,11/19/2011,11/1/2011,"Cenveo West Inc., Kent, WA 98032",Worker died from head trauma after falling while climbing pallet racks to pick orders of envelopes.
FY 2012,11/19/2011,11/6/2011,"Dick's Drive In, Seattle, WA 98109",Janitor fell and struck head.
FY 2012,11/19/2011,11/7/2011,"Adams Thermal Systems, Inc., Canton, SD 57013",Worker doing maintenance on machinery died after being caught between the machine and a moving part.
FY 2012,11/19/2011,11/8/2011,"SP&K Construction, Inc., Brooklyn, NY 11235",One worker died and three others were hospitalized when multiple floors collapsed in the structure where they were pouring concrete.
FY 2012,11/19/2011,11/8/2011,"T. Mar Enterprises S.E., Inc., Brooksville, FL 34604",A construction worker removing paint strips from road was struck and killed by a vehicle.
FY 2012,11/19/2011,11/9/2011,"Black Crow Candle Co., Canton, IL 61520",Worker died after falling 9 feet in an elevator shaft to the basement.
FY 2012,11/19/2011,11/9/2011,"Con-Fab Inc., Morgan City, LA 70380",Maintenance worker trying to remove a hose from a forklift was fatally crushed by the forks when the hydraulic pressure was released.
FY 2012,11/19/2011,11/9/2011,"Town of Lucama, Wilson, NC 27893",Worker attempting to move a service pole while inside a bucket truck died after falling more than 50 feet when the pole fell on the bucket.
FY 2012,11/19/2011,11/11/2011,"FM Home Improvement, Inc., York, PA 17404","Forklift operator was killed when he jumped out of the cab as the forklift tilted sideways, and was struck on the head by the extendable arm of the lift."
FY 2012,11/19/2011,11/11/2011,"Gilyard Enterprises, LLC., Palatka, FL 32177",Worker was struck on the head and killed by a log that fell from his load.
FY 2012,11/19/2011,11/11/2011,"Mamaroneck Tn Hwy Dept., Mamaroneck, NY 10543",Worker was struck and killed by a local government truck in a recycling yard while performing leaf collection.
FY 2012,11/19/2011,11/12/2011,"C-Steel Erectors, Tiki Island, TX 77554","Worker tightening a nut while sitting on a horizontal beam slipped and fell 14 feet, landing on his head and shoulders."
FY 2012,11/19/2011,11/12/2011,"Danco Construction, Inc., Evansville, IN 47715",Worker died after falling six feet from a scissor lift.
FY 2012,11/19/2011,11/12/2011,"E-Light Electrical Services, Oil Center, NM 88040",Solar farm worker died after developing a respiratory ailment (Desert Fever) while working in the field.
FY 2012,11/19/2011,11/12/2011,"J R Excavating, Fairborn, OH 45324","Worker replacing a sewer line inside a trench was killed after natural gas contacted an ignition source, causing an explosion and fire."
FY 2012,11/19/2011,11/13/2011,"Big Lots, Livermore, CA 94551",Worker died after collapsing while working in a home furnishings store.
FY 2012,11/19/2011,11/14/2011,"Century Link, Loveland, CO 80537",Worker died after falling from an extension ladder in the back yard of a residential home.
FY 2012,11/19/2011,11/14/2011,"Evans Contractors, LLC., China, TX 77613","A tractor driver drowned when his tractor flipped over and landed upside down in a ditch, trapping him inside the cab."
FY 2012,11/19/2011,11/14/2011,"Vollers Excavating & Construction, Inc., Newark, NJ 07102",Worker was struck and killed by a vehicle at the edge of a parking lot driveway.
FY 2012,11/19/2011,11/15/2011,"Brookman Iron and Metals, Inc., Washington, PA 15301",Worker was crushed after part of a bulldozer bucket being cut for scrap collapsed on him.
FY 2012,11/19/2011,11/15/2011,"Vista Paints, Fullerton, CA 92831",One worker was killed and another hospitalized after being overcome by fumes while using a paint stripping chemical in a confined space.
FY 2012,11/19/2011,11/16/2011,"Heneghan Wrecking Company, Chicago, IL 60619",Worker performing building demolition operations was fatally crushed when a section of the wall collapsed on him.
FY 2012,11/19/2011,11/16/2011,"Leelaunau Fruit Co., Suttons Bay, MI 49682",Worker was asphyxiated in a brine pit while transferring cherries from a brine pit to truck.
FY 2012,11/19/2011,11/18/2011,"Andrew T. Jacos, Belleville, IL 62220",Worker operating a wood chipper was killed after being pulled into the machine.
FY 2012,11/19/2011,11/18/2011,"Jan's Roofing Co., Inc., Chicago, IL 60618",Worker repairing a roof died after falling three stories to the ground.
FY 2012,11/26/2011,2/2/2011,"SST Energy Corporation, Douglas, WY 82633","Worker died when the assist device on a derrick ladder failed, causing him to fall approximately 70 feet."
FY 2012,11/26/2011,11/3/2011,"Lykes Bros., Inc., Okeechobee, FL 34974",Worker riding a horse while performing routine work at a ranch fell off and was killed when the horse stepped on his torso and face.
FY 2012,11/26/2011,11/3/2011,"Morris Roofing, Savannah, GA 31419",Worker died after slipping off ladder and falling 33 feet.
FY 2012,11/26/2011,11/8/2011,"White County Lumber Co., Sparta, TN",Worker died when struck in the chest by a pack of lumber.
FY 2012,11/26/2011,11/14/2011,"Terry & Joe Baker Farms, LLC., Norman Park, GA 31771","Worker attempting to gain access to a moving trailer, slipped and was killed after being run over by another trailer."
FY 2012,11/26/2011,11/14/2011,"Wertling and Sons, Inc., Burkettsville, OH 45310",Worker died from an apparent electrocution after being found in the boiler room with multiple burns.
FY 2012,11/26/2011,11/16/2011,"Producers Gin of Belen, Inc., Marks, MS 38646",Worker operating a cotton press was killed when she was hit by parts of the machine after it blew up.
FY 2012,11/26/2011,11/16/2011,"Wm. P Bearne Produce, LLC., Palmetto, FL 34221",Worker was electrocuted when the tractor he was driving touched an overhead power line.
FY 2012,11/26/2011,11/17/2011,"Reilly Painting and Contracting, Cleveland, OH 44135","Worker cleaning up after repairing a roof, died when he fell off the roof and landed on his head."
FY 2012,11/26/2011,11/19/2011,"SEI Aaron's, Inc., Lynn, MA 01901",Worker was struck and killed by an overhead door.
FY 2012,11/26/2011,11/20/2011,"ESE Alcohol Inc., Leoti, KS 67861",Worker walking on a catwalk that connects to a fermentation tank died when he fell inside the tank.
FY 2012,11/26/2011,11/20/2011,"Northern Lights Auto Service, Inc., Mattydale, NY 13211",Worker was helping a driver whose vehicle was disabled and was struck and killed by a passing tractor trailer.
FY 2012,11/26/2011,11/20/2011,"Tri-County Electric Membership Corporation, Seven Springs, NC 28578",Worker performing electrical repair was killed when he was thrown from the bucket truck after it was hit by a tractor trailer.
FY 2012,11/26/2011,11/21/2011,"Texas Highway Maintenance, LLC., Houston, TX 77090",Road worker repairing guardrails was struck and killed by a car.
FY 2012,11/26/2011,11/23/2011,"Javco Trailer Sales Inc., Franksville, WI 53126",Worker was checking numbers on a trailer and was crushed between two trailers.
FY 2012,11/26/2011,11/30/2011,"Plaza Shopping Center Inc., dba Plaza House Furniture, Selinsgrove, PA 17870",Warehouse worker died from head trauma after falling from ladder.
FY 2012,12/3/2011,11/18/2011,"Lankford Protective Services, Lake Junaluska, NC 28745",Worker died when he slipped down the stairs and struck his head.
FY 2012,12/3/2011,11/21/2011,"Experience Works Inc., New Port Richey, FL 34668",Worker died after slipping and falling on a wet floor.
FY 2012,12/3/2011,11/21/2011,"New River Tree Company, Inc., West Jefferson, NC 28694",Worker died when he fell 10 feet from a trailer while unloading trees.
FY 2012,12/3/2011,11/23/2011,"DBI Services, LLC., Ft. Myers, FL 33905",Road maintenance worker was killed when he was hit by a car.
FY 2012,12/3/2011,11/23/2011,"Parnell & Son Drywall Inc., Raleigh, NC 27614","Worker making repairs in a church attic without using fall protection, died when he fell through the ceiling to the concrete floor."
FY 2012,12/3/2011,11/26/2011,"81 Saxon Avenue Corp., Bay Shore, NY 11706",Laundry services worker was crushed by a conveyor shuttle.
FY 2012,12/3/2011,11/26/2011,"United States Department of Agriculture, South Fallsburg, NY 12779",Federal safety inspector died of respiratory system complications.
FY 2012,12/3/2011,11/28/2011,"D & J Construction Co., W. Monroe, LA 71292",Worker operating an excavator in a sand pit was killed when the machine became engulfed in wet sand.
FY 2012,12/3/2011,11/28/2011,"Joe's Towing and Recovery Service, Commerce City, CO 80022",Worker unloading a semi-truck was crushed by a tow truck.
FY 2012,12/3/2011,11/28/2011,"LNB Farms, LLC., Homestead, FL 33030",Worker was electrocuted after bobcat carrying trees touched an overhead power lines.
FY 2012,12/3/2011,11/28/2011,"Vivid Image, Inc., Theresa, WI 53091",Worker died after being exposed to a chemical following a chemical spill.
FY 2012,12/3/2011,11/29/2011,"Jones County Cotton Gin, Inc, Trenton, NC 28585","Worker was killed after four bales of cotton, each weighing 500 pounds, fell on top of him."
FY 2012,12/3/2011,11/29/2011,"Sigma Services, Inc., Plant City, FL 33596",Worker repairing company's front gate was found unresponsive inside utility vehicle.
FY 2012,12/3/2011,11/30/2011,"Inoxum, Calvert, AL 36513",Worker operating an overhead crane connected to a roll of steel was crushed between falling and stationary rolls of steel placed in the layout area.
FY 2012,12/3/2011,11/30/2011,"Nichols Farms, Hanford, CA 93230",Worker was struck and killed by the seal from an over-pressurized diesel fuel tank.
FY 2012,12/3/2011,12/1/2011,"Albany Steel Inc., Menands, NY 12201",Worker died after falling 18 feet from a ladder.
FY 2012,12/3/2011,12/1/2011,"Bevis Construction, Inc., Sebring, FL 33875",Worker died when he fell from a pallet elevated by a forklift.
FY 2012,12/3/2011,12/1/2011,"Blacha Trucking & Service, Inc., Alsip, IL 60453",Worker adjusting supports holding up a trailer was killed when his head and torso were caught between two side-by-side trailers.
FY 2012,12/3/2011,12/1/2011,"Leonardo Logging, Eureka, CA 95540",Worker was struck and killed by a log that bounced off a stump.
FY 2012,12/10/2011,11/1/2011,"Medley Communications, Inc. Sierrra Vista, AZ 85635",Worker died when he fell 18 feet while climbing a ladder.
FY 2012,12/10/2011,11/24/2011,"University of Illinois at Chicago - Medical Center, Chicago, IL 60637",Worker was shot by a co-worker.
FY 2012,12/10/2011,12/1/2011,"AGS Waterproofing, Atlanta, GA",Two workers were killed when the crane they were operating collapsed.
FY 2012,12/10/2011,12/1/2011,"Central Florida Irrigation Services, Inc., Avon Park, FL 33825",Worker loading machinery onto a utility truck was electrocuted when the truck's lift touched an overhead power line.
FY 2012,12/10/2011,12/2/2011,"Barstow Truck Parts and Equipment Leasing, Inc., Indian Springs, NV 89018",Worker was killed when caught-in between a tractor backing up and a trailer.
FY 2012,12/10/2011,12/3/2011,"Champion Construction Co., North Bergen, NJ 07047",Worker operating a tilt frame truck used to place a roll-off container onto the truck was killed when an anchorage point broke free and struck him on the head after it was propelled through the rear window of the truck cab.
FY 2012,12/10/2011,12/5/2011,"Decker Forest Products, Inc., Bainbridge, NY 13733",Worker was cutting down a tree when he was struck and killed by a nearby falling tree.
FY 2012,12/10/2011,12/5/2011,"Fazio Mechanical Services, Inc., New Albany, OH 43054",Worker servicing a refrigeration unit leak collapsed and died.
FY 2012,12/10/2011,12/5/2011,"Mission City Fumigation, San Rafael, CA 94901",Worker was fumigating a house and collapsed.
FY 2012,12/10/2011,12/5/2011,"Sharp Roofing, Irvine, CA 92603",Worker removing roofing tiles died after falling 14 feet and striking his head.
FY 2012,12/10/2011,12/5/2011,"Southwest Concrete and Paving, Deming, NM 88030",Worker died after he slipped and fell while clearing asphault.
FY 2012,12/10/2011,12/5/2011,"Wexcon, Incorporated, Lancaster, PA 17604",Worker putting paddles in the back of a pickup truck was run over and killed after the driver put the truck in reverse.
FY 2012,12/10/2011,12/6/2011,"DNH Hedging, LLC., Eagle Pass, TX 78852",Worker died after being struck by a tree-pruning machine he was repairing.
FY 2012,12/10/2011,12/8/2011,"CAL Strip Industries, Inc., Commerce, CA 90040",Worker died after falling nearly 40 feet from an aerial lift work platform after a bridge crane collided into the lift boom.
FY 2012,12/10/2011,12/8/2011,"TNT Energy, Inc., Rising Star, TX 76471",Worker died from head injuries after he was thrown from a collapsed rig.
FY 2012,12/10/2011,12/9/2011,"Haverstraw Transit, Haverstraw, NY 10927",Worker died when he fell from a ladder while repairing a garage bay door opener.
FY 2012,12/17/2011,12/2/2011,"Compeq International Corp., Salt Lake City, UT 84116","Worker died after falling 12 feet from an unsecured ladder while cutting into a 5,000-gallon tank."
FY 2012,12/17/2011,12/2/2011,"Diversified Machinery Columbus, Columbus, GA 31904",Worker walking across the parking lot was struck and killed by a semi-truck delivering freight.
FY 2012,12/17/2011,12/5/2011,"Groundworks Unlimited, LLC., Savannah, GA 31411",Worker engaged in roadway patchwork was struck and killed by a motor vehicle.
FY 2012,12/17/2011,12/6/2011,"Prudencio Pereda, Palm Springs, FL 33461","Worker died when a 3,000-pound commercial oven he was loading fell off the manual forklift, crushing him."
FY 2012,12/17/2011,12/6/2011,"Silver Brook Stables, Louisville, KY 40241",Worker died after being kicked by a horse.
FY 2012,12/17/2011,12/7/2011,"Road Safe Traffic Systems, Naples, FL 33412",Worker picking up road barricades while riding on the back bumper of a company truck died from head injuries when he fell off.
FY 2012,12/17/2011,12/8/2011,"The Davey Tree Expert Company, Pratville, AL 36067",Worker was trimming around power lines when he was struck and killed by a falling limb.
FY 2012,12/17/2011,12/9/2011,"Action Electric Co., Inc., Smyrna, GA 30080","Worker installing a cooling fan died when the fan fell, pinning him underneath it."
FY 2012,12/17/2011,12/9/2011,"Kraft Foods North America, Farmington Hills, MI 48335",Worker's head was crushed between the rear of a trailer and a warehouse door.
FY 2012,12/17/2011,12/9/2011,"Precision Facilities Corporation, West Point, NY 10996","Worker suffered fatal injuries after falling off a ladder, hitting his head on concrete."
FY 2012,12/17/2011,12/9/2011,"United Commercial Cast Stone, Denton, TX 76208",Worker operating a forklift that became stuck in a muddy pothole was killed when the unbalanced forklift tipped over onto him after he attempted to jump from vehicle.
FY 2012,12/17/2011,12/9/2011,"VPP Group, LLC., Norwalk, WI 54648",Worker removing a water line on a kill floor was electrocuted after touching energized parts.
FY 2012,12/17/2011,12/10/2011,"Deer Country Farm & Lawn Equipment, Inc., Mohnton, PA 19540","Worker disassembling the head piece of a forage harvester was killed when the machine tipped over, crushing him."
FY 2012,12/17/2011,12/10/2011,"Highlands Drilling, LLC., Wellsboro, PA 16901","Worker walking alongside a forklift was run over and killed when he fell, landing in front of the forklift's rear tire."
FY 2012,12/17/2011,12/12/2011,"BJ's Wholesale Club, Avon, OH 44011",Worker was found slumped over a guardrail.
FY 2012,12/17/2011,12/12/2011,"Quality Scapes, Inc., Streamwood, IL 60107",Worker was crushed by an auger inside a salt truck.
FY 2012,12/17/2011,12/12/2011,"Reillys Tree Cutting Service, Deerfield Beach, FL 33441",Worker trimming trees was electrocuted after contacting a high voltage line.
FY 2012,12/17/2011,12/13/2011,"Aerospace Fabrications of Georgia, Inc., Dallas, GA 30132","Worker handling an abrasive waterjet machine died from injuries when a high pressure water line coupling failed, causing the water to hit the worker in the chest."
FY 2012,12/17/2011,12/13/2011,"Enerfab, Inc., Arcadia, FL 34266",Worker performing welding tasks inside a steel tank was killed when he fell 55 feet from scaffolding.
FY 2012,12/17/2011,12/13/2011,"Hampton Lumber Mills - Washington, Morton, WA 98356",Worker was found crushed on a conveyor belt.
FY 2012,12/17/2011,12/13/2011,"Pulverdryer USA, Springfield, MI 49037",Worker was electrocuted after touching a 480-volt plug.
FY 2012,12/17/2011,12/14/2011,"Conway Auto Service, LLP., La Crosse, WI 54601",Worker was working on a vehicle that fell from the hydraulic in ground two post lift.
FY 2012,12/24/2011,11/22/2011,"Paramount Pictures, New Orleans, LA 70129",Worker died of head injuries when he fell out of a scissor lift that tipped over.
FY 2012,12/24/2011,11/28/2011,"Ethical Exteriors, Ann Arbor, MI 48198",Worker died after falling nearly 50 feet from a ladder.
FY 2012,12/24/2011,12/2/2011,"Carlos & Carla LLC., Grand Prairie, TX 75050",Worker using a 40-foot ladder to hang Christmas lights was electrocuted when the ladder touched an overhead power line.
FY 2012,12/24/2011,12/6/2011,"Four Leaf Construction, Palo Alto, CA 94301",Worker fell in an elevator shaft.
FY 2012,12/24/2011,12/8/2011,"Best Way Transport Inc., Cayey, PR 00736",Worker was crushed between a trailer and a door.
FY 2012,12/24/2011,12/12/2011,"Andy on Call, Plano, TX 75074",Worker died when he fell from a ladder.
FY 2012,12/24/2011,12/13/2011,"K & Y Designs, Inc., Schaumburg, IL 60195",Worker installing graphic decals died after falling more than 11 feet.
FY 2012,12/24/2011,12/13/2011,"The Pruner Tree Services, Fort Collins, CO 80525",Worker was killed after being struck by a fallen tree branch while performing tree trimming activities.
FY 2012,12/24/2011,12/14/2011,"Premium Roofing Systems, LLC., Houston, TX 77040",Worker repairing a roof died after falling 25 feet through the roof to the concrete floor.
FY 2012,12/24/2011,12/14/2011,"Roofing Louisiana General Contractors, Lafayette, LA 70508",Worker installing shingles on a roof died when he fell nearly 20 feet to the ground.
FY 2012,12/24/2011,12/14/2011,"Young & Rubicam, New York, NY 10017",Worker was crushed between the passenger elevator car and the shaft wall.
FY 2012,12/24/2011,12/15/2011,"Reynolds Transportation, Inc., Cameron, TX 76520",Worker died after being struck and dragged 400 ft by a tractor trailer while walking in a parking lot during heavy rain.
FY 2012,12/24/2011,12/16/2011,"Airserv Corporation, Union, NJ 07083",Worker was struck and killed by a bus.
FY 2012,12/24/2011,12/16/2011,"Frank Carradero, dba Frankie Tier Center, Humacao, PR 00791","Worker adding air to a tire was killed when it exploded, propelling him through the building's roof."
FY 2012,12/24/2011,12/17/2011,"Heritage Waste Technologies Industries, East Liverpool, OH 43920","One worker died, another was seriously burned after handling nonferrous metal material."
FY 2012,12/24/2011,12/19/2011,"Allen Enterprises & Recycling, LLC., Connellsville, PA 15425","Worker was crushed by two 1,100-lb. bales of recycled paper that collapsed on top of him."
FY 2012,12/24/2011,12/19/2011,"Wolf Tree Inc., Unicoi, TN 37692",Worker trimming trees alongside the road was struck and killed by a passing car.
FY 2012,12/24/2011,12/20/2011,"Mead Brothers Excavating, Ann Arbor, MI 48104",Worker was crushed beneath a hydraulic excavator.
FY 2012,12/24/2011,12/20/2011,"Rumpke of Ohio, Inc., Dayton, OH 45402",Worker sweeping up pieces of paper was killed when six bales of paper fell on him.
FY 2012,12/24/2011,12/21/2011,"Silgan Plastics Corporation, Langhorne, PA 19047",Worker was struck and killed by the cab of a tractor trailer truck that was being moved.
FY 2012,12/31/2011,12/16/2011,"Tribe Mediterranean Foods, Inc., Taunton, MA 02780",Worker cleaning the pump feeder skid machine was pulled into it and crushed between the machine's two augers.
FY 2012,12/31/2011,12/18/2011,"Traffic Services, Inc., Palm Harbor, FL 33772",Worker moving traffic control equipment from one side of the street was struck and killed by a vehicle.
FY 2012,12/31/2011,12/20/2011,"Myceix Technologies Corporation, Gainesville, GA 30501",Worker handling materials inside of a humidity chamber died from injuries after an explosion occurred.
FY 2012,12/31/2011,12/22/2011,"Stone Burg Marble and Granite, Tempe, AZ 85284",Worker was crushed by a stack of stone slabs.
FY 2012,12/31/2011,12/24/2011,"R&M Oil Supply, Inc., Smithton, IL 62285",Worker was found laying on the ground with his arm in a manhole.
FY 2012,12/31/2011,12/25/2011,"Cardinal FG Company, Portage, WI 53901",Worker was crushed by a glass plate that fell on him while unloading.
FY 2012,12/31/2011,12/26/2011,"Broadcast Tower & Antenna Services, Bonita Springs, FL 34135",Worker was electrocuted while repairing a beacon at the top of a communications tower.
FY 2012,12/31/2011,12/28/2011,"E Z Roofing, Inc., O'Fallon, IL 62269",Worker performing roofing activities died when he fell more than two stories to the concrete.
FY 2012,12/31/2011,12/28/2011,"JFS Food Mart, Seminole, FL 33772",Worker was shot during a robbery.
FY 2012,12/31/2011,12/28/2011,"Johnson Harvesting, Inc., Arcadia, FL 34266",Worker was picking oranges and died after falling from a ladder.
FY 2012,12/31/2011,12/30/2011,"T. Fiore Demolition, Inc., Newark, NJ 07105",Worker died after he was caught in a moving conveyor belt.
FY 2012,1/7/2012,10/27/2011,"Redcor Drilling, Winnemucca, NV 89446",Worker died inside of a water truck after it rolled down an embankment.
FY 2012,1/7/2012,11/13/2011,"Big Lots, Livermore, CA 94551",Worker collapsed for unknown reasons.
FY 2012,1/7/2012,11/16/2011,"Ventura Transfer, Carson, CA 90810",Worker died after being struck by a trailer.
FY 2012,1/7/2012,12/6/2011,"Summit Equipment Rental, San Diego, CA 92154",Worker operating a boom lift died from head injuries when lift tipped over.
FY 2012,1/7/2012,12/7/2011,"Eaton Corporation, Kearney, NE 68848",Worker was caught between bar steel feeder and press.
FY 2012,1/7/2012,12/20/2011,"Ameren UE, Labadie, MO 63055",Worker died after falling 80 feet from a scaffold.
FY 2012,1/7/2012,12/20/2011,"CR Petersen, Inc., Dickinson, ND 58601",Worker was engulfed when the sewer and water trench he was digging caved in.
FY 2012,1/7/2012,12/23/2011,"Schwerman Trucking Company, Raleigh, NC 27610","Worker transferring a product from a tanker died from injuries when a pressurized vessel cover struck him, causing him to fall."
FY 2012,1/7/2012,12/24/2011,"Highway Technologies, Inc., DeKalb, TX 75559",Highway worker died from head injuries after falling off the back of truck.
FY 2012,1/7/2012,12/27/2011,"JP Salvage, Staten Island, NY 10309",Worker died after he fell from an elevated platform.
FY 2012,1/7/2012,12/28/2011,"Volt Workforce Solutions, St. Paul, MN 55107",Worker stripping and waxing floors died from a heart attack. There will be no OSHA inspection.
FY 2012,1/7/2012,12/29/2011,"Native Power, Inc., Jupiter, FL 33477",Worker removing a phone line was electrocuted when he cut into a live power line.
FY 2012,1/7/2012,12/30/2011,"Burt's Reliable Inc., Southold, NY 11971",Worker died from burns after heating a valve with a torch during a fuel transfer operation.
FY 2012,1/7/2012,12/30/2011,"Hammacher, Schiemmer & Establishment DBA, West Chester, OH 45069",Worker died after slipping and falling off a commercial building roof.
FY 2012,1/7/2012,12/30/2011,"Young Life Challenge, CA 95925",Worker died from a stroke.
FY 2012,1/7/2012,1/3/2012,"Certifit, Inc., San Antonio, TX 78218",Worker was struck and killed by a commercial vehicle near the delivery ramp.
FY 2012,1/7/2012,1/3/2012,"Krush Sports & Entertainment, Inc., Brooksville, FL 34602",Worker drowned while collecting golf balls from the bottom of a golf course pond.
FY 2012,1/7/2012,1/3/2012,"TA Operating, LLC, Hillsborough, NC 27278",Worker was struck and killed by a metal pry bar when working on the brakes of a vehicle.
FY 2012,1/7/2012,1/4/2012,"Leonard Getty, St. John, KS 67576","Worker was operating a skid steer loader and slipped out of the loader, crushing the left side of his chest."
FY 2012,1/7/2012,1/4/2012,"MDR Construction, Moselle, MS 39459",Worker was electrocuted while performing overhead powerline construction.
FY 2012,1/7/2012,1/4/2012,"Southern Tire Mart, New Orleans, LA 70123",Worker was crushed when the forklift he was operating overturned.
FY 2012,1/7/2012,1/4/2012,"The Migues Deloach Company, LLC., Ft. Polk, LA 71459",Worker lifting materials using a boom lift was electrocuted after the boom contacted a live power line.
FY 2012,1/7/2012,1/4/2012,"Trans Action Packing, Houston, TX 77032",Worker was struck and killed by a forklift.
FY 2012,1/7/2012,1/4/2012,"Utilities Forestry Services, Duncansville, PA 16635",Worker using a chain saw to cut down trees was struck and killed by falling limbs from another tree.
FY 2012,1/7/2012,1/5/2012,"Dreher Contracting, LLC., Bastrop, LA 71220",Worker delivering a load of rocks in a Bob truck was crushed between the bed and cab.
FY 2012,1/14/2012,10/2/2011,"Father & Sons Pizza, Philadelphia, PA 19125","Worker unloading cases of soda from a delivery truck was killed when the truck door hit him on the head, causing him to fall and hit his head on the concrete."
FY 2012,1/14/2012,12/14/2011,"Chanel, Inc., Piscataway, NJ 08854",Worker was caught between a forklift and a storage rack.
FY 2012,1/14/2012,12/20/2011,"Bowllin Logging, Brookhaven, MS 39601",Worker was struck and killed by a tree he was cutting down.
FY 2012,1/14/2012,12/23/2011,"Humphrey & Associates, Inc., Dallas, TX 75229",Worker performing electrical contract work suffered a heart attack.
FY 2012,1/14/2012,12/23/2011,"Janis Plastics Inc., Antioch, IL 60002",Worker was found unresponsive on the floor. Cause of death not yet determined.
FY 2012,1/14/2012,12/30/2011,"Sunny Gem LLC/Cal Ag Resource, Buttom Willow, CA 93206",Worker was struck and killed by another worker driving a loader.
FY 2012,1/14/2012,1/3/2012,"Weathertop Nursery, Inc., Laytonville, CA 95454",Worker found dead in a storage area. Cause of death pending.
FY 2012,1/14/2012,1/4/2012,"Super Center Concepts, Inc./ dba Superior Grocers, Santa Fe Springs, CA 90670",Worker died when he was caught between a truck and a loading dock.
FY 2012,1/14/2012,1/5/2012,"Novirtus Transport, Tacoma, WA 98421",Worker was killed after being caught between a truck's driveshaft.
FY 2012,1/14/2012,1/6/2012,"Bernard Egan & Company, Ft. Pierce, FL 34946",Truck repairman was killed when the truck he was repairing fell on him.
FY 2012,1/14/2012,1/6/2012,"Fry Roofing, Inc., San Antonio, TX 78266",Worker repairing a roof died after he fell approximately 25 feet to the concrete ground.
FY 2012,1/14/2012,1/6/2012,"Levco Construction, Incorporated, Houston, TX 77072",Worker installing a stormwater drainage pipe inside a trench was buried under soil when the trench collapsed.
FY 2012,1/14/2012,1/7/2012,"Across Big Sky Flow Testing, LLC, Killdeer, ND 58640",Worker switching tanks at a flow testing facility was found dead on the catwalk of a tank battery.
FY 2012,1/14/2012,1/9/2012,"D&J Marangi, dba Ace Environmental Services, Newark, NJ 07108",Worker was run over by a garbage truck while on a collection route.
FY 2012,1/14/2012,1/9/2012,"Sarano's Inc., Ignacio, CO 81137",Worker transporting water from a water truck was run over and killed when the truck's brakes failed.
FY 2012,1/14/2012,1/10/2012,"Butler Merchandising Solutions, Inc., St. Louis, MO 63106",Worker was crushed by the Brause clam shell press machine he was operating.
FY 2012,1/14/2012,1/10/2012,"Minster Machine Company, Minster, OH 45865",Worker operating an overhead crane to move a foundry flask died when caught between two flasks.
FY 2012,1/14/2012,1/10/2012,"Southwest Signal, Inc., Tampa, FL 33619",Worker was struck and killed by a passing vehicle.
FY 2012,1/14/2012,1/10/2012,"Toxco, Inc., Lancaster, OH 43130",Worker changing a tire on earthmoving equipment was crushed between a block of wood and the equipment.
FY 2012,1/14/2012,1/11/2012,"Seaway Painting, LLC, Detroit, MI",Worker died after falling from the underside of a bridge into a river.
FY 2012,1/14/2012,1/11/2012,"U.S. Customs and Border Protection, Trenton, MI 48183",Worker committed suicide inside a service vehicle with a service-issued firearm.
FY 2012,1/21/2012,12/12/2011,"Oilfield Service & Supply Company Inc., Laurel, MS 39443","Worker was removing a ladder stuck in mud and briars. The ladder flew up and hit the worker on the back, fatally injuring the worker."
FY 2012,1/21/2012,1/4/2012,"California Department of Corrections, San Luis Obispo, CA 93405",Worker was on a training hike when he collapsed.
FY 2012,1/21/2012,1/9/2012,"Wardcraft Homes, Inc., Moose, WY 83012",Worker fell 15 feet while dismantling a make-shift scaffold.
FY 2012,1/21/2012,1/11/2012,"Discount Tires, Turlock, CA 95380","After a jack broke, vehicle fell on worker."
FY 2012,1/21/2012,1/11/2012,"Dmitry Ivanov, West Springfield, MA 01089",Worker fell through floor openings from the second floor to the basement.
FY 2012,1/21/2012,1/12/2012,"Bushwacker Brush Removal, Nevada City, CA 95959",Worker was decapitated after being entangled in a rope caught in a wood chipper.
FY 2012,1/21/2012,1/12/2012,"New Charter Electric, Jacksonville, FL 32209",Worker was killed when he reached up to close a fuse feeding a 26 KV transmission circuit.
FY 2012,1/21/2012,1/12/2012,"Pittman Nursery Inc., Magnolia, AR 71753",Worker drowns after falling out of a boat while performing maintenance on an irrigation pump.
FY 2012,1/21/2012,1/12/2012,"The De Moya Group Inc., Miami, FL 33186",Worker was struck by a vehicle.
FY 2012,1/21/2012,1/13/2012,"Commercial Forming Corporation, Coral Gables, FL 33134",Worker was struck by welding machine cart that came loose while the welding machine was being lifted.
FY 2012,1/21/2012,1/16/2012,"Cronimet Corporation, Aliquippa, PA 15001",Worker was struck and killed by a powered industrial truck.
FY 2012,1/21/2012,1/16/2012,"Hawkeye, LLC., Scarborough, ME 04074",Worker died after falling 50 feet from a utility pole.
FY 2012,1/21/2012,1/17/2012,"Estes Express Lines, Davenport, IA 60525",Worker was crushed between a dolly and a trailer while attempting to hook two trailers together.
FY 2012,1/21/2012,1/18/2012,"Hunter Mountain Ski Bowl, Inc., Hunter, NY 12442","Worker slid off the trail and into the woods, striking a tree."
FY 2012,1/21/2012,1/20/2012,"Lamdoil Corporation, Marysville, KS 66508","Worker was lifting a piece of tubing that fell off its cribbing while being hoisted. The tubing rolled, pinning the worker to the concrete floor."
FY 2012,1/21/2012,1/20/2012,"Petco Petroleum Corporation, Saint Elmo, IL 62458",Worker was traveling in a backhoe and was crushed after the backhoe toppled into a ditch.
FY 2012,1/28/2012,10/1/2011,"Miguel Martinez Construction, Inc., Lawrenceville, GA 30044",Worker was framing a house and fell 3 stories.
FY 2012,1/28/2012,12/15/2011,"J F Ahern Co., Escanaba, MI 49829",Employee was found next to a fire extinguisher the worker was inspecting.
FY 2012,1/28/2012,1/2/2012,"Emerald Transportation Corporation, Boynton Beach, FL 33426",Worker was loading a vehicle onto a tow truck when he was struck by a car.
FY 2012,1/28/2012,1/3/2012,"L & S Plumbing Inc., Ann Arbor, MI 48103",Worker fell while drilling a floor joist on a 6-foot step ladder.
FY 2012,1/28/2012,1/5/2012,"All Pro Contracting Inc., Kennewick, WA 99336",Worker fell while standing on a beam without fall protection.
FY 2012,1/28/2012,1/10/2012,"S. Daily Deliveries, Harwood Heights, IL60706",Worker died after falling.
FY 2012,1/28/2012,1/11/2012,"Grant Construction, Dallas, TX 75214",Worker fell through an unguarded skylight after exiting from an aerial lift and walking onto a roof.
FY 2012,1/28/2012,1/18/2012,"Swagelok Company, Solon, OH 44139","Employee was performing assembly work when worker fell to the floor, suffering an apparent seizure."
FY 2012,1/28/2012,1/19/2012,"Live Oaks Planting Company LLC, Itta Bena, MS 38941","Employee was working in a 60,000 bushel grain silo when the worker sank and was engulfed in 20,000 bushels of soybean."
FY 2012,1/28/2012,1/19/2012,"Poff Carting Services LLC, East Bernstadt, KY 40729",Worker was pinned between a trash compactor and a truck.
FY 2012,1/28/2012,1/20/2012,"Garfield Lumber and Millwork, Inc., Garfield, NJ 07026","Worker was working underneath a forklift when the jack used to lift the forklift failed, crushing the worker."
FY 2012,1/28/2012,1/20/2012,"Peine Construction Corp., Edina, MN 55424",Worker was struck by a truss and fell.
FY 2012,1/28/2012,1/22/2012,"Ritchie Brothers Auction, Davenport, FL 33897",Worker fell from a forklift and was then run over by the forklift.
FY 2012,1/28/2012,1/23/2012,"Air Equipment Rental, Inc., Tilden, TX 78072","Worker was working at the base of an oil rig when a valve separated from piping, fell and struck the worker."
FY 2012,1/28/2012,1/23/2012,"B&G Electrical, Kingsmill, TX 79066","Worker was working in a bucket truck 20 feet high, replacing old power lines to new lines and collapsed in the truck."
FY 2012,1/28/2012,1/24/2012,"Geer Tank Trucks Inc., Jacksboro, TX 76458",Worker was found underneath truck after performing work on semi-trailer truck.
FY 2012,1/28/2012,1/24/2012,"RALG Demolition LLC, Cleveland, OH 44134",A building under demolition collapsed killing two workers.
FY 2012,1/28/2012,1/24/2012,"Redcom General Contractor, San Juan, PR 00908",Worker was cutting concrete from a mobile scaffold when a roof collapsed and debris hit the workers head.
FY 2012,1/28/2012,1/25/2012,"Maurice DeMars, Queensbury, NY 12804",Worker was trapped under a log.
FY 2012,1/28/2012,1/25/2012,"Viking Iron Metal, Houston, TX 77045",Worker dies from burns when a tank that once contained gasoline explodes.
FY 2012,1/28/2012,1/26/2012,"Bimbo Bakeries USA, Omaha, NE 68134",Worker was pinned by a panel van truck against the wall of the building.
FY 2012,1/28/2012,1/27/2012,"Advanced Cylinder Repair Inc., Ashland, OH 44805",Worker was struck by a piston that was ejected from a machine.
FY 2012,2/4/2012,10/16/2007,"American Nostalgia, Irvine, CA 92618",Worker who suffered seizures resulting from head and spinal injuries after a 2007 fall died from the seizures.
FY 2012,2/4/2012,12/29/2011,"CSA Equipment Company LLC, Mobile, AL 36601","Worker performing inventory of steel coils was killed after being pinned between a 21,000 pound steel roll and a forklift's counterweight."
FY 2012,2/4/2012,1/3/2012,"Nucentury Textile Services LLC, Toledo, OH 43604",Worker killed after shirt was caught in a roller conveyor.
FY 2012,2/4/2012,1/11/2012,"Tubal Cain Industries Inc., Laredo, TX 78040",Hydraulic system blew back striking worker on the head.
FY 2012,2/4/2012,1/23/2012,"Arnco Construction Inc., Trenton, TN 38382",Worker was killed when a building under construction collapsed.
FY 2012,2/4/2012,1/23/2012,"Justice Construction LLC, Orting, WA 98360",Worker died from a head injury while cutting fallen trees and tree limbs.
FY 2012,2/4/2012,1/25/2012,"Delta Properties LLC, Tallassa, AL 36078",Worker demolishing a single story structure was killed when the structure collapsed.
FY 2012,2/4/2012,1/26/2012,"Amalda Enterprises Inc., Houston, TX 77066",Worker installing a steel girt to a prefabricated building died from a 40-foot fall onto a concrete surface.
FY 2012,2/4/2012,1/26/2012,"J.B. Mouton Inc., Lafayette, LA 70506",Worker demolishing a storage area was crushed between a fallen ceiling and the wall.
FY 2012,2/4/2012,1/26/2012,"Juan Esparza Ruiz, Trinidad, CA 95570",Worker walking down cut-tree-logs fell between the logs and was crushed as the logs rolled together.
FY 2012,2/4/2012,1/26/2012,"Prestige Exterior Maintenance LLC, North Bergen, NJ 07047",Worker was crushed by the arm of a skid steer.
FY 2012,2/4/2012,1/26/2012,"The Bailey Company, Calhoun, GA 30701",Worker checking the rear brakes on his truck died after the truck ran over him.
FY 2012,2/4/2012,1/27/2012,"Averitt Express Inc., Cookeville, TN 38502-3166",Worker trying to re-enter moving tractor trailer was caught between truck and trailer.
FY 2012,2/4/2012,1/27/2012,"Esquire Construction LTD, Mequon, WI 53092",Worker died after falling off of a roof.
FY 2012,2/4/2012,1/27/2012,"Henderson Construction, Kenner, LA 70062",Worker picking up trash on building roof died after falling more than 20 feet and hitting a trash dumpster.
FY 2012,2/4/2012,1/27/2012,"Patterson UTI, Keene, NC 58847",Worker was killed in a boiler explosion on an oil drilling rig.
FY 2012,2/4/2012,1/27/2012,"Ventrue Trucking, Lavergne, TN 37086",Worker offloading steel coil was pinned between truck bed and coil.
FY 2012,2/4/2012,1/30/2012,"Gary Railroad, Gary, IN 46402",Worker was crushed between two railcars.
FY 2012,2/4/2012,1/30/2012,"Mahr City View Dairy Inc., Stanley, WI 54768","Worker was herding and was exposed to animal interaction hazards, possible heart attack or animal contact."
FY 2012,2/4/2012,1/30/2012,"Manchester Tank, Elkhart, IN 46514",Worker pushing a welding cart died from injuries after slipping and falling backwards.
FY 2012,2/4/2012,1/30/2012,"Sutten Pulp Cutting, Cornell, WI 54732",Worker was struck and killed by a log skidder as it rolled down a hill.
FY 2012,2/4/2012,1/30/2012,"V T Halter Marine Inc., Pascagoula, MS 39581",Worker preparing to refill a sand blast pot was killed when the pressurized vessel exploded after he lifted the lid.
FY 2012,2/4/2012,1/31/2012,"Trans Power Electric, New Town, ND 58763",Worker was struck and killed by a backhoe blade during electrical installation operations.
FY 2012,2/4/2012,2/1/2012,"V & M Tube Alloy, Houston, TX 77049",Worker repairing a hydrotester in a pipe manufacturing facility was killed after being struck on the head by a pipe on a conveyor belt.
FY 2012,2/4/2012,2/2/2012,"California Yacht Services, Huntington Beach, CA 92649",Worker drowned while cleaning a boat at the harbor.
FY 2012,2/4/2012,2/3/2012,"Pistol Drilling LLC, Woodward, OK 73801",Worker unloading an A leg of a derrick died after he was struck and pinned under several falling A legs.
FY 2012,2/11/2012,1/13/2012,"Spokane Sheriff's Department, Spokane, WA 99206",Worker sustained a head injury after tripping on a curb while performing traffic control. Worker succumbed to this injury 1/29/2012.
FY 2012,2/11/2012,1/16/2012,"Proof Seal LLC, Bessemer City, NC 28016",Worker died after falling 16 feet through a skylight to a concrete floor.
FY 2012,2/11/2012,1/18/2012,"Hastings Acquisitions, Hastings, NE 68901",Worker dies when he is pulled into a conveyor after his scarf gets caught in the machine.
FY 2012,2/11/2012,1/23/2012,"BEI Engineering Services, Bronx, NY 10462",Worker was killed after the vehicle blocking a work zone was struck by an intermodal container.
FY 2012,2/11/2012,1/30/2012,"Southern California Soil & Testing, San Diego, CA 92120",Worker was struck and killed by an airplane propeller while trying to start engine.
FY 2012,2/11/2012,1/31/2012,"Backwoods Inc., Tampa, FL 33619",Worker demolishing a metal container for scrap was killed when the panel struck his head.
FY 2012,2/11/2012,2/1/2012,"Wauneta Mills LLC, Wauneta, NE 69045",Worker using an auger to fill truck with feed pellets was found dead inside the truck bin.
FY 2012,2/11/2012,2/2/2012,"Guerrero's Dry Wall, Amarillo, TX 79419",Worker using ladder to apply texture to drywall died after falling 10 feet and landing on his head.
FY 2012,2/11/2012,2/3/2012,"Defenbaugh Industries Inc., Shawnee, KS 66203",Worker on a trash collection route was run over and killed by the trash truck.
FY 2012,2/11/2012,2/3/2012,"KKA Drilling LLC, Keene, ND 58847",Worker died after falling 14 feet during rig tear-down operations.
FY 2012,2/11/2012,2/3/2012,"NAMCO Dallas, Plano, TX 75093","Carpet cleaning worker died from apparent asphyxiation after being found inside a garage, at the back of his parked work van where the cleaning machine was running."
FY 2012,2/11/2012,2/5/2012,"Bar 20 Dairy LLC, Karman, CA 93630",Worker washing concrete floor died after falling 12 feet over guard railing.
FY 2012,2/11/2012,2/7/2012,"Ron's Millwright Service, Greenville, TN 37745",Worker died when he fell from roof.
FY 2012,2/11/2012,2/8/2012,"2 Rivers LLC, Moses Lake, WA 98937",Worker was crushed when a portion of an ecology wall fell.
FY 2012,2/11/2012,2/8/2012,"Better Management Corporation of Ohio Inc., Columbiana, OH 44408",Worker struck in the leg by a pipe died after falling and hitting his head.
FY 2012,2/11/2012,2/8/2012,"Boneville Group Virgin Islands, Frederiksted, VI 00840",Worker installing telecommunication cables near a main road was struck and killed by a moving vehicle.
FY 2012,2/11/2012,2/8/2012,"Gerdan/Tamco Steel, Rancho Cucamonga, CA 91739",Worker was found unresponsive on the floor.
FY 2012,2/11/2012,2/8/2012,"Larry Simon Dairy Farm, Westphalia, MI 48894",Worker was run over and killed by a front-end loader.
FY 2012,2/11/2012,2/9/2012,"Nickey Warehouses, Memphis, TN 38109","Worker was crushed by a 1,500-pound roll of paper when it slipped out of a forklift clamp."
FY 2012,2/11/2012,2/9/2012,"Summers-Taylor Inc., Kingsport, TN 37660",Worker was struck and killed by a vehicle while carrying equipment across highway.
FY 2012,2/11/2012,2/10/2012,"Kesmarc LLC, Ocala, FL 32268",Worker treating a horse inside a hyperbaric oxygen therapy chamber was killed when an explosion occurred inside the chamber.
FY 2012,2/18/2012,1/9/2012,"John P. Wood Inc., Cumming, GA 30040",Worker operating a skid steer was killed when a fallen tree pinned him against the seat bar.
FY 2012,2/18/2012,2/8/2012,"Con-Way Southern Express, Columbia, NC 27925",Worker caught between a truck and a loading dock died from injuries.
FY 2012,2/18/2012,2/9/2012,"Omaha Refinishing, Council Bluffs, IA 51501","Worker who was overcome by vapors while refinishing a bathtub, died from asphyxiation."
FY 2012,2/18/2012,2/10/2012,"Fertizona San-Tan, Stanfield, AZ 85712",Worker died from a head injury after falling off a ladder.
FY 2012,2/18/2012,2/10/2012,"Wyoming Valley Pallets Inc., Exeter, PA 18643",Worker was struck by machine and caught in driveshaft of hammermill used to dig frost.
FY 2012,2/18/2012,2/11/2012,"Winsor Acres Inc., Harpursville, NY 13787",Worker was struck and killed by a skid steer bucket.
FY 2012,2/18/2012,2/14/2012,"Ansley Unprocessed Products Inc., Orange Park, FL 32065",Worker was crushed by a bobcat that flipped during a wind gust.
FY 2012,2/18/2012,2/14/2012,"CEMCO Steel, Denver, CO 80204",Worker was caught between a forklift and a coil of steel.
FY 2012,2/18/2012,2/16/2012,"Key Energy Services Inc., Plaza, ND 58771",Worker operating equipment that injected nitrogen into an oil well was found dead.
FY 2012,2/18/2012,2/16/2012,"U.S. Department of Labor -Harpers Ferry Job Corp., Harpers Ferry, WV 25425",Worker fell to the floor.
FY 2012,2/25/2012,2/7/2012,"Great White Pressure Pumping, Garden City, TX 79739",Worker performing pre-fracking operations was struck and killed when a pipe exploded under pressure.
FY 2012,2/25/2012,2/8/2012,"Redmond Construction Inc., Bernard, IA 52032",Worker died from head injuries after falling 15 feet while doing construction work.
FY 2012,2/25/2012,2/17/2012,"US Airways Group Inc., Phoenix, AZ 85034",Worker was crushed between two vertically moving conveyor belts.
FY 2012,2/25/2012,2/18/2012,"Duphil Construction, Orange, TX 77632",Worker was crushed when a load on a forklift fell.
FY 2012,2/25/2012,2/18/2012,"Smithfield Packing Company Inc., Clinton, NC 28328",Worker emptying waste water sludge into a tanker truck died from exposure to toxic gas.
FY 2012,2/25/2012,2/19/2012,"Southern Metals Recycling Inc., Savannah, GA 31405",Worker using knife to cut wire cut his finger. He fainted and later died from head injuries after falling to concrete floor.
FY 2012,2/25/2012,2/19/2012,"Stevens Pass Mountain Resort, Skyomish, WA 98288",Worker participating in a video shoot at a ski resort was killed during an avalanche.
FY 2012,2/25/2012,2/20/2012,"CSI Acquistion Co., LLC dba Crane Service Inc., Three Rivers, TX 78022",Worker died when caught between a tractor and a trailer while hooking them together.
FY 2012,2/25/2012,2/20/2012,"Win-Sons Poleline Construction, Watonga, OK 73040",Worker replacing lightning arresters on electrical lines was electrocuted after touching an energized line.
FY 2012,2/25/2012,2/21/2012,"Ferman BMW of Palm Harbor, Palm Harbor, FL 34684",Worker died after falling out of a golf cart.
FY 2012,2/25/2012,2/22/2012,"Arden and Howe Car Wash Inc., Sacramento, CA 95825",Worker was struck and killed by a vehicle exiting the car wash.
FY 2012,2/25/2012,2/22/2012,"Renner Construction, Palmetto, GA 30268","Worker performing residential construction died when he fell off the roof, landing on the lower deck."
FY 2012,2/25/2012,2/23/2012,"Neo Corporation, Gatlinburg, TN 37738",Worker was working adjacent to an embankment when it collapsed.
FY 2012,2/25/2012,2/23/2012,"Walmart, Streetsbooro, OH 44241",Worker unloading a general merchandise truck died from apparent heart attack.
FY 2012,3/3/2012,2/2/2012,"Southland Tube Inc., Birmingham, AL 35234","Worker loading steel coils onto an uncoiler died after being found with his head caught between 14,000-pound coils."
FY 2012,3/3/2012,2/17/2012,"Jackson Pipe & Steel, Leary, TX 75503",Worker operating a jib crane was killed when the steel column supporting the crane fell off its support base causing the column and crane to collapse on him.
FY 2012,3/3/2012,2/21/2012,"Brunner Equipment LLC, Elkin, NC 28621",Worker was killed when a hydraulic lift fell on him.
FY 2012,3/3/2012,2/21/2012,"W.A. Felix Builders, Honolulu, HI 96821",Worker died from falling debris while working in a trench.
FY 2012,3/3/2012,2/22/2012,"AB Construction Inc., Dallas, GA 30157",Worker wearing a horizontal lifeline that was connected to an aircraft hangar under construction was killed when the building collapsed.
FY 2012,3/3/2012,2/22/2012,"Alabama Forklift & Repair Inc., Clanton, AL 35045",Worker trying to remove the oil filter from underneath a forklift was killed when the jack used to elevate the forklift fell on him.
FY 2012,3/3/2012,2/23/2012,"Alltex Steel Inc., Sealy, TX 77474","Worker inside of a scissor lift died when trusses hit the lift, tipping it over."
FY 2012,3/3/2012,2/23/2012,"Best Foam, Sherman, MS 38869",Worker operating a compactor machine used to pack together cut farm crops died after being caught inside the machine.
FY 2012,3/3/2012,2/23/2012,"Roberson Construction & Land Development, Inc., Gatlinburg, TN 37738",Worker was asphyxiated when an unshored wall collapsed while he was cutting rebar inside of a basin.
FY 2012,3/3/2012,2/27/2012,"Clanton Masonry, Atlanta, GA 30329","Worker standing on a scaffold platform was killed when a forklift hit the platform, which then hit a building under construction. The worker fell and the building collapsed on him."
FY 2012,3/3/2012,2/27/2012,"CM Joslin Company Inc., Cleveland, TX 77327",Worker helping to cut down trees was struck and killed by a 55-foot tree being cut by another worker.
FY 2012,3/3/2012,2/28/2012,"Graftech International, Anmoore, WV 26323",Worker died from abdominal wounds when a part from a metal-cutting machine struck him.
FY 2012,3/3/2012,2/28/2012,"Jennings Farms, Inc., LaVergne, TN 37086",Worker died after being pinned under the front tire while attempting to stop an unattended moving tractor.
FY 2012,3/3/2012,2/29/2012,"Elite Pipeline Services, Odessa, TX 79764",Four workers were hospitalized when a flash fire occurred while they cut bolts off an abandoned pipeline.
FY 2012,3/3/2012,2/29/2012,"Flatrolled Steel Inc., Houston, TX 77078",Worker died from injuries when a rail car cover struck his head and crushed his chest.
FY 2012,3/3/2012,2/29/2012,"Iron Boss Inc., Houston, TX 77056",Worker putting steel I-beams on blocks was killed when a beam struck his head and chest.
FY 2012,3/3/2012,3/1/2012,"White Hawk Engineering and Design, Kingfisher, OK 73750",Worker surveying a wheat field was struck and killed by a train as he crossed a railroad track.
FY 2012,3/3/2012,3/2/2012,"Ohio American Water, Tiffin, OH 44883",Worker was struck and killed by a vehicle while operating a water valve.
FY 2012,3/3/2012,3/2/2012,"Stein Inc., Ashland, KY 41101",Worker performing machine maintenance was crushed between a conveyor belt and machine frame after an unexpected start-up.
FY 2012,3/10/2012,12/4/2011,"Durhamtown Plantation Sportsman Resort, Union Point, GA 30669",Worker operating a bobcat at a recreational resort died when a tree limb pierced a main vein/artery.
FY 2012,3/10/2012,2/27/2012,"Border Bin Erection LLC, Kerkhoven, MN 56252",Worker was struck by grain-bin jack.
FY 2012,3/10/2012,2/28/2012,"Allied Waste Services of North America LLC, Bensenville, IL 60105",Worker loading a dumpster on a truck at a waste services facility was found pinned between the truck and rail system.
FY 2012,3/10/2012,3/2/2012,"Frontier Drilling LLC, Palermo, ND 58769","Worker performing piping work died from injuries sustained when his life line broke, causing him to fall 75 feet."
FY 2012,3/10/2012,3/2/2012,"Koswire Inc., Flowery Branch, GA 30542",Worker operating a metal wiring machine was killed when he reached into the machine and was pulled in.
FY 2012,3/10/2012,3/2/2012,"San Saba Pecan, Harlem, GA 30814",Worker installing a new compressed air pipe was killed when the pipe exploded and struck his head.
FY 2012,3/10/2012,3/3/2012,"Tire Centers LLC, Decatur, AL 35601",Worker repairing an off-road tire was killed when the multi-piece rim exploded and struck him.
FY 2012,3/10/2012,3/6/2012,"Berlanga General Painting, Eagle Pass, TX 78852",Worker using an aerial lift to paint air ducts died after falling nearly 30 feet from a catwalk.
FY 2012,3/10/2012,3/6/2012,"Epstein Construction Inc., Chicago, IL 60661",Construction manager driving his truck on worksite suffered an apparent heart aneurism causing him to lose control of vehicle and strike a piece of construction equipment.
FY 2012,3/10/2012,3/6/2012,"National Steel City LLC, Calvert, AL 36513",Worker installing duct work in building under construction died after falling 60 feet.
FY 2012,3/10/2012,3/7/2012,"Sieveking Inc., Hazelwood, MO 63042",Worker using a portable ladder to hook a hose to a fuel tank truck died after falling 10 feet off the ladder to pavement.
FY 2012,3/10/2012,3/8/2012,"Nugent's Tree Service Inc., Massapequa, NY 11758",Worker died after falling while trimming trees.
FY 2012,3/17/2012,2/24/2012,"Worldwide Technologies GPA, Franklin, KY 42134",Worker in a tool manufacturing facility broke his neck when he was pulled into a machine used to rotate and shape metals.
FY 2012,3/17/2012,2/27/2012,"Gulf Equipment Corporation, Auburn, AL 36849",Worker performing duties inside a highway construction zone was struck and killed by a passenger vehicle.
FY 2012,3/17/2012,2/29/2012,"B&B Well Drilling, Laton, CA 93242",Worker at an oil rig was killed when a 300-pound clamp that he tried to attach to a well drilling machine fell on him.
FY 2012,3/17/2012,3/6/2012,"J.V. Industrial Companies Ltd., Memphis, TN 38109","One worker was killed, two were burned, when a gas pipe they were working on exploded."
FY 2012,3/17/2012,3/7/2012,"Neftail Lawn Care, Coral Gables, FL 33156",Worker using an extended saw to cut down tree palms was electrocuted when the palm swayed and touched a power line.
FY 2012,3/17/2012,3/9/2012,"Arsham Metal Industries Inc., Houston, TX 77041","One worker was killed, two injured, when a stack of 1,400-pound metal casting molds fell on top of them while they were on break inside an aluminum and metals facility."
FY 2012,3/17/2012,3/10/2012,"Survey Solutions Inc., St. Clair Shores, MI 48081",Worker inside a roadway work zone was struck and killed by a vehicle.
FY 2012,3/17/2012,3/11/2012,"Capital City Cab Service, Steelton, PA 17113",Cab driver was shot and killed.
FY 2012,3/17/2012,3/12/2012,"Affiliated Machinery Inc., Pearland, TX 77581",Worker using a forklift to move machinery died after becoming pinned between the forklift and the pallet rack.
FY 2012,3/17/2012,3/12/2012,"Children's Hospital & Health System, Milwaukee, WI 53226",A housekeeping employee was found on the bathroom floor: possible heart attack.
FY 2012,3/17/2012,3/12/2012,"Pace Residential LP, Houston, TX 77042",Worker making repairs around a sky light at a residential facility died after falling 22 feet through the skylight.
FY 2012,3/17/2012,3/13/2012,"Amerilam Supply Group, Knoxville, TN 37918",Worker was struck and killed by a delivery truck while crossing the road to get to the company warehouse.
FY 2012,3/17/2012,3/13/2012,"Eberts Electric Inc., Amherst, NY 14226",Worker replacing a device that limits the amount of current in an electrical circuit was electrocuted after touching a live electrical component.
FY 2012,3/17/2012,3/14/2012,"Maury County Highway Dept., Columbia, TN 38401",Worker on a highway construction site died after falling 40 feet from an aerial boom that broke from the aerial lift truck.
FY 2012,3/17/2012,3/14/2012,"Tyson Fresh Meats Inc., Dakota City, NE 68731",Worker repairing an adjustable lift platform inside a meat packing facility was crushed when the chain holding the platform broke.
FY 2012,3/17/2012,3/15/2012,"Berkeley Forge & Tool Inc., Berkeley, CA 94710",Worker at a tool manufacturing facility was killed when a piece from a pneumatic grinder he was welding struck his head.
FY 2012,3/17/2012,3/15/2012,"Kelley Bean Company Inc., Brush, CO 80723",Worker was engulfed after standing on a pile of beans at a bean plant.
FY 2012,3/24/2012,2/4/2012,"Conagra Foods Lamb Weston Inc., Connell, WA 99326",Worker at a frozen food manufacturing facility died after performing waste water treatment operations.
FY 2012,3/24/2012,2/14/2012,"Richard Knight, White Swan, WA 98952",Worker was struck and killed by a large alfalfa bale.
FY 2012,3/24/2012,2/22/2012,"Danny Mallard, Whitesboro, TX 76273",Worker installing an advertising billboard died after falling 30 feet.
FY 2012,3/24/2012,2/22/2012,"Port Newark Container Terminal LLC, Newark, NJ 07114",Worker at a container terminal died after being caught between two cargo containers.
FY 2012,3/24/2012,2/24/2012,"Equipos de Bequeron, Las Piedras, PR 00771",Worker was thrown from a truck and killed when equipment the truck was carrying caused the truck to crash.
FY 2012,3/24/2012,3/1/2012,"Professional Roofing Services Inc., Ortonville, MI 48433",Worker performing roofing activities was electrocuted while moving a ladder that touched an overhead power line.
FY 2012,3/24/2012,3/4/2012,"JM Manufacturing Inc., Umatilla, OR 97882",Worker performing maintenance at a pipe fitting manufacturer was killed when a 396-pound plastic pipe fell on him.
FY 2012,3/24/2012,3/6/2012,"Daniel Smith, dba Smith Logging, Holly Pond, AL 35083",Worker performing logging operations died from head injuries after being struck by a tree.
FY 2012,3/24/2012,3/9/2012,"Peninsula Sanitary Service Inc., Stanford, CA 94305",Worker on trash collection route was struck by unattended trash truck after exiting the truck to stop a dumpster from rolling down the street.
FY 2012,3/24/2012,3/13/2012,"Shelter Design and Construction, Lakeway, TX 78734",Worker repairing a second-floor window died after falling 11 feet to the concrete slab.
FY 2012,3/24/2012,3/16/2012,"Oscar's Painting, Rancho Cucamonga, CA 91730",Three workers painting inside a facility were found dead from carbon monoxide poisoning after a gasoline-powered air compressor was running without fuel.
FY 2012,3/24/2012,3/19/2012,"D & E Tree Service, Scio, OH 43988","Worker trimming trees from inside a truck's elevated bucket was killed when the bucket fell, crushing him between it and the truck's cab."
FY 2012,3/24/2012,3/20/2012,"Brantec Packaging Machinery Corp., Fort Mill, SC 29715",Worker at a packaging manufacturer was struck and killed by a forklift.
FY 2012,3/24/2012,3/20/2012,"D & K Logging Inc., Danville, WV 25053",Worker trimming an oak tree was killed when another uprooted tree fell on him.
FY 2012,3/24/2012,3/20/2012,"Donner Plumbing and Heating Inc., Portales, NM 88130","Worker for a plumbing and heating company who was unbolting equipment attached to a hoist was killed when the hoist frame collapsed, pinning the worker between the framing."
FY 2012,3/24/2012,3/20/2012,"Genpak LLC, Columbus, OH 43228",Worker at a packing and crating facility who was cleaning a machine used to make rolls of plastic was killed after being pulled into the machine.
FY 2012,3/24/2012,3/20/2012,"OGE Red Bud Power Plant, Luther, OK 73054",Worker tightening bolts on a steam drum died from blunt force trauma and burns when increased pressure caused drum to explode.
FY 2012,3/24/2012,3/20/2012,"Rayson Logging, Dundee, OH 44624",Worker performing logging operations was struck and killed by a tree.
FY 2012,3/24/2012,3/20/2012,"Suderman Stevedore Inc., Galveston, TX 77550",Worker was found deceased in a restroom.
FY 2012,3/24/2012,3/20/2012,"Valsala Inc., Paw Paw, IL 61353",Worker installing a sensor on the highway was struck and killed by a semi-truck.
FY 2012,3/24/2012,3/23/2012,"Harrington Plastics, Chino, CA 91710",Worker delivering loads of fiberglass was killed when a 420-pound load struck him on the head and landed on his chest.
FY 2012,3/24/2012,3/23/2012,"Kachur Tree Service, South Bend, IN 46637",Worker was struck on the head and killed by a falling tree limb that was cut by another worker.
FY 2012,3/24/2012,3/26/2012,"Gilley Construction Inc., Manchester, TN 37355",Worker died from an apparent drowning after falling from a barge into the water.
FY 2012,3/31/2012,2/8/2012,"Serra Stone Corp., Bethesda, MD 20816",Worker at a stone products manufacturer who was attempting to enter his work vehicle died when he was pinned against a brick wall after the truck rolled.
FY 2012,3/31/2012,2/13/2012,"Southern Management Corp., Towson, MD 21204","Worker for a management facility who was operating a car lift died when the carriage came out of the track and flipped over, ejecting the worker down a 20 foot shaft."
FY 2012,3/31/2012,2/15/2012,"Mad River Glen Ski Area, Waitsfield, VT",A ski instructor at a ski resort died after becoming stuck in a wall opening.
FY 2012,3/31/2012,2/23/2012,"FM Property Services, Union, NJ",Worker died after falling eight feet while installing ceiling tiles from a ladder.
FY 2012,3/31/2012,3/13/2012,"Alaska Heliskiing LLC, Hanes, AK 998273",Worker at a snow ski resort was buried under nearly eight feet of snow after an avalanche.
FY 2012,3/31/2012,3/18/2012,"Community Asphalt Corporation, Vero Beach, FL 32967","Worker refueling the company truck slipped and fell to the ground, sustaining rib fractures. He later died from health complications."
FY 2012,3/31/2012,3/19/2012,"Home Goods, Oakdale, MN 55128","Worker at a retail store, setting up a bag holder, died when a metal piece from the holder struck him in the head."
FY 2012,3/31/2012,3/21/2012,"A & D Air Conditioning & Refrigeration Inc., Boca Raton, FL 33432",Worker installing piping and sheet metal to the HVAC system of a restaurant died after falling 40 feet through the building's shaft.
FY 2012,3/31/2012,3/21/2012,"Vermont Electric Cooperative Inc., Johnson, VT 05656",Worker trimming trees was electrocuted after touching a live conductor.
FY 2012,3/31/2012,3/22/2012,"Breeze National Inc., New York, NY 10027",Worker for a trash and junk disposal company was killed when part of a two-story building collapsed.
FY 2012,3/31/2012,3/23/2012,"Burton Hydro-Vac, El Paso, TX 79905",Worker using a vacuum truck to remove water from a hole died after a pipe came loose and hit his head.
FY 2012,3/31/2012,3/23/2012,"Cambelt International, Salt Lake City, UT 84104",Worker was crushed between the hydraulic ram and bullister of a press during maintenance operations.
FY 2012,3/31/2012,3/23/2012,"Troon Golf LLC, Palm Beach Gardens, FL 33418","Worker driving a cart on a golf course drowned when the cart landed in a lake, pinning him underwater."
FY 2012,3/31/2012,3/24/2012,"Daniel Coates Farm, Fuquay Varina, NC 27526",Farm worker was struck and killed when a box of feed stock fell on him.
FY 2012,3/31/2012,3/24/2012,"Fire Brick Engineers Company Inc., Marlon, AL 36756-0670",Worker replacing the lining of a furnace was crushed between the cleaning equipment and wall. Equipment had not been locked out.
FY 2012,3/31/2012,3/24/2012,"Proctor & Gamble Paper Products Co., Mehoopany, PA 18629",Worker was performing maintenance on a paper mill machine was killed when his head became trapped between the oscillating shower head feed pipe and a stationary water return duct.
FY 2012,3/31/2012,3/27/2012,"HD Supply Waterworks, Pineville, NC 28134","Worker for a plumbing supplies company who was loading materials on a flatbed truck died when he fell 4 feet off the truck, and was then struck by a 420-pound pipe."
FY 2012,3/31/2012,3/27/2012,"J & S Industries, Friendswood, TX 77546",Worker trimming trees was electrocuted when his aluminum saw touched a transmission line.
FY 2012,3/31/2012,3/27/2012,"Lockhart Concrete Company, Kent, OH 44240",Worker at a concrete manufacturing facility was crushed between a precast concrete slab and excavator.
FY 2012,3/31/2012,3/28/2012,"Massman Traylor Alberici, A Joint Adventure, East St. Louis, IL 62202","Employee was working in an aerial lift over a river when a steel pile fell and struck the boom of the lift. The worker, still in the basket, fell into the river and drowned."
FY 2012,3/31/2012,3/28/2012,"Utilicon Solutions LTD, dba Highlines Construction, Wabbaseka, AR 72775",Worker replacing utility poles was electrocuted.
FY 2012,3/31/2012,3/29/2012,"Hathaway Ranch and Oil Museum, Santa Fe Springs, CA 90670","Worker at a ranch museum who was driving a tractor died after it overturned, pinning the worker to the ground."
FY 2012,3/31/2012,3/29/2012,"Modern American Recycling Services Inc., Gibson, LA 70356",Worker cutting a metal platform at a scrap yard died when a partially cut metal piece fell on him.
FY 2012,3/31/2012,3/29/2012,"Tech Systems Contracting, Hayes, VA 23072",Worker performing electrical prep work from a ladder died after falling and hitting his head on concrete floor.
FY 2012,3/31/2012,3/30/2012,"Frit Industries Inc., Walnut Ridge, AR 72476",Worker inspecting the removal of compacted soil from inside a fertilizer mixer died when he became engulfed in raw material after the mixer was turned on.
FY 2012,3/31/2012,3/30/2012,"Huntersville Hardwoods Inc., Huntersville, NC 28070",Worker was struck and killed by a fork truck while walking to a break area.
FY 2012,4/7/2012,3/20/2012,"Brantec Packaging Machinery Corp., Fort Mill, SC 29715",Worker was struck and killed by a forklift while walking through a bay door.
FY 2012,4/7/2012,3/25/2012,"Metropolitan Water Reclamation District, Cicero, IL 60804","Worker making sewer maintenance repairs stepped into a hole, injuring his ankle and back. The worker later died from complications during surgery."
FY 2012,4/7/2012,3/28/2012,"Marine Terminals Corporation - East dba Ports Amer, Savannah, GA 31401",Worker was struck and killed by a forklift at a marine terminal.
FY 2012,4/7/2012,4/1/2012,"Mersen USA St. Mary's PA-Corp., St. Mary's, PA 15857","Worker operating a powered industrial truck died when the raised fork from another truck struck his leg, cutting a main artery."
FY 2012,4/7/2012,4/2/2012,"Metroclean Commercial Building Services, Houston, TX 77067",Worker performing floor wax stripping duties was found deceased.
FY 2012,4/7/2012,4/2/2012,"Rumstick Construction Inc., Rollingstone, MN 55969",Worker performing residential construction died after falling 14 feet from a ladder.
FY 2012,4/7/2012,4/3/2012,"ET&T Corp., Rosedale, MD 21237",Worker making repairs underneath a trailer was killed when the trailer fell on him.
FY 2012,4/7/2012,4/3/2012,"J & E Industries LLC, New York, NY 10001",Worker was killed at a construction site when a crane fell on him.
FY 2012,4/7/2012,4/3/2012,"Mericle Mechanical Inc., Mettler, CA 93313",Worker repairing a HVAC unit on a warehouse roof died after falling 39 feet through a skylight.
FY 2012,4/7/2012,4/3/2012,"Outdoor Advertising Services, Snow Hill, NC 28580",Worker setting up a metal ladder alongside a billboard was electrocuted when the ladder touched a power line.
FY 2012,4/7/2012,4/3/2012,"W G Operating, Electra, TX 76360",Worker servicing an electrical pump was struck and killed by lightning.
FY 2012,4/7/2012,4/4/2012,"Demco Manufacturing Co., Boyden, IA 51234",Worker using a forklift to load grain carts onto a semi-trailer was killed after becoming stuck between the forklift's frame and cage.
FY 2012,4/7/2012,4/4/2012,"Village of Stickney-Public Works, Stickney, IL 60402",Worker riding on the sidestep of a garbage truck died after becoming pinned between the truck and a protruding pipe.
FY 2012,4/7/2012,4/5/2012,"Carolina Farms and Harvesting Inc., Johnston, SC 29832","Two workers installing an irrigation line from a pond to orchard fields were electrocuted when the metal piping contacted an overhead power line. One worker died, the second was hospitalized."
FY 2012,4/7/2012,4/5/2012,"Patterson UTI, Tionesta, PA 16353",Worker connecting pipes at a gas well site was crushed between a beam and pipe.
FY 2012,4/7/2012,4/6/2012,"Rotech Granite Inc., Las Vegas, NV 89109",Worker raised a diamond saw table unit above his head to disassemble it from underneath and was crushed when the table top fell on him.
FY 2012,4/14/2012,3/21/2012,"MidSouth Utility Group Inc., Washington, GA 30637",Worker was crushed in a rollover accident involving a tractor.
FY 2012,4/14/2012,4/2/2012,"A&R Construction, Dickinson, ND 58601","Worker unloading pipes from a flatbed truck was killed when the pipes came loose and hit worker, causing him to fall to the ground."
FY 2012,4/14/2012,4/2/2012,"Eldesisca Services Inc., Doral, FL 33172",Worker painting a warehouse building roof died after falling 35 feet through a skylight.
FY 2012,4/14/2012,4/2/2012,"Progressive Products and Service, Gulfport, MS 39505",Worker making repairs to a boat died after falling 12 feet from the boat's deck.
FY 2012,4/14/2012,4/3/2012,"Spectrum Painting, San Antonio, TX 78216","Worker was found laying semi-conscious, three feet from a ladder. He later died at the hospital."
FY 2012,4/14/2012,4/6/2012,"A-1 Property Services Group Inc., Doral, FL 33122",Worker painting a roof died after falling 25 feet through a skylight.
FY 2012,4/14/2012,4/6/2012,"Looks Great Services of MS Inc., Sumrall, MS 39482-3658",Worker was performing tree trimming and was struck by a falling tree.
FY 2012,4/14/2012,4/9/2012,"Omega Protein, Moss Point, MS 39562",Worker at a seafood plant was killed when he was caught in a conveyor used to move liquids and grain materials.
FY 2012,4/14/2012,4/9/2012,"S & J Construction Co. Inc., Chicago, IL 60633",Worker was performing steel erection activities and was crushed by a steel beam.
FY 2012,4/14/2012,4/10/2012,"274 East Memorial LLC, Hagerstown, MD 21740",Worker on the back of a small vehicle used for hauling trash died from injuries after he was thrown from the vehicle when it made a turn.
FY 2012,4/14/2012,4/10/2012,"Harlan Global Manufacturing, Kansas City, KS 68115",Worker installing an axle underneath a tractor was killed when the axle fell on his head.
FY 2012,4/14/2012,4/10/2012,"Potomac Abatement Inc., Silver Spring, MD 20910",Worker for an environmental hazards solutions company died after falling 10 stories from a self-lifting scaffold.
FY 2012,4/14/2012,4/11/2012,"NC Dept. of Public Safety, Spruce Pine, NC 28777",Worker sustained a fatal head injury after falling down stairs.
FY 2012,4/14/2012,4/11/2012,"One Source Industrial, Big Spring, TX 79720",Worker was struck and killed by a train while driving a vacuum truck across railroad tracks.
FY 2012,4/14/2012,4/11/2012,"Purdy Concrete Inc., Lafayette, IN 47909","Worker inside a swimming pool pit preparing to fill it with concrete was killed when the cement truck tipped over, and fell on him."
FY 2012,4/14/2012,4/11/2012,"State of Oregon State Hospital, Salem, OR 97301",Worker attempting to restrain a patient collapsed and died from apparent natural causes.
FY 2012,4/14/2012,4/12/2012,"TN Aluminum Processors Inc., Mt. Pleasant, TN 38474",Worker loading aluminum into a shredder was killed after being pulled into the machine.
FY 2012,4/14/2012,4/13/2012,"Shamrock Foods, Albuquerque, NM 87120",Worker at a food processing facility was killed when an elevated docking board used to fill the gap between a trailer and loading dock fell and struck his head.
FY 2012,4/21/2012,11/17/2011,"Dragados USA/Judlau, New York, NY 10017",Worker using a concrete sprayer during tunnel repairs was struck and killed by falling concrete.
FY 2012,4/21/2012,2/10/2012,"Star Wars Technology Systems Inc., New York, NY 10007",Worker installing heat control cabling died after falling off a ladder and hitting his head on the concrete floor.
FY 2012,4/21/2012,3/14/2012,"Premier Precision Group-Sternel, Plymouth, MN 55441",Worker performing painting services died from cardiac arrest.
FY 2012,4/21/2012,3/30/2012,"ABM Security Services, Cactus, TX 79013","Worker monitoring a gate while unloading cattle was killed when a male cattle charged the gate, causing the gate to hit the worker."
FY 2012,4/21/2012,4/2/2012,"Santa Barbara Historical Museum, Santa Barbara, CA 93101",Worker suffered fatal head injuries after falling down 20 steps.
FY 2012,4/21/2012,4/5/2012,"Verallia Glass Containers LLC, Simsboro, LA 71275",Worker at a glass container warehouse was struck and killed by a forklift while stacking products.
FY 2012,4/21/2012,4/9/2012,"Doyon Drilling Inc., Prudhoe Bay, AL 99734",Worker performing rig operations offshore died after he was caught between a pipe elevator support and a generator room wall.
FY 2012,4/21/2012,4/9/2012,"Ferreteria Maderas 3C, San Juan, PR 00920",Worker in a warehouse shipping and receiving area was struck and killed by a vehicle.
FY 2012,4/21/2012,4/9/2012,"Village of Romeoville- Public Works, Romeoville, IL 60446",Worker was struck and killed by a public works vehicle.
FY 2012,4/21/2012,4/9/2012,"Yorba River Inc. dba Pro-Towing, Chino, CA 91710",Worker performing maintenance on a tow truck was killed when he was hit and dragged by the moving truck.
FY 2012,4/21/2012,4/11/2012,"Roggen Farmers Elevator Association, Roggen, CO 80652",Worker loading a large empty sila plastic bag into a mechanical device died when his body became caught in the bagging mechanism.
FY 2012,4/21/2012,4/13/2012,"Savanna Auto Care, Newark, DE 19702","Worker on top of a lift gate while repairing a truck's hydraulic pump was killed when the pump turned on and the gate lifted, pinning the worker between the gate and the truck."
FY 2012,4/21/2012,4/13/2012,"Svensk Management Inc., DBA Advanced Pools, Lauderdale Lakes, FL 33067",Worker died after falling while walking down a set of stairs.
FY 2012,4/21/2012,4/14/2012,"Knox Swan & Dog LLC, North Barrington, IL 60010","Worker patrolling a residential community pond while inside a kayak was attacked by swans, causing him to fall in the water and drown."
FY 2012,4/21/2012,4/16/2012,"Precision Erection Company, Fort Rucker, AL 36362",Worker performing new construction was struck and killed by a collapsing steel structure.
FY 2012,4/21/2012,4/16/2012,"Walsh Construction, Indianapolis, IN 46241","Worker building a barrier wall was crushed when an excavator backed up, pinning the victim between the machine and a wall."
FY 2012,4/21/2012,4/18/2012,"Hansen Design Specialty Flooring Inc., Draper, UT 84020",Worker was struck and killed by a vehicle while performing maintenance in a storm drain.
FY 2012,4/21/2012,4/18/2012,"Lewis Nursery and Farms Inc., Rocky Point, NC 28457",Worker was killed after his leg became caught in coiled rope that was being pulled onto a post by a spooling machine.
FY 2012,4/21/2012,4/19/2012,"Erosion Control Applications Inc., Hinkley, CA 92347",Worker using a bobcat and boom lift to remove an aluminum tube that was stuck inside a liner roll died from head injuries when he became pinned between bobcat and its frame.
FY 2012,4/21/2012,4/19/2012,"OFC Transport, Wilmington, CA 90744",Worker refueling his truck was killed when the truck moved forward and rolled over him.
FY 2012,4/21/2012,4/20/2012,"Key Energy Services Inc., Fellows, CA 93224",Worker was struck and killed while trying to stop his truck from rolling downhill.
FY 2012,4/21/2012,4/20/2012,"Lunda Construction Company, De Pere, WI 54115",Worker connecting a boom to a crane was killed after the crane's arm fell on him.
FY 2012,4/21/2012,4/20/2012,"Robert Ochoa dba Robert Ochoa, Mooresville, NC 28117",Worker repairing a residential roof died after falling 13 feet onto a concrete driveway.
FY 2012,4/28/2012,3/22/2012,"Leeman Architectural Woodwork, Powder Spring, GA 30127",Forklift operator was crushed between the lift's mast and truck while attempting to release a dump bucket attached to the forks.
FY 2012,4/28/2012,3/24/2012,"A and A Farms Inc., Bunnlevel, NC 28323",Farm worker was killed after a box of seed potatoes fell on him.
FY 2012,4/28/2012,4/10/2012,"Parker Logging, Brandon, MS 39042",Worker cutting down trees was struck and killed by a falling tree.
FY 2012,4/28/2012,4/14/2012,"D Barro Landscaping Service Inc., Leonia, NJ 07605",Worker repairing an uprooted sidewalk at a construction site was crushed after a concrete slab hanging from a bobcat fell on him.
FY 2012,4/28/2012,4/17/2012,"A.F.R. of Georgia Inc., Winder, GA 30680",Worker at a fiberglass manufacturing facility died after suffering a seizure.
FY 2012,4/28/2012,4/17/2012,"General Asphalt Co. Inc., Deerfield Beach, FL 33441",Worker repaving part of a highway was killed after being run over by a dump truck.
FY 2012,4/28/2012,4/24/2012,"Evraz Rocky Mountain Steel, Pueblo, CO 81004",Worker was run over and killed by a powered industrial truck.
FY 2012,4/28/2012,4/24/2012,"Oxton Transport Inc., Red Oak, IA 51566",Driver on top of transport trailer while monitoring levels of liquid fertilizer died after falling to the concrete after suffering a stroke.
FY 2012,4/28/2012,4/24/2012,"Quality Power & Control, Allen, NE 68710",Worker performing electrical services was electrocuted.
FY 2012,4/28/2012,4/24/2012,"Wigand Disposal Company, Princeville, IL 61559",Worker collecting garbage died after he was run over by the trash truck.
FY 2012,4/28/2012,4/26/2012,"PJE Lawn Care, Greenfield, IN 46163","Landscape worker using a tractor with attached chain to remove a tree stump drowned when the chain failed, causing the tractor to roll into a pond, trapping him underwater."
FY 2012,4/28/2012,4/27/2012,"City of Manchester- Public Works Dept., Manchester, KY 40962",Worker was killed when part of a trench wall fell on him.
FY 2012,4/28/2012,4/27/2012,"Dakota Steel, Rapid City, SD 57702","Steel worker using a machine to bend an elevated steel beam was killed when the 1,600-pound beam fell on him."
FY 2012,4/28/2012,4/28/2012,"Northern California Institute for Research and Education, San Francisco, CA 94121",Lab worker died from complications related to exposure to infectious bacteria.
FY 2012,5/5/2012,3/28/2012,"Commercial Trade Source, Lafayette, IN 47906",Worker died after falling five feet from a ladder while installing metal cable above a drop ceiling.
FY 2012,5/5/2012,3/28/2012,"Delta Construction, Plano, TX 75075",A worker at a construction site was killed after a catering truck hit him.
FY 2012,5/5/2012,3/28/2012,"Indus Construction LP, San Antonio, TX 78210",Bridge worker installing rebar was killed after falling 18 feet.
FY 2012,5/5/2012,4/13/2012,"Peekskill City Dept. of Public Works, Peekskill, NY 10566",Worker for a public works department suffered head trauma after falling from a truck.
FY 2012,5/5/2012,4/16/2012,"Marcella Juarez Concrete, Mandeville, LA 70448",Construction worker was struck and killed by lightning while pouring a concrete slab.
FY 2012,5/5/2012,4/18/2012,"MEI Rigging and Crating, Dallas, TX 75235",Worker was run over and killed by a forklift used to deliver materials at a construction site.
FY 2012,5/5/2012,4/18/2012,"WM Contractor, Galveston, TX 77554",Worker power washing a metal roof died after stepping on a fiberglass skylight and falling 35 feet.
FY 2012,5/5/2012,4/19/2012,"Juan Alejandro Alvarez, Angleton, TX 77515",Worker repairing a roof died when he fell 22 feet through a fiberglass skylight onto concrete.
FY 2012,5/5/2012,4/21/2012,"BAC #2 Investments LLC, New Orleans, LA 70122",Worker pressure washing near a wall was killed when the wall collapsed.
FY 2012,5/5/2012,4/21/2012,"Dan D. Drilling Inc., Capron, OK 73717",Worker for a drilling company died when he fell from a derrick platform to the rig floor.
FY 2012,5/5/2012,4/23/2012,"Horizon Energy Services LLC, Oklahoma City, OK 73135","Drilling worker was killed when a hydraulic line used to lift machinery broke, pinning him underneath the equipment."
FY 2012,5/5/2012,4/28/2012,"DSNK Corporation, Washington, DC 20002","Worker lifting guardrails up to a third floor balcony died when the guardrail he leaned against collapsed, causing him to fall 21 feet to the concrete."
FY 2012,5/5/2012,4/28/2012,"ISM Insulation, Magnolia, TX 77355","Worker using scaffold to spray foam insulation on a wall died after his ladder slipped, causing him to fall."
FY 2012,5/5/2012,4/30/2012,"ConocoPhillips, Borger, TX 79008",Worker installing hydraulics at a silo chute died from a 20-foot fall when the chute moved to a vertical position.
FY 2012,5/5/2012,4/30/2012,"Glavas LLC, Willoughby, OH",Worker performing electrical work died from head injuries when he fell 20 feet from a ladder.
FY 2012,5/5/2012,4/30/2012,"North American Shipbuilding, Larose, LA 70373",Worker for a shipuilding company died from a possible heart attack after being found unconscious at the bottom of a stairway.
FY 2012,5/5/2012,5/1/2012,"A-1 Siding Inc., Marion, IA 52302",Worker died after falling 13 feet from a ladder while working on a second story window at a private residence.
FY 2012,5/5/2012,5/1/2012,"USF Reddaway dba Reddaway, Fontana, CA 92237",Worker at a truck terminal died after being hit by a tractor used to move containers.
FY 2012,5/5/2012,5/2/2012,"E&B Paving, Indianapolis, IN 46204",Worker operating machines that produce asphalt was killed after being wedged between moving conveyor belts.
FY 2012,5/5/2012,5/3/2012,"Allison Marine Contractors, Amelia, LA 70340",Marine contract worker unhooking a pressure vessel from a crane line was killed when the vessel tipped over and fell on him.
FY 2012,5/5/2012,5/3/2012,"Frank's Casing Crew & Rental Tools, Lafayette, LA 70508",Worker at a tool company helping to move iron pipes was crushed when one of the pipes rolled over him.
FY 2012,5/5/2012,5/3/2012,"Ken's Firewood, Colusa, CA 95932",Worker performing demolition work was killed after a wall collapsed.
FY 2012,5/5/2012,5/4/2012,"Walsh Construction, Madison, IN 47250",Worker was operating an aerial lift and became wedged between the lift basket and beam.
FY 2012,5/5/2012,5/8/2012,"Knott Construction Inc., Forest City, NC 28043",Worker at a construction site was killed after he was hit on the head by a steel pipe that broke from a piece of scrap metal.
FY 2012,5/12/2012,12/11/2011,"DBA Giannini Landscaping, Massapequa, NY 11758",Worker performing landscaping services was electrocuted after touching electrical lines.
FY 2012,5/12/2012,3/5/2012,"Conn-Weld Industries Inc., Princeton, WV 24740",Worker died from burns suffered after a blasting machine caught fire.
FY 2012,5/12/2012,4/14/2012,"G&G Egg Inc., Spencer, IA 51301",Worker operating a lawn mower was found dead underneath the mower in a ditch.
FY 2012,5/12/2012,5/6/2012,"The Teaching Company Sales LLC, Chantilly, VA 20151","Worker was operating a stand-up lift truck when the top of the mast struck an iron beam over the doorway. The force of the impact caused the worker to be thrown from the truck, and the beam to become dislodged and strike the worker on the head."
FY 2012,5/12/2012,5/7/2012,"Malon D Mimms, Roswell, GA 30075",Worker on a roof taking measurements of the HVAC units died after falling 21 feet.
FY 2012,5/12/2012,5/7/2012,"Penzel Construction Co., Inc., Jackson, MO 63755",Worker assembling a crawler crane at a construction site was killed when his head was crushed between the crane's uncarriage and support pads.
FY 2012,5/12/2012,5/7/2012,"Schoeder & Tremayne, St. Louis, MO 63123","Warehouse worker operating a forklift died when the metal plate that bridges the gap between the loading dock and truck gave way, causing him to fall 6 feet off the dock."
FY 2012,5/12/2012,5/7/2012,"TAG Manufacturing Inc., Chattanooga, TN 37421",Worker stepped into an auger pit and became caught in the auger.
FY 2012,5/12/2012,5/8/2012,"High Ball Erector LLC, Boulder, CO 80303",Worker conducting steel erection activities was fatally wounded.
FY 2012,5/12/2012,5/8/2012,"Intercostal Roofing Solutions LLC, Orchid, FL 32967",Worker laying down sealant on a roof died after falling 40 feet to the cement ground.
FY 2012,5/12/2012,5/9/2012,"Allen & Gibbons Logging Inc., Canyonville, OR 97417","Worker had just set chokers in a unit of tree length on steep terrain. When the lines came tight, the log swung forward and struck the victim in the chest and head."
FY 2012,5/12/2012,5/9/2012,"Contractors Roofing & Supply Co., Lake Sherwood, MO 63357",Worker was electrocuted when the boom of the roofing supply truck contacted power lines hidden within tree branches.
FY 2012,5/12/2012,5/9/2012,"DLS Tree Services, Edgeworth, PA 15143",Worker was electrocuted when the pole saw he used to trim trees touched an overhead power line.
FY 2012,5/12/2012,5/9/2012,"Milestone Contractors, Indianapolis, IN 46204",Worker was walking in a private homeowner's yard and was struck by a motor vehicle.
FY 2012,5/12/2012,5/9/2012,"Unknown, Sacramento, CA 95828",Worker collapsed on roof.
FY 2012,5/12/2012,5/10/2012,"Pike Electric Corporation, Elm City, NC 27822",Worker had one hand on a truck that became energized and the electricity flowed through the worker's body.
FY 2012,5/12/2012,5/10/2012,"Roya and Isaac Musighi, Beverly Hills, CA 90210",Worker inside an unshored trench at a residential construction site was asphyxiated when the trench collapsed.
FY 2012,5/12/2012,5/10/2012,"Savanna Energy Services, Keatchie, LA 71046","Worker on a drilling rig was killed when his equipment was entangled in a mechanical unit, pulling him off the rig."
FY 2012,5/12/2012,5/11/2012,"Hoosier A1 Sanitary Sewer Services, New Castle, IN 47362",Worker was reeling in a high pressure water hose when the nozzle whipped around and the high pressure water cut the worker's carotid artery.
FY 2012,5/12/2012,5/12/2012,"CA Department of Justice, Sacramento, CA 95814","Worker passed away from cancer, one day after retiring. Worker was exposed to gas fumes and cleaning solvents while on duty. Not work-related."
FY 2012,5/12/2012,5/12/2012,"Wal-Mart Stores Inc., Fairfield, IA 52556","Worker was leaving store while on break, tripped on an outside curb and sustained head injuries."
FY 2012,5/19/2012,5/9/2012,"Arca Trucking Services LLC, Midland, TX 79706",Worker inside the cab of a truck fuel tank being welded to patch a leak was killed when the tank ignited and exploded.
FY 2012,5/19/2012,5/12/2012,"Cuyahoga Concrete Company, Cleveland, OH 44115",Worker using a pneumatic chisel to clean out the inside of a concrete truck was found dead.
FY 2012,5/19/2012,5/13/2012,"Downtown Design Services Inc., Hawley, TX 79525",Worker surveying a pipeline was electrocuted when the antenna he was using touched an overhead power line.
FY 2012,5/19/2012,5/14/2012,"Logistec USA Corp., Palmetto, FL 34221",Worker performing marine cargo handling activities was killed when a crane fell on him.
FY 2012,5/19/2012,5/14/2012,"Preston Memorial Hospital, Kingwood, WV 26537",Worker was killed after being struck by an elevator inside a hospital elevator shaft.
FY 2012,5/19/2012,5/15/2012,"Hightower Electric Company Ltd., Houston, TX 77066",Worker installing light fixtures in a remodeled building died when he fell off ladder after contacting live wiring.
FY 2012,5/19/2012,5/15/2012,"Viking Construction, Chico, CA 95926",Worker was widening freeway and fell approximately six feet.
FY 2012,5/19/2012,5/16/2012,"Circle C, Odessa, TX 79763",Worker extracting water from a well was found dead inside well.
FY 2012,5/19/2012,5/16/2012,"Dayton Freight Lines Inc., Kent, OH 44240",Worker for a freight line company scanning a bar code with a hand held bar code scanner was crushed by the mast of a lift truck.
FY 2012,5/19/2012,5/16/2012,"Gulf Coast Machine & Supply Company, Beaumont, TX 77705",Worker performing maintenance on an electrical panel was electrocuted.
FY 2012,5/19/2012,5/16/2012,"Missouri American Water, Joplin, MO 64804","Worker cutting pipe with a pipe saw died when the saw kicked back, striking the worker in the throat."
FY 2012,5/19/2012,5/16/2012,"Total Marine Services, Harvey, LA 70058",Worker drowned while recovering a boat.
FY 2012,5/19/2012,5/17/2012,"ACME Tools and Rentals, Bemidji, MN 56601",Worker inside an elevated lift bucket was electrocuted when the lift touched an energized wire.
FY 2012,5/19/2012,5/17/2012,"Airport Road, New Orleans, LA 70113",Worker cutting grating on a ladder died from a 9-foot fall when a piece of the grating fell on him.
FY 2012,5/19/2012,5/17/2012,"Bras-Al Construction Corp., New York, NY 10013",Worker on a construction site died after falling two stories from a scaffold and landing on a sidewalk shed.
FY 2012,5/19/2012,5/17/2012,"Breaux's Mini-Mart, Lafayette, LA 70501","Worker cutting meat at a market died from severe bleeding when he blacked out, falling onto a saw."
FY 2012,5/19/2012,5/17/2012,"SSA Marine Inc., Seattle, WA 98134",Worker was caught-in-between forklift and forklift's overhead protection after climbing over steering wheel and inadvertently activating controls.
FY 2012,5/19/2012,5/18/2012,"ABM Facility Services Inc., Ontario, CA 91767",Building maintenance worker changing a device used to stabilize the current in an electrical circuit was electrocuted.
FY 2012,5/19/2012,5/18/2012,"Manatts Inc., Ames, IA 50010",Worker at an asphalt manufacturing facility was killed when his head was caught in a tank door.
FY 2012,5/19/2012,5/19/2012,"Wente Family Estates/Wente Vineyards Restaurant, Livemore, CA 94550",Worker catering an all-day outdoor event died from possible heat-related illness.
FY 2012,5/19/2012,5/21/2012,"Shuster's Logging Inc., Navarro, CA 95490",Worker for a logging company was killed when a tree fell on him.
FY 2012,5/26/2012,4/16/2012,"Keuka Lake Vineyards Ltd., Hammondsport, NY 14840",Worker at a vineyard was crushed by tractor that rolled over during a spraying operation.
FY 2012,5/26/2012,4/25/2012,"Adirondack Utility Construction Inc., Middletown Springs, VT 05757","Utility worker installing telecommunications lines from inside a steel bucket was electrocuted when the bucket truck contacted a 7,200-volt power line."
FY 2012,5/26/2012,5/5/2012,"Americold Logistics LLC, Tacoma, WA 98424",Warehouse worker stranded on a platform 35 feet high after his forklift malfunctioned died when he fell from another forklift used to rescue him.
FY 2012,5/26/2012,5/17/2012,"Priemo Homes, Siren, WI 54872",Worker performing roofing activities died after collapsing on the roof.
FY 2012,5/26/2012,5/18/2012,"ASAP Seamless Gutters, Secaucus, NJ 07094",Worker died after being ejected from a 40-foot high aerial lift basket.
FY 2012,5/26/2012,5/18/2012,"Brandywine Railroad Subsidiary of Arcelor Mittal, Conshohocken, PA 19428","Railroad worker, who opened up the door to a railcar containing rolls of paper, was crushed when the paper rolls fell on him."
FY 2012,5/26/2012,5/19/2012,"Sandmeyer Steel Company, Philadelphia, PA 19116",Worker painting a fence was struck and killed by a moving vehicle.
FY 2012,5/26/2012,5/20/2012,"Columbia County Mental Health, St. Helens, OR 97051",Worker delivering medications at a mental health facility was attacked and fatally stabbed by a patient.
FY 2012,5/26/2012,5/22/2012,"American Contracting Enterprises Inc., Pittsburgh, PA 15206",Worker performing asbestos removal was electrocuted.
FY 2012,5/26/2012,5/22/2012,"Arens Controls Company LLC, Arlington Heights, IL 60004",Worker testing energy components for use in hybrid vehicles was killed when an explosion occurred.
FY 2012,5/26/2012,5/22/2012,"Boss 4 Packing LLC, Heber, CA 92249",Worker died from possible heat stress after becoming unconscious while harvesting cantaloupes outdoors.
FY 2012,5/26/2012,5/22/2012,"Briteway Stripping Services Inc., Fairview Heights, IL 62208",Road construction worker was struck and killed by a motorist.
FY 2012,6/2/2012,2/21/2012,"Department of Human Services, Grand Rapids, MI 49507",A caseworker was shot and killed by a client who was upset about his benefits being denied.
FY 2012,6/2/2012,5/15/2012,"Coastal Chemical, Lake Park, FL 33403",Worker filling a chlorine tank died from exposure to the chemical.
FY 2012,6/2/2012,5/16/2012,"C & M Tree Experts, Dothan, AL 36301",Worker performing tree trimming operations died after falling 60 feet.
FY 2012,6/2/2012,5/20/2012,"15 Black LLC, Hartley, TX 79044",Worker making repairs to an irrigation system was electrocuted.
FY 2012,6/2/2012,5/20/2012,"Corrections Corporation of America, Natchez, MI 39120",Worker at a correctional facility was killed during a prison riot.
FY 2012,6/2/2012,5/21/2012,"Rainbow Land Nursery School Inc., Woodside, NY 11377",Worker fell from a ladder.
FY 2012,6/2/2012,5/24/2012,"Zimmerman Manufacturing LLC, New Holland, PA 17557",Worker in a manufacturing facility was killed when he fell 12 feet from a skid loader machine.
FY 2012,6/2/2012,5/25/2012,"Delsignore Blacktop Paving Inc., East Greenbush, NY 12061",Worker lowering a tall light mast used to illuminate large areas was electrocuted when the light fixture touched a power line.
FY 2012,6/2/2012,5/25/2012,"E.T.C. Inc., Stantonville, TN 38379",Worker was struck by a truck backing into the dock area.
FY 2012,6/2/2012,5/25/2012,"Espinoza Construction, Cincinnati, OH 45237",Worker performing roof repairs at a residential site died after falling off the roof.
FY 2012,6/2/2012,5/25/2012,"Hummel Machine & Tool Co., Kearny, NJ 07032",Worker operating a lathe machine at a tool and machine company died after a piece of flying glass cut his neck.
FY 2012,6/2/2012,5/25/2012,"Ocala Electric Utility, Ocala, FL 34482",Worker was electrocuted while repairing a damaged transmission line.
FY 2012,6/2/2012,5/25/2012,"Scott's Electric Inc., West Fargo, ND 58078",Worker installing electrical conduits in a building under construction was struck on the head and killed by a 28-foot steel beam.
FY 2012,6/2/2012,5/25/2012,"Tri-State Timber LLC, New Cambria, MO 63558",Worker cutting down trees died when a tree fell on him.
FY 2012,6/2/2012,5/28/2012,"Verso Paper, Sartell, MN 56307","Worker at a paper mill was killed when an air compressor inside the building exploded, causing a fire."
FY 2012,6/2/2012,5/29/2012,"Jim's Disposal Service LLC, Kansas City, MO 64118",Worker riding on the back of a trash truck was killed when he fell off and was run over by the truck.
FY 2012,6/2/2012,5/29/2012,"Pearl River Home Improvement Inc., Nanuet, NY 10954",Worker making repairs to a residential roof died after falling off roof.
FY 2012,6/2/2012,5/30/2012,"HG Construction, Bryant, IN 47326",Worker on a construction site was crushed when a bobcat construction machine rolled over his torso.
FY 2012,6/2/2012,5/30/2012,"Lex Electric Company Inc., Philadelphia, PA 19063",Worker was performing electrical work and fell from a ladder.
FY 2012,6/2/2012,5/30/2012,"Lowe's Construction, Crawfordsville, IN 47933",Worker on a grain bin roof removing a metal sheet was killed after being struck by a crane and falling 35 feet.
FY 2012,6/2/2012,5/30/2012,"Manistique Papers Inc., Manistique, MI 49854","Worker using powered industrial truck to remove paper rolls was killed when the truck tipped over, crushing the worker."
FY 2012,6/2/2012,5/30/2012,"Precision Drilling, Orange, TX 77631","Worker performing drilling operations 3,500 feet below the surface was found dead on rig stairs leading to a mud tank."
FY 2012,6/2/2012,5/31/2012,"Nelson Tree Service Inc., Youngtown, OH 44501",Worker clearing trees from power lines died after falling 45 feet.
FY 2012,6/2/2012,5/31/2012,"Reeco Well Services, Mentone, TX 79754",Worker for an oil and gas producer was killed after being struck on the back by a block while working on a rig floor.
FY 2012,6/2/2012,5/31/2012,"Steel Structures Inc., Wausau, WI 54401","Worker standing inside a forklift bucket to change a ceiling light was killed when the forklift rolled, causing him to fall to the floor."
FY 2012,6/2/2012,6/1/2012,"Mississippi Phosphates Corp., Pascagoula, MS 39581",Worker died from burns after a pipe from the steam system he was checking exploded.
FY 2012,6/2/2012,6/1/2012,"URS Washington Division, Olmsted, IL 62970",Worker at a lock and dam construction site was crushed after falling between two barges he was tying together.
FY 2012,6/9/2012,4/2/2012,"MDL Property Management Inc., Boynton Beach, FL 33437",Worker operating a riding lawn mower died from burns after the mower exploded.
FY 2012,6/9/2012,5/24/2012,"Applied Aquatic Management Inc., Clewiston, FL 33440",Worker for a wetland management company died after his airboat collided with another.
FY 2012,6/9/2012,6/1/2012,"Beasley Timber Co. Inc., Birmington, AL 35207",Worker unloading bundles of wood was killed when one of the bundles fell on him.
FY 2012,6/9/2012,6/1/2012,"Eastern Colorado Tire, Burlington, CO 80807",Worker inflating an irrigation tire was killed when the tire exploded.
FY 2012,6/9/2012,6/1/2012,"Temp Handbody Farm Labor Services, Huron, CA 93234",Farm worker pruning fruit trees died from possible heat stress.
FY 2012,6/9/2012,6/1/2012,"Waukesha Electric Systems Inc., Goldsboro, NC 27530",Worker died from electrical burns received while testing a transformer.
FY 2012,6/9/2012,6/2/2012,"L-Con Inc., Houston, TX 77015",Worker welding a pipeline that once contained crude oil died when an explosion occurred.
FY 2012,6/9/2012,6/4/2012,"Arcelor Mittal Columbus LLC, Columbus, OH 43207",Worker for a steel products manufacturer died after complaining of pain.
FY 2012,6/9/2012,6/4/2012,"Oil States Industries, Houma, LA 70363",Worker inside a fabrication shop was killed when a wall collapsed on him
FY 2012,6/9/2012,6/4/2012,"Ward Manufacturing Inc., Blossburg, PA 16912","Worker sustained a head injury while working on a SPH 40 core machine, which is used as part of a foundry process to prepare raw materials for forming the end-product."
FY 2012,6/9/2012,6/4/2012,"Williams Brothers Construction Company Inc., San Antonio, TX 78232",Worker installing metal decking on a highway under construction died after falling 50 feet.
FY 2012,6/9/2012,6/5/2012,"Abhe & Svoboda, San Pedro, CA 90731",Worker sand blasting diesel fuel tanks died from a possible heart attack.
FY 2012,6/9/2012,6/5/2012,"H & H Iron and Metal Inc., Corpus Christi, TX 78405",Worker at a scrap metal facility was crushed between a vehicle and an industrial machine.
FY 2012,6/9/2012,6/5/2012,"Kurt Clark dba Clark's Concrete, Newcastle, CA 95658",Worker was killed when a wall under demolition collapsed on him.
FY 2012,6/9/2012,6/5/2012,"Renewed Earth, Otsego, MI 49078",Worker operating a screening machine was killed when he was pulled into the machine.
FY 2012,6/9/2012,6/5/2012,"Simon Contractors, Caputa, SD 57725","Worker operating an asphalt roller died after the machine tipped over, crushing him underneath."
FY 2012,6/9/2012,6/6/2012,"Jay Springer Contracting, Ligonier, PA 15658",Worker died after falling off of roof he was repairing.
FY 2012,6/9/2012,6/6/2012,"Live Nation, Universal City, CA 91608",Worker fell 60 feet from scaffolding while working inside an amphitheater.
FY 2012,6/9/2012,6/6/2012,"McAlester Army Ammunition Plant, Fort Leonard Wood, MO 65473",Railroad maintenance worker died after being struck by a rolling rail car.
FY 2012,6/9/2012,6/6/2012,"Nu Pak Solutions Inc., Norton Shores, MI 49441",Worker at a styrofoam packaging plant was crushed by a press machine.
FY 2012,6/9/2012,6/6/2012,"Tele-Solutions Inc., Salem, OH 44460",Worker suffered a fatal fall while installing telecommunications equipment.
FY 2012,6/23/2012,5/17/2012,"New York City Parks & Recreation, Far Rockaway, NY 11691",Worker for a city parks and recreation department died from overexposure to sealant and dye fumes.
FY 2012,6/23/2012,6/5/2012,"Bamford Timber, Oroville, CA 95966",Worker using an excavator to perform logging operations was killed when the chain on the equipment broke and struck worker in the head.
FY 2012,6/23/2012,6/5/2012,"Veit & Company Inc., Rogers, MN 55374",Worker operating a drill rig died from head trauma when he fell from the machine's broken seat.
FY 2012,6/23/2012,6/13/2012,"NOSWerks, Los Angeles, CA 90007",Worker was killed when bottles of nitrous oxide exploded.
FY 2012,6/23/2012,6/13/2012,"Parmass Holdings Inc. dba Envision Plastics, Reidsville, NC 27323",Worker performing equipment maintenance was electrucuted.
FY 2012,6/23/2012,6/14/2012,"Camino Agave Inc., Yorktown, TX 78164",Worker hydrotesting two pipelines was struck and killed by the pressure testing equipment.
FY 2012,6/23/2012,6/15/2012,"Millicoma Logging LLC, Ten Mile, OR 97420",Worker was fatally injured when a log being lifted by equipment broke and fell on his chest.
FY 2012,6/23/2012,6/15/2012,"Seattle Mechanical, Auburn, WA 98001",Worker servicing a HVAC unit on a building roof died after falling through an unguarded skylight.
FY 2012,6/23/2012,6/15/2012,"The Davey Tree Surgery Company, Fort Bend, TX 77494",Worker performing tree services died after falling from a boom truck bucket.
FY 2012,6/23/2012,6/17/2012,"Brown County Guided Trail Guide, Nashville, IN 47448",Worker leading a guided horseback trail ride was struck and killed by a falling tree.
FY 2012,6/23/2012,6/18/2012,"Kaiser Electric, Inc., St. Louis, MO 63110",Worker climbing a ladder to access a roof died after falling more than 20 feet.
FY 2012,6/23/2012,6/18/2012,"Mill Steel Company, Grand Rapids, MI 49508","Worker moving steel coils was crushed when one of the 8,000-pound coils fell on him."
FY 2012,6/23/2012,6/18/2012,"Universal Roofing & Sheetmetal, Inc., Norman, OK 73014",Worker died from a 50-foot fall while repairing a roof.
FY 2012,6/23/2012,6/18/2012,"Waste Management, San Leandro, CA 94577",Worker in a waste management plant was struck and killed by a bulldozer.
FY 2012,6/23/2012,6/18/2012,"Zandstra Construction, Faith, SD 57626",Worker operating an asphalt roller was pinned underneath the machine when it rolled over into a ditch.
FY 2012,6/23/2012,6/19/2012,"A & S Trucking, Washington, DC 20018",Worker picking up mail from an office trailer was struck and killed by a dump truck.
FY 2012,6/23/2012,6/19/2012,"Cleveland Wrecking Company, Bakersfield, CA 93308",Worker died from a 50-foot fall when the beam he was cutting collapsed and knocked over the man-basket he was inside.
FY 2012,6/23/2012,6/19/2012,"Powers Distributing Company, Orion, MI 48359",Worker at a brewery warehouse died from injuries when he fell from a trailer onto the cement ground.
FY 2012,6/23/2012,6/19/2012,"Sky Brand Services, Arvin, CA 93203",Worker dismantling pipes on an oil tanker was killed when the tank exploded.
FY 2012,6/23/2012,6/21/2012,"Jimmy A. Odom General Building Contractors, Antioch, CA 94509",Worker installing sheeting on the exterior of a house died after falling eight feet from ladder.
FY 2012,6/23/2012,6/22/2012,"Consumers Energy, Jonesville, MI 49028",Worker assessing the damage to downed power lines was struck and killed by a vehicle.
FY 2012,6/23/2012,6/22/2012,"Dustin Ellis dba Dustin Ellis Logging, Stanley, NC 28164",Worker cutting down trees was killed when a tree struck him.
FY 2012,6/30/2012,6/9/2012,"Recycling Services of Indiantown LLC, Indiantown, FL 34956","Worker using a torch to cut a propane tank died from burns suffered when the propane ignited, causing a fire."
FY 2012,6/30/2012,6/12/2012,"Dynamic Concrete Solutions LLC, Tampa, FL 33610",Worker performing roof repairs died after falling 60 feet.
FY 2012,6/30/2012,6/13/2012,"Electrical Contractor Inc., Augusta, GA 30906",Worker making electrical repairs was electrocuted after touching a nearly 300-volt line.
FY 2012,6/30/2012,6/13/2012,"Erie County Medical Center, Buffalo, NY 14215",Hospital worker was shot and killed.
FY 2012,6/30/2012,6/13/2012,"Scruggs Equipment Company, Memphis, TN 38113","Worker was killed when a garbage truck he was working on activated, pinning his head."
FY 2012,6/30/2012,6/14/2012,"Ball Fabrics Inc., Deland, FL 32720",Worker making roof repairs fell 35 feet through a skylight.
FY 2012,6/30/2012,6/14/2012,"Dragon Man's Shooting Range, Colorado Springs, CO 80929",Worker on the set of a TV show was killed by a smoke bomb.
FY 2012,6/30/2012,6/14/2012,"Joy Construction, Ridgewood, NJ 074506",Worker was struck on the head and killed by flying debris.
FY 2012,6/30/2012,6/14/2012,"M. G. Dyess Inc., DeKalb, MI 39328",Worker was crushed by pipes after the strap holding a load of pipes together broke.
FY 2012,6/30/2012,6/14/2012,"Sugar Farms Co-op, South Bay, FL 3349",Farm worker died after he drove his tractor with a spray rig into a canal.
FY 2012,6/30/2012,6/17/2012,"Food Business Inc., dba Germantown Caf‚ East, Nashville, TN 37206",Restaurant worker died from suffocation after becoming trapped in a walk-in cooler.
FY 2012,6/30/2012,6/19/2012,"Grass Choppers, Purcellville, VA 22132",Worker operating a lawnmower died when the mower rolled down an enbankment and landed on top of him in a creek.
FY 2012,6/30/2012,6/21/2012,"BPS Inc., Minneapolis, MN 55413",Worker at a metal manufacturing facility was killed after being crushed by a pile of steel.
FY 2012,6/30/2012,6/21/2012,"National Park Service Paradise Station, Longmire, WA 98397","National parks service worker attempting to rescue climbers was killed after falling 3,000 feet down a mountain."
FY 2012,6/30/2012,6/22/2012,"Village of Central City - Public Works Department, Central City, IL 62801",Worker was killed when a burning tree limb fell on his head.
FY 2012,6/30/2012,6/25/2012,"Bob Evans Restaurant, Streetsboro, OH 44241",Restaurant worker died from surgical complications after falling and fracturing her right hip.
FY 2012,6/30/2012,6/25/2012,"BP Petroleum, Durango, CO 81303",Worker at a gas compression station was killed during an explosion.
FY 2012,6/30/2012,6/25/2012,"Illinois Department of Transportation - District 3 Ladd Yard, Springfield, IL 61362","Highway maintenance worker performing mowing operations died after being thrown from the tractor, which landed on top of him."
FY 2012,6/30/2012,6/26/2012,"Ati Allvac, Richburg, SC 29729",Worker at a metals facility died from asphyxiation after exposure to nitrogen.
FY 2012,6/30/2012,6/26/2012,"Bombardier Recreational Products, Benton, IL 62812",Worker test driving a recreational boat was killed when his boat collided with another.
FY 2012,6/30/2012,6/26/2012,"General Motors Corp., Cleveland, OH 4413",Worker at a metal processing plant was killed after being caught between machinery.
FY 2012,6/30/2012,6/26/2012,"Jason Inc., Benton, IL 62812","Collision of two Sea-Doo boats being demonstrated by manufacturer, one worker fatality."
FY 2012,6/30/2012,6/26/2012,"Lane Line LLC, Brookhaven, MS 39601",Worker performing measurements inside a workzone was struck and killed by a company truck.
FY 2012,6/30/2012,6/27/2012,"Florida Natives Nursery Inc., Englewood, FL 33565",Worker drowned after being pinned underwater by an overturned dozer.
FY 2012,6/30/2012,6/27/2012,"Hav-Tech Inc., Fairfield, OH 45014",Worker installing plywood sheeting on a roof fell from a ladder after suffering an apparent heart attack.
FY 2012,6/30/2012,6/27/2012,"Midwest Steeplejacks, Fargo, ND 58104",Worker died after falling 153 feet from a cellphone tower.
FY 2012,6/30/2012,6/27/2012,"Seven Hills Dairy LLC, Goodland, IN 47948",Worker at a dairy farm was crushed by a front loader bucket.
FY 2012,6/30/2012,6/28/2012,"Key Energy Services, Arboles, CO 81121",Worker performing rigging operations died after falling from the rig platform.
FY 2012,6/30/2012,6/28/2012,"R & B Mechanical Inc., West Mittlin, PA 15122",Worker died of a possible heart attack or from being caught between top of aerial lift and the ceiling.
FY 2012,6/30/2012,6/29/2012,"Bluegrass Materials Company LLC, Baxter, KY 40806",Worker at a construction materials company died when the forklift he was operating overturned.
FY 2012,7/7/2012,5/22/2012,"AJG Inc., Washington, DC 20008",Worker died after falling through a floor opening at a residential construction site.
FY 2012,7/7/2012,5/23/2012,"Browntree Horses, Macon, GA 31211",Worker died from blunt force trauma to the head when a horse she was caring for kicked or stepped on her.
FY 2012,7/7/2012,6/7/2012,"Bes Packaging Corp., Elk Grove Village, IL 60007",Worker changing a mold on a thermo forming machine was found dead slumped over at the machine.
FY 2012,7/7/2012,6/15/2012,"Lakewood 400 Antiques Market LLC, Cumming, GA 30040","Worker at an antiques market was crushed by a 2,600-pound pill press machine."
FY 2012,7/7/2012,6/18/2012,"Cooper Road LLC, Parsonburg, MD 21849",Worker died after falling six feet while installing wiring.
FY 2012,7/7/2012,6/20/2012,"Long Cove Development Inc., Malakoff, TX 75148",Worker at a residential community development was struck and killed by a falling tree.
FY 2012,7/7/2012,6/21/2012,"Rosiek Construction Co., Inc., Blytheville, AK 72315",Worker performing construction activities collapsed and died from possible heat stress.
FY 2012,7/7/2012,6/23/2012,"Obayashi Corporation, Austin, TX 78726",Worker removing concrete at a construction site died after collapsing.
FY 2012,7/7/2012,6/24/2012,"Baja Ranch LLC, Lordsburg, NM 88045",Worker was run over and killed by a field tractor.
FY 2012,7/7/2012,6/24/2012,"Grand Isle Shipyard Inc., Abbeville, LO 70510",Worker was struck and killed by a forklift after the forklift's brakes failed.
FY 2012,7/7/2012,6/24/2012,"Samsung Austin Semiconductor LLC, Austin, TX 78754",Worker was found laying face down in the doorway of the stairs.
FY 2012,7/7/2012,6/24/2012,"T.H. Construction Company, Bennet, NE 68317",Worker using a pipe wrench to loosen the cap from an utility line was killed when the wrench struck his head.
FY 2012,7/7/2012,6/25/2012,"A C & S Inc., Nitro, WV 25143",Worker using a supply air hood to perform sandblast operations died from asphyxiation when the air hood was wrongfully connected to a nitrogen line.
FY 2012,7/7/2012,6/25/2012,"Symmetry Turf Installations LLC, Fayetteville, AR 72701",Worker laying artificial turf died from possible heat stress.
FY 2012,7/7/2012,6/26/2012,"River Parish Disposal, Metairie, LA 70003",Worker making repairs underneath a garbage truck was killed when the truck rolled over him.
FY 2012,7/7/2012,6/27/2012,"R & R Holsteins, Gooding, ID 83330",Worker performing maintenance activities died when he was caught between a feed trailer and a loader.
FY 2012,7/7/2012,6/28/2012,"Big 4 Erectors LP, Conroe, TX 77384","Worker operating a crane to lift a concrete wall was killed when the crane collapsed, crushing the worker inside the cab."
FY 2012,7/7/2012,6/29/2012,"S&S Graham Archery Sales Inc., China Grove, NC 28023","Worker using acetone to perform taxidermy activities was killed when the pilot light from a water heater ignited the acetone vapors, causing a fire."
FY 2012,7/7/2012,6/29/2012,"Solomon Corporation, Solomon, KS 67480","Worker was crushed by a 9,000-pound electrical transformer."
FY 2012,7/7/2012,7/1/2012,"Thornton Drilling Company, Andrews, TX 79714",Worker power washing a water tank was electrocuted when the power cords arced.
FY 2012,7/7/2012,7/2/2012,"Black River Builders, Zeeland, MI 49464",Worker performing roof repairs died after falling nearly 25 feet through the roof.
FY 2012,7/7/2012,7/2/2012,"Chester Bross Construction Co. Inc., Bloomsdale, MO 63627",Worker was doing highway construction and was struck and killed by a dump truck.
FY 2012,7/7/2012,7/2/2012,"Elite Spice Inc., Jessup, MD 21849",Worker was crushed in the mast of a forklift.
FY 2012,7/7/2012,7/2/2012,"Tri-State Pole & Piping Inc., Lucedale, MS 39452",Teenage worker helping to stack a bundle of poles was killed when one pole struck his head.
FY 2012,7/7/2012,7/3/2012,"Express Tire Service Inc., Kalkaska, MI 49646","Worker was changing a tire on a piece of farm equipment when it exploded, striking and killing worker."
FY 2012,7/7/2012,7/4/2012,"Chief Orchards Packing and Storage, Wapato, WA 989510",Worker checking the pressure of jets on a sprayer tank was killed after being struck by the tank.
FY 2012,7/7/2012,7/4/2012,"Forrest Tire Company, Hobbs, NM 88240","Worker was changing a truck tire when it exploded, striking and killing worker."
FY 2012,7/7/2012,7/4/2012,"San Saba Pecan, Las Cruces, NM 88005",Worker using a scissor lift died from injuries suffered when the lift toppled over.
FY 2012,7/7/2012,7/5/2012,"Alameda County Fair, Pleasanton, CA 94566",Horse jockey died after being thrown from horse and trampled on.
FY 2012,7/7/2012,7/5/2012,"Platinum Energy Services, Chireno, TX 75937",Worker was killed when the cap of a pressure manifold struck his head.
FY 2012,7/7/2012,7/7/2012,"Consolidated Fruit LLC, Wapato, WA 98951",Worker operating a forklift was crushed when the vehicle went off the side of the road and tipped over.
FY 2012,7/14/2012,6/13/2012,"Scruggs Equipment Company, Memphis, TN 38113",Worker performing maintenance on a front end garbage truck loader was crushed between the driver's side lifting arm and the debris body of the truck.
FY 2012,7/14/2012,6/22/2012,"Green Mountain Tree Service, Detroit, MI 48223",Worker was crushed by a branch that was cut from a large oak tree.
FY 2012,7/14/2012,6/27/2012,"Plaska Transmission Line Construction LLC, Eunice, NM 88231","One worker died, another injured after suffering electrical burns when the boom truck they were inside touched a power line."
FY 2012,7/14/2012,7/1/2012,"R.G. Lumber Corp., Jackman, MA 04945",A worker moving a logging machine died when the machine struck him.
FY 2012,7/14/2012,7/2/2012,"Oakland Timberjax LLC, Oakland, MD 21550",Worker cutting down trees after storm damage died after falling more than 50 feet to the ground.
FY 2012,7/14/2012,7/2/2012,"R.G. Lumber Corp., Jackman, MA 04945",A worker moving a logging machine died when the machine struck him.
FY 2012,7/14/2012,7/2/2012,"W.W. Landscaping Inc., Pinetops, NC 27864",Worker cutting down a nearly 100-foot-high pine tree was struck and killed by another falling tree.
FY 2012,7/14/2012,7/3/2012,"Escoe Industrial, Jefferson, GA 30549","Worker was electrocuted after falling onto a 4,100-volt switch gear."
FY 2012,7/14/2012,7/3/2012,"Laning's Dairy Supply, Rosendale, WI 54974","Worker installing a cattle spraying apparatus was struck by a cattle gate carriage, pinning worker between the carriage and a post."
FY 2012,7/14/2012,7/5/2012,"Mail Contractors of America, Urbandale, IA 50322",Worker was run over and killed when he tried to stop a moving tractor.
FY 2012,7/14/2012,7/5/2012,"Spancrete, Oshkosh, WI 54901",Worker was struck and killed by a crane boom.
FY 2012,7/14/2012,7/6/2012,"Brookside Farms Inc., West Townsend, MA 01474","Worker loading a hay trailer was killed when the trailer rolled backwards, crushing him."
FY 2012,7/14/2012,7/6/2012,"Customs and Border Protection, Fort Hancock, TX 79839","Worker operating an all-terrain vehicle was crushed when the vehicle rolled down an embankment, landing on top of him."
FY 2012,7/14/2012,7/6/2012,"Findlay Roofing, Atlanta, GA 30316",Worker making roofing repairs was electrocuted after touching a power line.
FY 2012,7/14/2012,7/6/2012,"West Alabama Mechanical, Inc., Tuscaloosa, AL 35404",Worker operating a crane was struck by the machine's gear box and pump when crane tipped over.
FY 2012,7/14/2012,7/7/2012,"Jose Galtan, Machesney Park, IL 61115",Worker loading appliances onto a delivery truck collapsed and died. Cause of death unknown.
FY 2012,7/14/2012,7/8/2012,"Owens Coming, Newark, OH 43055",Worker for an insulation manufacturer was found dead from possible heat stress.
FY 2012,7/14/2012,7/9/2012,"Coastal Parasail, Inc., Panama City Beach, FL 32408",Worker collecting trash was run over by a trash truck.
FY 2012,7/14/2012,7/9/2012,"Consumers Cooperative Society, Kalona, IA 52247",Worker cleaning out a grain bin was found unresponsive on ground near bin.
FY 2012,7/14/2012,7/10/2012,"Knife River Corporation - Northwest, Canby, OR 97013",Worker placing roadway signs at an intersection was struck and killed by a vehicle.
FY 2012,7/14/2012,7/10/2012,"Pioneers International, Inc., Orlando, FL 32832",Worker operating a riding lawn mower was found in a canal pinned underneath the mower.
FY 2012,7/14/2012,7/10/2012,"State Farm, Oshkosh, WI 54904","Worker fell off an extension ladder, suffering fatal head trauma."
FY 2012,7/14/2012,7/11/2012,"Joyce Fisher Limited Partnership, Mentone, TX 79754",Worker loading a machine into the bucket of a backhoe died after being caught between the backhoe's bucket and the outrigger.
FY 2012,7/14/2012,7/11/2012,"L & C Exteriors, Overland, MO 63114",Worker pulling a roller on a flat roof died after falling through a skylight.
FY 2012,7/14/2012,7/11/2012,"Windsor Fuel Company, Pittsburg, CA 94565",Worker shifting traffic control cones was struck and killed by a vehicle.
FY 2012,7/14/2012,7/12/2012,"Hearthside Food Solutions LLC, McComb, OH 45858",Worker died after experiencing shortness of breath while packaging cookies on a production line.
FY 2012,7/14/2012,7/12/2012,"Thomas Logging LLC, Climax Twp, MI 49034",Worker was crushed by a tree while cutting timber.
FY 2012,7/14/2012,7/13/2012,"Dillard Smith Crossville, TN 38572",Worker replacing broken electric poles was electrocuted after touching a live power line.
FY 2012,7/14/2012,7/13/2012,"RM Walsdorf Inc., Brownsville, TX 78521","Worker performing maintenance work on a paving machine was crushed when the hydraulic line gave way, causing the machine to fall."
FY 2012,7/21/2012,4/26/2012,"Alside Supply Center, Cuyahoga Falls, OH 44223",Worker at a residential building supply company died from a possible heart attack.
FY 2012,7/21/2012,7/12/2012,"Welding Services Inc., Stamford, CT 06902",Worker was electrocuted while reinforcing steel.
FY 2012,7/21/2012,7/13/2012,"Baker Logging, Williamsburg, PA 16693",Worker cutting lumber was struck and killed by a falling tree.
FY 2012,7/21/2012,7/13/2012,"Dean Construction, Canton, MS 39288",Worker installing skylights died after falling 20 feet onto concrete floor.
FY 2012,7/21/2012,7/16/2012,"Aluminum Co. of America Bettendorf, IA 52722",Worker performing maintenance on a machine used to cut steel was struck and killed by an overhead carriage.
FY 2012,7/21/2012,7/16/2012,"Fino Electric, LLC, Newark, NJ 07105",Worker fell 35 feet from an aerial lift basket.
FY 2012,7/21/2012,7/16/2012,"MKE Producing, Bolivar, OH 44612",Two workers died when a gas well they were painting exploded.
FY 2012,7/21/2012,7/17/2012,"7-Eleven Albuquerque, NM 87106",Store worker died from a gun shot wound to the neck during a robbery.
FY 2012,7/21/2012,7/17/2012,"Bruce and Merrilees Electric Company, New Castle, PA 16101","Worker transporting a telephone pole died from head trauma when a vehicle hit the pole, causing the pole to strike the worker's head."
FY 2012,7/21/2012,7/17/2012,"Inland Systems Incorporated, Tomahawk, WI 54487",Worker cleaning an ash silo died from burns received by flying ash.
FY 2012,7/21/2012,7/18/2012,"Bonedty Enterprises Inc., St. Augustine, FL 32080",Worker on a tractor cutting grass was killed after being struck by a vehicle and thrown from the tractor.
FY 2012,7/21/2012,7/19/2012,"Living Waters Lutheran Church Fort Wayne, IN 46816",Worker was struck and killed by a motor vehicle.
FY 2012,7/21/2012,7/19/2012,"Rafael Esparza Germantown, TN 38139",Worker died after falling 13 feet from a roof while tossing materials to wheel a barrow.
FY 2012,7/21/2012,7/19/2012,"Tombigee Electric Power Association, Fulton, MS 38843",Worker cutting down trees was struck and killed by a falling tree.
FY 2012,7/21/2012,7/20/2012,"Coranado Wrecking and Salvage Santa Fe, NM 87503",Worker was struck and killed by a load of metal beams being stacked onto a trailer.
FY 2012,7/28/2012,7/3/2012,"Krause Building LLC, Lake Geneva, WI 53147",Worker installing a roof died after falling 25 feet to the ground.
FY 2012,7/28/2012,7/10/2012,"Leonard Chavarria, Pedricktown, NJ 08067",Worker was replacing roof shingles and fell from the seond story level.
FY 2012,7/28/2012,7/13/2012,"Williams Brothers Construction, Elm Mott, TX 76640",Worker performing construction activities died from possible heat stress.
FY 2012,7/28/2012,7/16/2012,"J.C. Hamm & Sons, Inc., Florence, AL 35630",Worker changing a filter in an attic died of a possible electrocution.
FY 2012,7/28/2012,7/16/2012,"JR Sheet Metal Manufacturing Inc., Caguas, PR 00646",Worker fell 7 feet from a ladder while working on an air conditioning system.
FY 2012,7/28/2012,7/21/2012,"Public Service of Colorado, Lyons, CO 80540",Worker performing work on a gas pipeline died from cardiac arrest.
FY 2012,7/28/2012,7/22/2012,"All American Asphalt, Torrance, CA 90502","Two workers were killed, one injured after they were struck by two vehicles while laying concrete on a highway."
FY 2012,7/28/2012,7/22/2012,"Dalton Trucking Inc., Fontana, CA 92335",Worker repairing bottom of dump sand truck was caught between the truck's pneumatic and hydraulic bottom gates.
FY 2012,7/28/2012,7/22/2012,"HIMR Inc., Plymouth, VT 05056",Worker died in water while working on a floating trampoline.
FY 2012,7/28/2012,7/23/2012,"Chemi Con Materials Corporation, Moses Lake, WA 98837",Worker removing a pump from a tank containing 180-degree boric acid died from burns when the acid spilled on him.
FY 2012,7/28/2012,7/23/2012,"Herman and Kittie Properties, Indianapolis, IN 46222",Worker was struck by Bobcat bucket while loading tree limbs into a dump truck.
FY 2012,7/28/2012,7/23/2012,"Janicki Logging and Construction Co. Inc., Darrington, WA 98272",Worker performing logging operations was crushed between a carriage and log.
FY 2012,7/28/2012,7/23/2012,"Locust Valley CSD, Locust Valley, NY 11560",A school bus driver was killed when a cement mixer collided head-on with the bus.
FY 2012,7/28/2012,7/23/2012,"Pacific Coast Contracting Inc., Medford, OR 97501",Worker was killed when the forestry van he was riding in was struck by a motor vehicle.
FY 2012,7/28/2012,7/23/2012,"Sierra Pacific Industries, Sonora, CA 95370",Worker at a lumber mill was crushed in a machine.
FY 2012,7/28/2012,7/23/2012,"Tayco Corp., Wallingford, CT 06492","Worker operating a truck on a dirt surface was crushed when the truck tipped over, pinning the worker underneath."
FY 2012,7/28/2012,7/23/2012,"Terra Nova Ranch, Helm, CA 93627",Farm worker died from head injuries when his ATV hit a tomato trailer.
FY 2012,7/28/2012,7/24/2012,"Bankston Creek Land Trust, Norris City, IL 62869",Four workers welding a swab tank were burned when an explosion occurred.
FY 2012,7/28/2012,7/25/2012,"Auburn Tree Services, Garrett, IN 46738",Worker operating a boom lift to pull a log from a lake died after he was ejected from the lift's basket when the piston on the lift failed.
FY 2012,7/28/2012,7/25/2012,"Elias Ovalle-Gonzalez, San Antonio, TX 78218",Worker died of an apparent fall from a scaffold.
FY 2012,7/28/2012,7/25/2012,"Next Specialty Resins, Addison, MI 49220",Worker at a plastics recycling plant died after falling into an industrial grinding machine.
FY 2012,7/28/2012,7/26/2012,"Cornerstone Plumbing, Waco, TX 76707",Worker inspecting natural gas lines underneath a house was electrocuted after contacting exposed electrical wires.
FY 2012,7/28/2012,7/26/2012,"Evonik Stockhausen LLC, Greensboro, NC 27406",Worker was pinned between a commercial carrier cab and a trailer.
FY 2012,7/28/2012,7/27/2012,"Carlton Forge Works,Paramount, CA 90723",Worker performing forging activities was struck and killed by debris.
FY 2012,7/28/2012,7/27/2012,"PG&E Subcontractors, Bridgeville, CA 90526",Worker fell approximately 80 feet from structure.
FY 2012,7/28/2012,7/27/2012,"Robinson Drilling of Texas Ltd., Big Lake, TX 76932",Worker performing oil rigging activities died when he fell from a ladder.
FY 2012,7/28/2012,7/27/2012,"Southern Investments LLC, Reidsville, NC 27320",Worker cutting wire off baled recyclable plastics was killed after being pulled into an auger.
FY 2012,7/28/2012,7/28/2012,"Esteban Casimiro, Arcadia, CA 91006",Worker trimming trees was electrocuted after touching a powerline.
FY 2012,7/28/2012,7/30/2012,"Illinois State University - Harris Physical Plant, Bloomington, IL 61709",University worker was found without a pulse after striking a telephone pole. Autopsy concluded worker died from natural causes.
FY 2012,8/1/2012,8/1/2012,"Valley Healthcare Center LLC, Fresno, CA 93727",Healthcare worker died after contracting tuberculosis.
FY 2012,8/4/2012,5/21/2012,"Mississippi Phosphate Corp., Pascagoula, MS 39581",Worker performing equipment maintenance at a phosphate fertilizer plant died during a steam explosion.
FY 2012,8/4/2012,7/3/2012,"Rutherford Tree Service, Fairfield, TX 75840",Worker was performing tree trimming operations and fell from a bucket.
FY 2012,8/4/2012,7/10/2012,"Tecta America, Arvada, CO 80004",Worker performing commercial roofing services died after falling from roof.
FY 2012,8/4/2012,7/11/2012,"Far East Construction Inc., Cambridge, MA 02139",Worker performing construction activities died after falling from a ladder.
FY 2012,8/4/2012,7/26/2012,"Beyers Welding Inc., Saint Cloud, FL 34772",Worker performing welding work was electrocuted.
FY 2012,8/4/2012,7/26/2012,"Colors Construction Inc., Boca Raton, FL 33487",Worker performing construction activities died when he was ejected nearly 30 feet from an aerial lift.
FY 2012,8/4/2012,7/27/2012,"ATW Automation Inc., Dayton, OH 45402",Worker operating a core pole assembly machine died after being caught in between two conveyors.
FY 2012,8/4/2012,7/29/2012,"U.S. Postal Service, Allen Park, MI 48101",Worker was found unconscious with a serious head injury.
FY 2012,8/4/2012,7/29/2012,"Wildlife Specialists LLC, Canton, PA 17724",Worker using metal poles to catch bats was electrocuted when the poles touched power lines.
FY 2012,8/4/2012,7/30/2012,"Bimbo Bakery, Galt, CA 95632",Worker was crushed by a rack of baked goods.
FY 2012,8/4/2012,7/30/2012,"Hillcrest Supply Inc., Montgomery, IN 47558",Worker at feed mill loading a feeding truck fell while standing on a 9-inch beam.
FY 2012,8/4/2012,7/30/2012,"Soudan Metals Company Inc., Chicago, IL 60609",Worker processing a coil of rolled steel was struck by the steel roll and pinned between the roll and processing line.
FY 2012,8/4/2012,7/31/2012,"Eastern Arrow Corporation Inc., Logan, WV 25601",Worker cutting down trees collapsed and died from a possible heat stroke.
FY 2012,8/4/2012,7/31/2012,"Iowa DNR - Lake Manawa State Park, Council Bluffs, IA 51501","Worker mowing lawn near canal drowned when mower fell into water, pinning worker underneath."
FY 2012,8/4/2012,7/31/2012,"Manny's Tree Service LLC, Bernville, PA 19506",Worker performing tree trimming operations was struck and killed by a tree limb.
FY 2012,8/4/2012,7/31/2012,"Mountain Barricade, Westcliffe, CO 81252",Worker doing flagging operations was struck and killed by a vehicle.
FY 2012,8/4/2012,7/31/2012,"Texas TST Inc., Sweetwater, TX 79556",Worker at a metals refinery plant collapsed and died from possible heat stress.
FY 2012,8/4/2012,8/1/2012,"Golden State Elevators Inc., Paramount, CA 90723",Worker performing repairs to an elevator fell 26 feet.
FY 2012,8/4/2012,8/1/2012,"Roc Equipment, Clark, NV 89015",Worker performing work on a drill rig died from exposure to hydraulic fluid after a cylinder cracked from extreme pressure.
FY 2012,8/4/2012,8/1/2012,"Spacesaver Corporation, Fort Akinson, WI 53538",Worker was crushed by falling sheet metal.
FY 2012,8/4/2012,8/2/2012,"Fox Transportation, Racho Dominiquez, CA 90220",Worker suffered fatal head injuries after he was runover by a transport truck.
FY 2012,8/4/2012,8/2/2012,"TCI LLC, Milwaukee, WI 53224",Worker was shot and killed by a disgruntled employee.
FY 2012,8/4/2012,8/3/2012,"Clovis Sign Service Inc., Clovis, NM 88101",Worker installing a billboard was electrocuted when metal from the sign touched a power line.
FY 2012,8/4/2012,8/3/2012,"NC Department of Transportation, Murphy, NC 28906",Two workers were struck-by and pinned against the back of a dump truck after being hit by a vehicle.
FY 2012,8/11/2012,2/15/2012,"Otwell Mercantile, Otwell, IN 47564",Worker died from asphyxiation while performing maintenance on a tractor inside a closed garage.
FY 2012,8/11/2012,5/24/2012,"Bird Ranch, Andrews, TX 79714",Worker checking windmills died after falling from structure.
FY 2012,8/11/2012,7/20/2012,"Affordable Mobile Home Movers, Channelview, TX 77530",Worker died from possible electrical shock.
FY 2012,8/11/2012,7/25/2012,"Circle Rubbish Removal Inc., 1033 Rt 1 South, Avenel, NJ 07001",Employee suffered fatal head and spine injuries after falling off of a dumpster.
FY 2012,8/11/2012,7/26/2012,"Quaker Oats, Danville, IL 61832",Worker suffered fatal injuries after falling approximately 50 feet from a manlift.
FY 2012,8/11/2012,7/31/2012,"Assured Realty, Orlando, FL 32805",Worker died after a tree fell on him while performing tree trimming and cutting activities.
FY 2012,8/11/2012,7/31/2012,"Bryan's Door Inc., Hialeah Gardens, FL 33016",Employee assisting forklift operator died after being crushed by the forklift load.
FY 2012,8/11/2012,7/31/2012,"Gamboa Construction, Hanover, MD 21240",Worker installing anchorage points on a roof died after falling to the concrete.
FY 2012,8/11/2012,8/1/2012,"J&M Contractors of South Florida Inc., Parkland, FL 33067",Roofing worker died after falling from a structure onto the ground.
FY 2012,8/11/2012,8/2/2012,"Ames Group LLC, Homestead, FL 33035",Worker collapsed and hit his head on a pipe. Worker suffered a possible heart attack.
FY 2012,8/11/2012,8/2/2012,"Best-Tec Asbestos Abatement Inc., West Palm Beach, FL 33401",Employee died after falling approximately 12 feet while removing ceiling tiles.
FY 2012,8/11/2012,8/2/2012,"D&B Builders Inc., Fort Walton Beach, FL 32577",Worker died after falling 15 feet out of a trash box being lifted by a forklift.
FY 2012,8/11/2012,8/3/2012,"Jersey Central Power & Light Company, Manalapan, NJ 07726",Employee was electrocuted while working on a downed wire.
FY 2012,8/11/2012,8/4/2012,"Conagra Foods Inc., Alton, IL 62002",Worker died after falling nearly 70 feet while attempting to exit a manlift onto a building's 5th floor.
FY 2012,8/11/2012,8/4/2012,"Tuckerman Home Group, New Albany, OH 43054",Worker died after falling approximately 20 ft from a roof.
FY 2012,8/11/2012,8/6/2012,"AAW Services, Seminole, TX 79360",Worker died after being pinned beneath an ATV he was operating.
FY 2012,8/11/2012,8/6/2012,"Big Sky Well Service Inc., Killdeer, ND 58640",Worker died after falling approximately 75 feet from a service rig.
FY 2012,8/11/2012,8/6/2012,"D.R. Exteriors LLC, West Milford, NJ 07480",Roofing worker died after falling approximately 30 feet from a residential roof.
FY 2012,8/11/2012,8/6/2012,"P.H. Glatfelter Paper, Chillicothe, OH 45601",Worker operating a bulldozer died when she was runover by the machine while trying to jump from it when it caught fire.
FY 2012,8/11/2012,8/6/2012,"Rowlett Tree Service, Henryville, IN 47126",Worker was crushed by a tree that was being cut down.
FY 2012,8/11/2012,8/7/2012,"ACH Foam Technologies, Fon Du Lac, WI 54937",Worker died from severe abdominal injuries after being crushed by a pneumatic door.
FY 2012,8/11/2012,8/7/2012,"Kraft Foods Inc., Granite City, IL 62040",Employee died after being crushed between a forklift and metal storage racking.
FY 2012,8/11/2012,8/8/2012,"Excel Inc., Palmetto, GA 30268",Worker died from head injuries after being thrown from his forklift.
FY 2012,8/11/2012,8/8/2012,"Ogden Avenue Materials Inc., Chicago, IL 60608",Worker died from injuries after falling from an elevated surface.
FY 2012,8/11/2012,8/9/2012,"Rocky Mountain Recycling, Las Vegas, NV 89030",Worker at a recycling facility was crushed under a forklift after it tipped over.
FY 2012,8/11/2012,8/10/2012,"Louisa Water and Sewer District, Louisa, KY 41230",Worker operating vehicle died when it rolled down an embankment.
FY 2012,8/18/2012,8/6/2012,"Sanders Painting & Decorating, Kenosha, WI","Worker performing outside painting activities died from a heart attack, possibly heat-related."
FY 2012,8/18/2012,8/9/2012,"AAA National USA Inc., Atlanta, GA 30303",Worker died after being struck by lightning while collecting his tools from a roof.
FY 2012,8/18/2012,8/10/2012,"D.J.S. Tractor and Trailer Service Inc., Conley, GA 30288",Worker was killed when he was pinned beneath the cab of a yard tractor he was repairing.
FY 2012,8/18/2012,8/11/2012,"BAE Systems, Thomasville, PA 17364",Worker driving a maintenance cart died from head trauma when the brakes failed causing him to hit a wall.
FY 2012,8/18/2012,8/11/2012,"E&R Roll Off Services LLC, Commerce City, CO 80022",Worker died after falling in between the rear tires of a semi-truck after the truck lunged forward.
FY 2012,8/18/2012,8/12/2012,"U.S. Forest Service, Clearwater, ID 83546",Worker died when a tree fell on her while she was building a fireline.
FY 2012,8/18/2012,8/14/2012,"Mason Construction Ltd., Beaumont, TX 77707",Worker laying pipe inside a trench was killed when another pipe fell on the worker.
FY 2012,8/18/2012,8/15/2012,"Union Pacific Railroad Company, Deer Grove, IL 61243",Worker was killed after an 18-wheeler delivering a machine struck the worker.
FY 2012,8/18/2012,8/16/2012,"Bacardi Bottling Corp., Jacksonville, FL 32218",Worker cleaning up broken glass at a bottling plant died after being crushed by a machine that molds materials into pellet shapes.
FY 2012,8/18/2012,8/16/2012,"Hammett Electric Inc., Wooster, AK 72181",Worker was electrocuted while installing wiring at a residence under construction.
FY 2012,8/18/2012,8/16/2012,"Osmic Inc., Titusville, PA 16354",Worker died after falling 30 feet while removing bolts from a crane rail.
FY 2012,8/18/2012,1/25/2012,"RH Construction Inc., Salt Lake City, UT 84108",Three workers were hospitalized after they were injured by a partially collapsed roof.
FY 2012,8/18/2012,8/14/2012,"Clean Harbors Catalyst Technologies LLC, Whiting, IN 46394",Three workers inside a vessel were hospitalized for burns when a flash fire occurred.
FY 2012,8/25/2012,7/12/2012,"Adonis Bronze, Alpine, UT 84004",Worker for a bronze foundry was killed when struck by a pressure vessel door.
FY 2012,8/25/2012,7/16/2012,"Dow Chemical Texas Inc., Deer Park, TX 77536",Worker opening a filter casing died from burns after being sprayed with 100 degree celsius hot condensate.
FY 2012,8/25/2012,8/1/2012,"A.H. Sturgill Roofing Inc., Miamisburg, OH 45342",Worker performing roofing activities suffered a heat stroke and later died.
FY 2012,8/25/2012,8/9/2012,"R&A Construction of Illinois Inc., Willowbrook, IL 60527",Worker died from chemical burns after a varnish applied to a floor caught fire.
FY 2012,8/25/2012,8/14/2012,"Best Blue Inc., Ellicott City, MD 21043","Worker putting up a pump jack scaffold was electrocuted after contacting a 7,600-volt phase line."
FY 2012,8/25/2012,8/15/2012,"GEM Drilling, Aspermont, TX 79502",Worker died after falling backwards while on the drillling floor of a rig.
FY 2012,8/25/2012,8/15/2012,"Steamboat Energy Consultants, Williston, ND 58801",Worker overseeing the operation of an oil rig was struck and killed by a truck.
FY 2012,8/25/2012,8/16/2012,"Andrews Transport LP., Houston, TX 77049",Worker died from severe head injuries after falling from a tractor trailer.
FY 2012,8/25/2012,8/16/2012,"Cargill Inc., Bloomington, IL 61702",Worker died after falling through a first floor hole onto the basement floor.
FY 2012,8/25/2012,8/19/2012,"Jordan General Contractors Inc., 17000 Premium Dr., Hockley, TX 77447",Two workers died from injuries sustained in a demolition dust fire
FY 2012,8/25/2012,8/20/2012,"Hephalstos Building Supplies Inc., Astoria, NY 11104",Worker loading his vehicle with building supplies was struck and killed by a bus.
FY 2012,8/25/2012,8/20/2012,"Sammy Coffeys Wholesale Nursery Inc., Lenoir, NC 28645",Worker was struck by a tree that was being cut down.
FY 2012,8/25/2012,8/20/2012,"Woodruff & Sons Inc., Tampa, FL 33601",Worker was killed after being struck by an excavator's bucket
FY 2012,8/25/2012,8/21/2012,"J.R. Wyles Inc., Lewisberry, PA 17339","Worker in a bucket truck was electrocuted after contacting a 7,200 volt electric line."
FY 2012,8/25/2012,8/21/2012,"Oakland County Road Commission, Beverly Hills, MI 48025",Worker operating a dump truck used for road resurfacing was killed when truck rolled into a ditch.
FY 2012,8/25/2012,8/21/2012,"White Brothers Logging, Cass Lake, MN 56633",Worker was struck and killed by tree pines that slipped out of boom truck.
FY 2012,8/25/2012,8/21/2012,"Wiggle Tails Oil Field Service Inc., Bloomfield, NM 87413",Worker was crushed under the rear wheels of a truck.
FY 2012,8/25/2012,8/21/2012,"Yumoto Company Ltd, Dechard, TN 37324",Worker at an automobile assembly plant was crushed in machine.
FY 2012,8/25/2012,8/22/2012,"David Girard Vineyard, Placerville, CA 95667",Worker at a vineyard was crushed in a wine press.
FY 2012,8/25/2012,8/22/2012,"Texas Concrete and Asphalt, El Paso, TX 79932",Worker repaving highway ramp died after being struck by vehicle
FY 2012,8/25/2012,8/23/2012,"Praxair Inc., Geismar, LA 70734",Worker at an industrial gas plant died from carbon monoxide exposure.
FY 2012,8/25/2012,8/24/2012,"Komatsu America Corp., Peoria, IL 61639",Worker died from injuries sustained while operating a machine used to test hydraulic cylinders.
FY 2012,9/1/2012,8/7/2012,"SSI Services LLC, Indianapolis, IN 46217",Worker inside an asbestos pulverizing unit died from injuries after a combustible dust explosions occurred when equipment malfunctioned.
FY 2012,9/1/2012,8/11/2012,"Effingham County Fair - Board of Directors, Altamont, IL 62411",Worker was struck and killed by a payloader that was moving concrete barriers.
FY 2012,9/1/2012,8/15/2012,"J&J Trucking, Vancouver, WA 98660",Worker driving a loaded gravel truck was killed when the brakes failed causing vehicle to strike trees.
FY 2012,9/1/2012,8/20/2012,"COP Wyoming LLC, Sheridan, WY 82801",Worker was struck and killed by the bucket of a backhoe while inside a trench box.
FY 2012,9/1/2012,8/21/2012,"Baker Hughes, Casper, WY 82601","Worker at a chemical products warehouse was crushed under a 4,000-pound storage container."
FY 2012,9/1/2012,8/22/2012,"Action Roofing & Siding LLC, Rye, NY 10580",Worker removing old shingles from a residential roof died after falling from roof
FY 2012,9/1/2012,8/22/2012,"Aireko Construction Corporation, Caguas, PR 00725",Worker fell 17 feet through a metal roof landing on a concrete floor.
FY 2012,9/1/2012,8/22/2012,"Pendleton A-1 Hospitality LLC, Pendleton, OR 97801",Hotel worker found inside hotel room was a victim of homicide.
FY 2012,9/1/2012,8/25/2012,"Jorge Vargas dba Jorge Vargas Martinez, Louisville, KY 40291",Worker using a ladder to install brick board died after falling off the ladder.
FY 2012,9/1/2012,8/25/2012,"ZIA Construction and Contracting Inc., Cheney, WA 99004",Worker sheeting the roof on a two-story building suffered fatal head injuries after falling 21 feet to the ground.
FY 2012,9/1/2012,8/27/2012,"Amerifence Inc., Indianapolis, IN 46226",Worker for a fence company sweeping the fence production area was electrocuted.
FY 2012,9/1/2012,8/27/2012,"Edwards Construction Inc., Rock Hill, SC 29732",Worker preparing to cut tree limbs died after falling 40 feet to ground.
FY 2012,9/1/2012,8/30/2012,"Hai Chang Inc., Bell, CA 90201",Worker was behind truck and was caught-between truck and loading dock.
FY 2012,9/8/2012,3/28/2012,"Schindler Elevator Corp., NY, NY 10104",Elevator mechanic was electrocuted while working on a panel.
FY 2012,9/8/2012,7/21/2012,"Dandridge Golf and Country Club Inc., Dandridge, TN 37725",Worker at a golf country club died after falling from the mezzanine inside a storage barn.
FY 2012,9/8/2012,8/11/2012,"Phoenix Logging Company, Prince of Wales Island, AK 99922",Worker banding together logs was struck and killed by a falling log.
FY 2012,9/8/2012,8/20/2012,"Hubster Logging Inc., Ryderwood, WA 98581","Worker was struck by a haywire and was hospitalized, treated, and released. Several days later worker was found dead at home due to complications resulting from incident."
FY 2012,9/8/2012,8/25/2012,"Stone & Surface Designers Inc., Cocoa, FL 32926",Worker died after a granite slab fell on him.
FY 2012,9/8/2012,8/26/2012,"All Florida Tree & Landscape Inc., Ft Lauderdale, FL 33126",Tree trimmer was electrocuted after contacting a power line
FY 2012,9/8/2012,8/27/2012,"Forward Air Solutions Inc., Medley, FL 33178",Worker died from head injuries after falling off of a conveyor.
FY 2012,9/8/2012,8/27/2012,"H&W Logging, Tazewell VA 24651",Worker was killed after being run over by a skidder machine.
FY 2012,9/8/2012,8/29/2012,"Home Crafters of Tidewater, Suffolk, VA 23435",Worker erecting a pump jack scaffold system was electrocuted when the pole he was using contacted a power line.
FY 2012,9/8/2012,8/31/2012,"Fireworks and Stage FX America Inc., Lake Elsinor, CA 92530",Worker was preparing aerial fireworks when an explosion occurred. Worker was hospitalized but succumbed to injuries on 9/2/2012.
FY 2012,9/8/2012,9/1/2012,"Carolina Salvage, Rock Hill, SC 29730",Worker operating a crane to put a trailer on beams was killed when the trailer fell on worker.
FY 2012,9/8/2012,9/1/2012,"CR Koehl and Sons Inc., Hancock, MN 56244",Worker died after the semi-tractor/trailer he was driving overturned.
FY 2012,9/8/2012,9/1/2012,"OG&E Energy Corp., Mustang, OK 73064",Employee for an energy supply company was electrocuted.
FY 2012,9/8/2012,9/2/2012,"AJ's Transport LLC, Lincoln, AL 35096",Employee was crushed when a jack supporting a tractor trailer failed causing the trailer to fall on him.
FY 2012,9/8/2012,9/2/2012,"Core-Mark International, Wilkes Barre, PA 18703",Worker operating a forklift died from head injuries after being struck by a beam.
FY 2012,9/8/2012,9/2/2012,"GreenTek Roofing, Carnigie, PA 15106",Worker died after falling from a roof.
FY 2012,9/8/2012,9/2/2012,"Smithfield Packing, Grayson, KY 41101",Worker electrocuted while rewiring a breaker panel for a smoke generator.
FY 2012,9/8/2012,9/3/2012,"Bravo Environmental NW Inc., McKenna, WA 98580",Worker was killed in motor vehicle accident due to weather conditions.
FY 2012,9/8/2012,9/3/2012,"High Desert Roofing, Farmington, NM 87401",Worker died after falling through a roof opening and hitting concrete floor.
FY 2012,9/8/2012,9/3/2012,"Sonoco Hartville, SC 29550",Worker at a packaging products facility died after being caught between two rolling parts of a paper machine.
FY 2012,9/8/2012,9/4/2012,"Glass Machinery and Excavation, Clintwood, VA 24228",Roadway worker flagging traffic was struck and killed by 18-wheel truck.
FY 2012,9/8/2012,9/4/2012,"Mark F. Taggert Company, Columbus, OH 43229",Worker died from fall from a ladder.
FY 2012,9/8/2012,9/4/2012,"Hansen Plumbing Inc., Gettysburg, SD 57442",Employee was struck and killed by parts of a wastewater pump that exploded.
FY 2012,9/8/2012,9/4/2012,"HRI Inc., Bethlehem, PA 18015",Worker was crushed when a section of a road barrier fell on him.
FY 2012,9/8/2012,9/4/2012,"Mullen Electric Co., Kyle, TX 78640",Employee repairing a lamp died after falling from a ladder and hitting his head.
FY 2012,9/8/2012,9/4/2012,"Rangeline Tapping Services Inc., Cut and Shoot, TX 77306","Employee performing painting services died after being pinned by a 2,000-pound flange housing."
FY 2012,9/8/2012,9/5/2012,"Industrial TX Corp., Webster, TX 77598",Worker was struck and killed by construction equipment.
FY 2012,9/8/2012,9/5/2012,"M&C Electrical, Arlington, VA 22201",Worker was electrocuted while installing a conduit.
FY 2012,9/8/2012,9/5/2012,"MWR Riverside Orchards LLC, Eltopia, WA 99330",Worker changing irrigation pipes was electrocuted after the pipe contacted power lines.
FY 2012,9/8/2012,9/5/2012,"Tidco Transportation Inc., Double Springs, AL 35553",Emplyoyee died due to tractor trailer falling on him when the support jack failed.
FY 2012,9/8/2012,9/5/2012,"Werkheiser Roofing, Rye, NY 10580",Worker died after falling 20 feet from a ladder.
FY 2012,9/8/2012,9/6/2012,"Construction Engineering Consultants Inc., Beaver Falls, PA 15010",Employee was struck and killed by a dump truck moving in reverse.
FY 2012,9/8/2012,9/6/2012,"Select Sires Inc., Plain City, OH 43064",Worker was crushed between the gate and post of a pen when letting bulls out to feed.
FY 2012,9/15/2012,8/1/2012,"Libbey Glass Inc., Toledo, OH 43697",Employee died from fall at work.
FY 2012,9/15/2012,8/11/2012,"Effingtham County Fair, Board of Directors, Altamont, IL 62411",Worker struck and killed by a payloader used to move concrete barriers.
FY 2012,9/15/2012,8/17/2012,"Evan F. Hamilton, Prosser, WA 99350",Worker struck and killed by a grain harvesting machine.
FY 2012,9/15/2012,8/17/2012,"Waste Pro USA Inc., Loxahatchee, FL 33470",Employee operating a waste truck was crushed when it tipped over.
FY 2012,9/15/2012,8/23/2012,"Whispering Hills Landscaping Inc., Radcliff, KY 40160",Worker mowing a hillside was killed when the mower overturned.
FY 2012,9/15/2012,8/27/2012,"MTA LIRR Hillside Yard Gang 26, Jamaica Queens, NY 11423",Worker performing maintenance work electrocuted after contacting an energized rail.
FY 2012,9/15/2012,9/1/2012,"Zorienzan's Amusements Inc., Brentwood, NY 11717",Carnival worker was fatally struck by a ride's spinning bucket.
FY 2012,9/15/2012,9/4/2012,"Cutting Edge Molding, Bonita Springs, FL 34133",Worker operating an aerial lift was electrocuted after contacting an overhead power line.
FY 2012,9/15/2012,9/4/2012,"NYCDPR Al Oreter Recreation Center, Maintenance Op, Ctr., Flushing, NY 11355",Worker was fatally stabbed during a verbal altercation with a garbage truck operator.
FY 2012,9/15/2012,9/5/2012,"Pentair, Brookfield, WI 53045",Employee died from a head injury after falling from a chair.
FY 2012,9/15/2012,9/5/2012,"Roger Elliot Construction, Penn Valley, CA 95946",Worker changing a truck tire struck and killed by a chain on an excavator bucket.
FY 2012,9/15/2012,9/7/2012,"Ameriwaste Inc., Santa Fe, TX 77510",Worker died after being pinned between truck and ground after truck rolled over into ditch.
FY 2012,9/15/2012,9/7/2012,"J.R. Resources LP, Ringgold, PA 15570",Worker pumping fluid out of a plastic tank died when the tank exploded.
FY 2012,9/15/2012,9/9/2012,"S.J. Louis Construction Inc., Bismarck, ND 58501",Trench worker killed after being pinned between track hoe and 24-inch pipe.
FY 2012,9/15/2012,9/9/2012,"Southern Hens Inc., Moselle, MS 39459",Employee cleaning the processing area in a poultry plant died after falling into a screw conveyor.
FY 2012,9/15/2012,9/10/2012,"Concrete Foundations Inc., Highway X20 and Abbe Hills Road, IA 52314",Back-hoe operator killed when vehicle rolled over and pinned him underneath.
FY 2012,9/15/2012,9/10/2012,"K&S Parrott LLC, Amarillo, TX 79104",Worker fatally kicked by cattle during off-loading from a trailer.
FY 2012,9/15/2012,9/10/2012,"Pizzitola Guttering Co., Houston, TX 77007",Employee fell from ladder while performing work near gutter of house.
FY 2012,9/15/2012,9/10/2012,"Stagg LLC, San Antonio, TX 78230",Employee died after slipping on a wet floor.
FY 2012,9/15/2012,9/10/2012,"S&B Masonry Corp., Brooklyn, NY 11205",Employee died when a masonry wall collapsed on him.
FY 2012,9/15/2012,9/10/2012,"Willman Industries Inc., Cedar Grove, WI 53013",Employee was crushed after being caught in a molding machine.
FY 2012,9/15/2012,9/11/2012,"Elba Diaz, Mt. Juliet, TN 37122",Worker performing residential framing died after falling nine feet from the top of an interior wall.
FY 2012,9/15/2012,9/11/2012,"Gibson Winery, Sanger, CA 93657",Employee working as a wine blender died from asphyxiation after being exposed to ammonia gas.
FY 2012,9/15/2012,9/11/2012,"Spirit Aerosystems Inc., Wichita, KS 67210",Worker died after falling approximately 12 feet from a work platform to the ground.
FY 2012,9/15/2012,9/12/2012,"Athos Construction, Avon, OH 44011",Employee working in temporary work zone was struck and killed by a motor vehicle.
FY 2012,9/15/2012,9/12/2012,"Farwest Portable Crushing Inc., Gresham, OR 97030",Worker operating a construction vehicle was killed when vehicle rolled over and down a hill.
FY 2012,9/15/2012,9/12/2012,"Grower's Chemical Corporation, Norwalk, OH 44857",Farm worker died after being struck in the head by a hooper wagon.
FY 2012,9/15/2012,9/12/2012,"River Cities Machine LLC, Bossier City, LA 71111","Worker was killed after his shirt became caught in a lathe he was operating, pulling him into the machine."
FY 2012,9/15/2012,9/13/2012,"Delicato Winery Vineyard, Manteca, CA 95336",Worker unhitching a trailer died after he was run over by another driver.
FY 2012,9/15/2012,9/13/2012,"Fisher Industries, Interstate 80 East Bound, Mile Post 392, NV 89521",Worker making repairs to a tire compactor was crushed between the compactor and a drum roller.
FY 2012,9/15/2012,9/14/2012,"Belton Metal Company Inc., Belton, SC 29627",Worker run over and crushed by track hoe.
FY 2012,9/15/2012,9/14/2012,"Danlin Corp, Cedar Bluffs, NE 68015",Employee working on a roof died from injuries after falling 20 feet to the ground.
FY 2012,9/15/2012,9/14/2012,"Worthington Cylinder Corporation, Westerville, OH 43082","Employee was crushed between two 2,500-pound coils."
FY 2012,9/22/2012,6/29/2012,"Williams Warehouse Inc, Plains, GA 31780",Employee died after falling from a roof through a skylight while removing metal panels.
FY 2012,9/22/2012,9/13/2012,"Mr Asphalt Inc., Corvallis, MT 59828",Worker died after falling approximately 13 ft while checking the level of an asphalt oil tank.
FY 2012,9/22/2012,9/20/2012,"Bonneville Power Administration, Saint Regis, MT 59866",Worker died after falling approximately 80 feet while replacing insulators.
FY 2012,9/22/2012,9/20/2012,"Ryan's Tree Service, Chaumont, NY 13622",Worker died after being crushed by a chipper.
FY 2012,9/22/2012,9/21/2012,"G.R. Birdwell Construction LP, Channelview, TX 77530",Worker was killed after being pinned between the dirt compactor he was operating and a wall.
FY 2012,9/22/2012,9/21/2012,"United Drilling Inc, Fort Stockton, TX 79735",Worker was killed after being struck in the head by a cable that snapped during drilling operations.
FY 2012,9/22/2012,9/22/2012,"Mark F. Taggert Company, Columbus, OH 43229",Worker died from fall from a ladder.
FY 2012,9/22/2012,9/22/2012,"Olmar Salazar, Airmont, NY 10901",Employee died after being struck by a tree branch while working on a landscaping site.
FY 2012,9/22/2012,9/23/2012,"Archer Underbalanced Services, Boys Ranch, TX 79010",Worker was killed while repairing an air compressor after a 2-inch line separated and struck employee in the chest.
FY 2012,9/22/2012,9/24/2012,"KAYCO Erectors Inc, Sugar Hill, GA 30518",Employee died after falling through floor hole while installing metal decking.
FY 2012,9/22/2012,9/24/2012,"SITI, Rayne, LA 70578",Worker was pouring concrete when he was struck and killed by a vehicle being driven by another employee.
FY 2012,9/22/2012,9/25/2012,"Jet Import Inc, Chicago, IL 60608",Worker died after being struck on the head by a pallet that had fallen from a trailer he was preparing to unload.
FY 2012,9/22/2012,9/26/2012,"Advanced Recycling Center, Brewton, AL 36426",Worker was crushed when bucket of skid loader fell on him when he crawled under machine to disconnect a hydraulic line.
FY 2012,9/22/2012,9/27/2012,"Viking Drilling, Rankin, TX 79778",Employee was electrocuted when the forklift he was operating became entangled with a 440-480 volt electrical line.
FY 2012,9/29/2012,6/29/2012,"Williams Warehouse Inc, Plains, GA 31780",Employee died after falling from a roof through a skylight while removing metal panels.
FY 2012,9/29/2012,7/19/2012,"Terrapin Construction Bowie, MD 20715",Worker was trimming a tree limb from an extended tree belonging to a neighbor and fell off ladder. Worker was hospitalized but succumbed to injuries and died on 8/13/2012.
FY 2012,9/29/2012,8/22/2012,"New Jersey Transit Heavy Rail Kearny, NJ 07032",Worker performing maintanence underneath railroad equipment when hydraulic line disconnected and equipment lowered crushing worker.
FY 2012,9/29/2012,9/11/2012,"Desert Rose Golf Course Las Vegas, NV 89142",Worker was operating a front end loader to spread dirt in the wash and was unexpectedly swept away by a wall of water flowing at approximately 65-70 MPH. Worker's body was found on 9/14/2012.
FY 2012,9/29/2012,9/13/2012,"Mr Asphalt Inc., Corvallis, MT 59828",Worker died after falling approximately 13 ft while checking the level of an asphalt oil tank.
FY 2012,9/29/2012,9/20/2012,"Bonneville Power Administration, Saint Regis, MT 59866",Worker died after falling approximately 80 feet while replacing insulators.
FY 2012,9/29/2012,9/20/2012,"Ryan's Tree Service, Chaumont, NY 13622",Worker died after being crushed by a chipper.
FY 2012,9/29/2012,9/21/2012,"G.R. Birdwell Construction LP, Channelview, TX 77530",Worker was killed after being pinned between the dirt compactor he was operating and a wall.
FY 2012,9/29/2012,9/21/2012,"United Drilling Inc, Fort Stockton, TX 79735",Worker was killed after being struck in the head by a cable that snapped during drilling operations.
FY 2012,9/29/2012,9/22/2012,"Mark F. Taggert Company, Columbus, OH 43229",Worker died from fall from a ladder.
FY 2012,9/29/2012,9/22/2012,"Olmar Salazar, Airmont, NY 10901",Employee died after being struck by a tree branch while working on a landscaping site.
FY 2012,9/29/2012,9/22/2012,"Prime Flight Aviation Services San Francisco, CA 94128",Worker drove service truck off road crashing into parked lear jet.
FY 2012,9/29/2012,9/23/2012,"Archer Underbalanced Services, Boys Ranch, TX 79010",Worker was killed while repairing an air compressor after a 2-inch line separated and struck employee in the chest.
FY 2012,9/29/2012,9/24/2012,"Indiana Women's Prison Indianapolis, IN 46214","Worker was issued a firearm, went outside, and committed suicide."
FY 2012,9/29/2012,9/24/2012,"KAYCO Erectors Inc, Sugar Hill, GA 30518",Employee died after falling through floor hole while installing metal decking.
FY 2012,9/29/2012,9/24/2012,"PennAKem, LLC Memphis, TN 38108",Two workers transferring Furfurlyamine and Methanol from a storage tank to a reactor when an explosion occurred. Both suffered second degree burns and were hospitalized. One of these workers who suffered burns over 92% of body died on 9/27/2012.
FY 2012,9/29/2012,9/24/2012,"SITI, Rayne, LA 70578",Worker was pouring concrete when he was struck and killed by a vehicle being driven by another employee.
FY 2012,9/29/2012,9/24/2012,"Traffic Specialists, Inc. Calhoun, TN 37309",Worker was installing reflectors when struck by a tractor trailer.
FY 2012,9/29/2012,9/25/2012,"Jet Import Inc, Chicago, IL 60608",Worker died after being struck on the head by a pallet that had fallen from a trailer he was preparing to unload.
FY 2012,9/29/2012,9/26/2012,"Advanced Recycling Center, Brewton, AL 36426",Worker was crushed when bucket of skid loader fell on him when he crawled under machine to disconnect a hydraulic line.
FY 2012,9/29/2012,9/26/2012,"Recovery Home Improvement, Inc. Baltimore, MD 21222",Worker was electrocuted when a 27-foot ladder hoist the worker was moving fell backwards and struck two 7.62 kV overheard distribution lines.
FY 2012,9/29/2012,9/26/2012,"Russell Toll dba Toll Roofing and Repair Maysville, KY 41018",Worker installing a tarp on a roof of a hotel stepped on the eave which collapsed resulting in worker falling approximately 26 feet on to parking lot.
FY 2012,9/29/2012,9/26/2012,"Steven Barkoff Hillsborough, CA 94010","Worker fell from attic to garage floor striking a flower base, hitting the right artery by armpit resulting in loss of blood. Worker was hospitalized but died in ER."
FY 2012,9/29/2012,9/27/2012,"Viking Drilling, Rankin, TX 79778",Employee was electrocuted when the forklift he was operating became entangled with a 440-480 volt electrical line.
