Fiscal Year ,Summary Report Date,Date of Incident,Company,Preliminary Description of Incident
FY 2011,10/02/10,07/06/10,"The Uni-Kool Partners Yuma, AZ  85354",Worker was backing a forklift up an incline.  Forklift fell backwards off loading dock onto operator who was not wearing seatbelt.  He died of a broken neck.
FY 2011,10/02/10,08/27/10,"Halcumb Air Conditioning & Refrigeration, Galveston, TX 77550",Worker was removing sheet metal air conditioning ductwork that cut into a 240-volt electrical line and was electrocuted.
FY 2011,10/02/10,09/14/10,"Octavio Mateos Raleigh, NC  27610",Worker was found unresponsive at the base of a 20-foot ladder. The probable cause of death was noted as a cervical neck fracture due to a fall.
FY 2011,10/02/10,09/17/10,"Alameda Tower LLC Los Angeles, CA 90017","Worker (security guard) was struck by tractor trailer and dragged, resulting in fatal injuries."
FY 2011,10/02/10,09/18/10,"Laducer House Moving, Belcourt, ND 58316",Worker was working underneath a house in the process of being moved and was crushed after the house collapsed.
FY 2011,10/02/10,09/22/10,"Dimensional Mills Inc., Hudson Falls, NY 12839",Worker fell 6 to 8 feet from height.
FY 2011,10/02/10,09/22/10,"Hendrix & Company, LLC Phoenix, AZ 85040","Worker was operating a powered industrial truck when the counterweight of an excavator caused the truck to rollover, crushing the worker's head."
FY 2011,10/02/10,09/22/10,"Varitech Commercial Services, Inc. Tucson, AZ 85711",Worker mounting exhaust blower motor fell 16 feet from ladder on a roof to the ground.
FY 2011,10/02/10,09/25/10,"Eric Nelson Enterprises, Inc. Orland, CA 95963",Worker suffered fatal injuries after being crushed under an elevated harvesting machine.  The support block had been removed after the repairs and the worker was crushed when he went to retrieve hand tools left underneath the machine.
FY 2011,10/02/10,09/26/10,"Thomas School of Horsemanship, Melville, NY 11747",Worker was crushed between golf cart and parked trailer.
FY 2011,10/02/10,09/27/10,"Larry Lang Excavating, Inc., Parkersburg, WV 26101","Worker was pouring concrete, fell forward and was caught by another worker. Hypertension and environmental heat stroke possible."
FY 2011,10/02/10,09/27/10,"Wenco Energy, Tulsa, OK 74146",Worker was struck by a two-ton object.
FY 2011,10/02/10,09/28/10,"Bryan Zehr Logging, Redfield, NY 13437",Worker was struck by a tree.
FY 2011,10/02/10,09/28/10,"Douglas County Agricultural Associates Alexandria, MN 56308","Worker at state fairgrounds was pushing trash with leg, fell and hit head on cement floor."
FY 2011,10/02/10,09/28/10,"Mechanical Technologies, El Paso, TX 79902",Worker was in the process of installing a thermostat line and was electrocuted.
FY 2011,10/02/10,09/29/10,"Art Walker Construction, Inc., Ocala, FL 34475","Worker had finished construction of a parking lot and said he was not feeling well.  He was found sitting in the truck and was taken to the hospital, possible heart attack."
FY 2011,10/02/10,09/29/10,"Pilkington North America Shelbyville, IN 46176",Worker suffered fatal injuries after getting pinned up under conveyor while doing maintenance work.
FY 2011,10/02/10,09/30/10,"Specialized Construction, Miami Beach, FL 33119","Worker was working from a suspension scaffold, using a 7-foot aluminum extension pole on a paint roller. Worker was electrocuted after contacting an overhead power line."
FY 2011,10/09/10,09/02/10,"Connecticut Department of Public Safety Middletown, CT  06457",State Police Trooper doing paperwork in his vehicle during a traffic stop was struck from behind by another vehicle traveling at a high rate of speed.
FY 2011,10/09/10,09/23/10,"Stonehedge Apartments Salt Lake City, UT  84107","Worker was cutting a tree limb from roof of 3-story apartment building when the limb broke, knocking the worker 29 feet to the lower level."
FY 2011,10/09/10,09/23/10,"Vargas General Engineering, LLC, Peoria, AZ 85381","Worker suffered fatal injuries when an excavator tipped over, pinning him."
FY 2011,10/09/10,09/24/10,"Kingsford Products Co., Inc. Burnside, KY  42519","Workers were using grinder and oxyacetylene torch to remove equipment from a conveyor system located above silos used to store charcoal briquettes.  A flash fire was ignited after sparks contacted a residual pile of charcoal dust, resulting in 1 fatality and 3 hospitalizations."
FY 2011,10/09/10,09/30/10,"Crescent Resources Charlotte, NC  28202","Two workers were inspecting waterfront property on a boat,when an unknown event led to their drowning."
FY 2011,10/09/10,10/01/10,"Chino Airport, Planes of Fame Air Museum Chino, CA  91710",Volunteer was crushed between two vehicles while loading equipment onto a flatbed trailer.
FY 2011,10/09/10,10/01/10,"Dixie Electric Buckeye, NM  88260",Worker was electrocuted while installing a pole to tie into overhead transmission lines.
FY 2011,10/09/10,10/01/10,"Nibbelink Masonry Construction Corp., Adelanto, CA  92301",Worker suffered fatal injuries after falling 20 feet from a scaffold.
FY 2011,10/09/10,10/01/10,"Noblesville City School, Noblesville, IN  46060",Maintenance worker received fatal injuries after being crushed under a garage door.
FY 2011,10/09/10,10/01/10,"Nutri-Ject, Hudson, IA  50643","Worker with head and upper torso inside a tanker truck loaded with 6000 pounds of sludge, fell into the tanker."
FY 2011,10/09/10,10/04/10,"Ortiz Lawn Maintenance Service, West Palm Beach, FL 33461",The worker trimming a tree at a private residence hit a power line and was electrocuted.
FY 2011,10/09/10,10/04/10,"Rays Tree Service, Middletown, OH 45042",The worker was working on the ground dragging cut tree brush. The pruner dropped a tree limb approximately 25 to 35 feet down striking the worker in the head.
FY 2011,10/09/10,10/05/10,"Legacy Contracting LP, Dallas, TX 75253",The worker fell 15 feet from a ladder while working to remove piping inside a concrete raw sewage digester.
FY 2011,10/09/10,10/05/10,"Sutter Roofing Company, Sarasota, FL 34232",The worker fell through a roof.
FY 2011,10/09/10,10/06/10,"Osage Valley Electric Coop, Rich Hill, MO 64779","The worker was using a chainsaw to cut a tree trunk. As the trunk was cut, it split and sprang back striking the worker fatally."
FY 2011,10/09/10,10/06/10,"Reliable Tree and Mulch, Sugarcreek Twp, OH 45370",A tree trimmer died from a 90-foot fall.
FY 2011,10/09/10,10/06/10,"Team Industrial Services, Chalmette, LA, 70043","The worker was working under supplied air with a helper inside a hydrogen sulfide unit. The worker was leaving the job, and slumped over for unknown reasons."
FY 2011,10/09/10,10/06/10,"The Renaissance Project, Ellenville, NY 12428",The worker was stabbed and killed by a patient.
FY 2011,10/09/10,10/07/10,"Mt. Prospect Public Library, Mt Prospect, IL 60056",The worker was found dead in the men's restroom from what appeared to be a heart attack.
FY 2011,10/09/10,10/07/10,"Tikal Construction and Roofing, Elk Grove Village, IL 60007","The worker was working on the roof, fell through a skylight and landed on a concrete floor."
FY 2011,10/09/10,10/08/10,"D.R. Services, Convent, LA 70723",The worker was climbing a ladder on a scaffold to start dismantling it when he fell from the ladder approximately 42 feet to the ground.
FY 2011,10/09/10,10/08/10,"Domino Window Cleaning, New York, NY 10013",The worker was cleaning the 4th floor window from a ledge without fall protection and fell.
FY 2011,10/09/10,10/08/10,"Miquel Nava, Johns Creek, GA 30097","The worker was carrying shingles to the roof using a ladder. The worker lost his footing, slipped off the ladder and struck his head on the ground."
FY 2011,10/09/10,10/08/10,"Wanzek Construction, White, SD 57383",The worker was working in a windmill farm construction staging area and was struck and killed by a truck.
FY 2011,10/09/10,10/09/10,"Quality Steel Corporation, Cleveland, MS 38732","The worker was moving materials using a crane. The crane tipped over, and the worker was ejected from the cab of the crane. The crane ran over and crushed the worker."
FY 2011,10/16/10,06/26/10,"JBS Auto Parts, Inc. Britt, IA  50423",Worker suffered fatal injuries when support gave way and he was crushed under boat and trailer.
FY 2011,10/16/10,10/06/10,"Mountain Aire Heating & Air Conditioning, Bridgeport, OH 43912","The worker was working in a private home, the resident of the home heard a noise and found worker. The worker never regained consciousness."
FY 2011,10/16/10,10/07/10,"Darling International, Garden City, KS 67846",Two workers were using a plasma cutter to cut a sheet of metal while the metal was sitting on two empty drums of hydraulic fluid. The workers cut into one of the barrels resulting in an explosion/fire. One worker sustained burns to the upper part of this body and face. The other worker sustained fractures and shrapnel wounds.  One fatality.
FY 2011,10/16/10,10/08/10,"Norogachi Construction Galt, CA  95632","Worker sustained fatal injuries after falling 10 to 15 feet from a beam, landing on his head."
FY 2011,10/16/10,10/09/10,"Charles Loeffler, Denville, NJ 07834",The worker was crushed between garage door frame and machine he was attempting to move into the garage resulting in fatal injury.
FY 2011,10/16/10,10/09/10,"Clark County Ambulance Service West Union, IL  62477",Two EMTs suffered fatal injuries in a motor vehicle accident when their ambulance was struck by another vehicle whose diver ran a stop sign.
FY 2011,10/16/10,10/11/10,"Edward E. Wood, Metamora, IL 61548",Worker backed his truck to dump a load of CA6/Roadmix; the truck was in a jackknifed position. As the dump was raised he truck tipped over crushing the cab of the truck.
FY 2011,10/16/10,10/11/10,"Meijer Inc., Columbus, OH, 43230","The worker fell and broke her hip. The worker subsequently had a surgery for her broken hip, and had been in a rehabilitation home for four to five weeks. The worker's son stated that the death could possibly be due to a complication from the surgery."
FY 2011,10/16/10,10/11/10,"Ocean Point Condo, Miami Beach, FL 33139",The worker was attempting to repair an elevator when he got caught in between the elevator and adjacent wall resulting in the worker dying of crushing injuries.
FY 2011,10/16/10,10/11/10,"Trans-Global Solutions, Orange, TX 77631","The worker was on his 5th day training to be a rail switchman. The other members lost contact with him, when he was located, he was found laying next to the rail, with fatal injuries."
FY 2011,10/16/10,10/13/10,"Baker Group, Arenzille, IL 62611",The worker was working alone on a ladder installing piping in preparation for start-up. The worker was found on the ground nonresponsive.
FY 2011,10/16/10,10/13/10,"Kraft/Nabisco Biscuit Company, Chicago, IL  60629",An employee was operating a palletizer when apparently he climbed into the machine to un-jam a pallet and was crushed.
FY 2011,10/16/10,10/13/10,"Ron Perrin Water Technologies, Richmond, TX  77469","Worker was conducting cleaning operations within a 500,000-gallon aboveground water tank, and drowned."
FY 2011,10/16/10,10/13/10,"Wood & Son Construction, Channahon, IL 60410","Two employees were conducting demolition operations and a piece of rebar was lodged in the concrete. Employee 1 used the Bobcat hammer and began hammering the area near the rebar, the vibrations caused the rebar to come free from Employee 2 hand, the rebar struck him in the head, causing serious damage to his cranium."
FY 2011,10/16/10,10/14/10,"AT&T, Chicago, IL  60638","Worker was working from a bucket truck, pulling wire.  An oncoming truck snagged the wire and pulled the worker from the bucket truck."
FY 2011,10/16/10,10/14/10,"Webco, Lake City, CO 81235",Worker rolled backhoe into river.
FY 2011,10/16/10,10/16/10,"Duit Construction, Tulsa, OK 74401",Worker was walking behind a dump truck and was run over by the truck.
FY 2011,10/30/10,05/03/10,"Blue Sky Mason, Honolulu, HI  96822",A coconut tree trimmer suffered fatal injuries after getting caught in his body harness.
FY 2011,10/30/10,07/31/10,"C-Bar-J Corporation, Cannon Falls, MN  55009","Worker was accessing a side kit door of tractor trailer semi and lost grip on handrails; falling backwards, hit back of head on concrete floor."
FY 2011,10/30/10,10/18/10,"IMT Residential,, Austin, TX 78729","Worker was riding in golf cart.  He stepped out while it was still moving, fell, and hit his head."
FY 2011,10/30/10,10/18/10,"Mililani Group Inc dba Mililani Memorial Park,   Waipahu, HI 96797       ","Worker was operating a front-end loader with backhoe attachment when he lost control on a 40- to 60-degree slope. The tractor flipped onto its left side, fatally pinning the worker under the cab's roof area.  No seat belt was found on the tractor."
FY 2011,10/30/10,10/19/10,"Merced County Board of Education, Merced, CA 95343","Worker traveling to client's home, when another person in another vehicle drove into a tractor trailer.  The truck hit the worker's car, resulting in fatal injuries."
FY 2011,10/30/10,10/19/10,"Welding Industrial Supply Company,, Chicago, IL 60643","While delivering compressed gas cylinders, worker collapsed from compressive asphyxia; cause unknown."
FY 2011,10/30/10,10/20/10,"Eun Construction, Inc, Mount Holly NC 28120",The roof section of a screened porch fell and struck the worker.
FY 2011,10/30/10,10/22/10,"Ambhar Lounge Tropicana Las Vegas, Las Vegas, NV 89109","Worker was dusting decorative molding when he fell approximately eight feet to the floor, resulting in blunt force trauma to his head.  (This was a possible diabetic episode; the coroner is investigating.)"
FY 2011,10/30/10,10/23/10,"California Department of Mental Health, Napa, CA  94558",Worker was on her dinner break. She did not return and was found dead on the grounds at 6:10 p.m.  A patient was arrested by Napa County Sheriff's Office and is being held in corrections with the fatal incident.
FY 2011,10/30/10,10/23/10,"Greg's Marine Construction, Inc.,, Lusby, MD 20657","During a demolition operation, worker was attached into a pylon splash jacket that slipped down the pylon and pulled the worker 50 feet underwater."
FY 2011,10/30/10,10/24/10,"Ayalaz Agriculture Services FLC #12004, Kettleman City, CA 93239","Worker was crushed when tractor he was driving, pulling a bin dumper full of pomegranates, fell onto its side.  Worker was possibly trying to make a U-turn while going too fast."
FY 2011,10/30/10,10/24/10,"Labor Only Re-Cover, Inc.,, Berlin, NJ 08009",Worker was walking across roof and fell through the roof to the floor.
FY 2011,10/30/10,10/25/10,"Acha Construction, , Havertown, PA 19083","While roofing, worker fell from pitched roof of residence."
FY 2011,10/30/10,10/25/10,"Gulf-Atlantic Constructors, Inc.,, Gulf Breeze , FL 32563",Worker was placing highway safety barrels for a lane closure.  An on-coming car swerved into the closed lane and struck him.
FY 2011,10/30/10,10/26/10,"Family Ranch, Inc., Kettleman City, CA 93239","Worker was using an auger to drive posts into the ground, when his clothing became entangled in the equipment resulting in fatal injuries."
FY 2011,10/30/10,10/26/10,"Post Buckley Schuh & Jerngan Inc.,, Houston, TX 77032","While walking along track, worker was struck by unmanned rail car at airport."
FY 2011,10/30/10,10/27/10,"Don Park (USA) Limited Partnership,, Conley, GA 30288","While worker was attempting to guide a steel beam structure being moved by a crane and a forklift, the structure tilted and crushed worker."
FY 2011,10/30/10,10/27/10,"Notre Dame University, Notre Dame, IN  46556",Worker was in a scissor lift filming a football practice when the lift tipped over.  (High winds were reported.)
FY 2011,10/30/10,10/27/10,"Transportation Technology Services, , Pueblo, CO 81004",Worker was caught between a powered industrial truck and a railroad car and was crushed.
FY 2011,10/30/10,10/28/10,"A&B Restoration, Murfreesboro, TN 37129",Roofer fell head first from roof to concrete below.
FY 2011,10/30/10,10/28/10,"Central States Fumigation,, Liberal, KS 76901","While working on the exterior of a bin deck of a grain elevator, worker fell approximately 93 feet to the ground."
FY 2011,10/30/10,10/28/10,"Strickland Lumber Company,, Eufaula, AL 36027",Worker fell from lift.
FY 2011,10/30/10,10/29/10,"County of Bernalillo Sheriff's Department,  Albuquerque, NM 87109",Sheriff's Deputy was killed after the patrol motorcycle that he was riding was struck by a truck that crossed the median.
FY 2011,11/06/10,10/10/10,"Pennell & Marlowe Land Surveyors,, Midland, TX 79705",Worker was changing the tire on a company truck using a small mechanical jack to lift the truck.  The truck slipped off the jack and fell onto worker.
FY 2011,11/06/10,10/21/10,"Busan Nissan Motor Sales,, Cincinnati, OH 45246","Worker fell, striking his head, while window washing from a ladder/ scaffold."
FY 2011,11/06/10,10/27/10,"Steele Rigging Corporation, Booneville, IN  47601",Workers were on a metal roof when the roof gave way and collapsed due to deterioration.  One worker fell through the roof.
FY 2011,11/06/10,10/31/10,"Blowout Tools, Inc.,, Fannin, TX 77963",Worker had installed a liquid nitrogen jacket around the outside of the conductor pipe and was flowing liquid nitrogen in order to form a plug.  Worker was found collapsed.
FY 2011,11/06/10,11/01/10,"Edwin Sousa Construction,, Greenwich, CT 06831",Worker was crushed when masonry portico fell from foundation wall into the trench where the worker was working.
FY 2011,11/06/10,11/01/10,"L. H. Woods & Sons, Colton, CA  92324",Worker was crushed between two pieces of steel K-rails.
FY 2011,11/06/10,11/01/10,"Mike S Foy Stucco LLC,, Bradenton, FL 34208","Worker was on a residential roof over a pool deck doing stucco work on a chimney.  Worker lost his footing at the edge of the roof, fell through the pool screen, and struck his head on the concrete pool decking, sustaining head trauma."
FY 2011,11/06/10,11/01/10,"Travel Centers of America,, Brunswick, GA 31523",Worker was replacing a tire on a tractor trailer when the vehicle fell off the jacks and crushed the worker underneath.
FY 2011,11/06/10,11/02/10,"Meade Electric Co. Inc.,, Rock Island, IL 61201","Worker was loading a backhoe onto a low-boy trailer when the backhoe tipped over, fell off the trailer, and crushed the worker underneath the cab."
FY 2011,11/06/10,11/02/10,"Monsanto Company,, Secor, IL 61771",Worker was pinned under truck during work at a rural site.
FY 2011,11/06/10,11/02/10,"Precision Construction & Maintenance, LLC,, Metairie, LA 70119","While excavator was lifting a mat, a chain broke and worker was crushed underneath."
FY 2011,11/06/10,11/03/10,"Bradley Construction, Inc., Charlotte, NC  28205","Two workers were framing on roof of building 30 feet above ground level, when one fell over the side of the building onto the concrete sidewalk below.  He had been walking backwards moving a 2x6 piece of lumber."
FY 2011,11/06/10,11/03/10,"Menominee Tribal Enterprises,, Neopit, WI 54150","Worker was cutting a tree down.  As tree fell, a branch broke off and struck worker."
FY 2011,11/06/10,11/03/10,"Tanner Construction,, Jackson, MS 39211",Worker was riding on top of plywood that was on the forks of a rough terrain forklift.  Worker fell off the plywood and was run over by the forklift.
FY 2011,11/06/10,11/04/10,"Integral Rebar Inc.,, Cumming, GA 30040","Forklift, rigged with telescoping boom, was lowering approximately 3,000 lbs. of rebar into excavated area.  Boom failed, tipping the forklift and causing it to roll onto and crush the worker."
FY 2011,11/06/10,11/05/10,"Adecco, York, PA 17402, Juan C. Parada,","While flagging traffic, worker was struck by a vehicle he was directing to a different lane."
FY 2011,11/06/10,11/05/10,"Juan C. Parada,, Roosevelt, NY 11575",Worker was electrocuted when ladder contacted overhead electrical lines.
FY 2011,11/06/10,11/05/10,"MFA Agri Services,, St. Joseph, MO 64501","After worker attached an ammonia nurse tank to a customer's pickup truck, the truck began to roll.  Customer jumped into truck and hit the wrong pedal.  Truck accelerated and pinned worker."
FY 2011,11/06/10,11/05/10,"Tri City Wastepaper, Inc., Kingsport, TN 37660","Worker, attempting to load a forklift onto a flatbed trailer, suffered fatal injuries after a ramp dropped onto him."
FY 2011,11/13/10,09/11/10,"Double U Livestock, Cherry Creek , NV 89301","Worker who was attempting to jump start a farm tractor, suffered massive trauma to upper torso when pinned between tractor and vehicle."
FY 2011,11/13/10,10/10/10,"OXEA Corporation,, Bishop, TX 78343",Worker was caught in flash fire at a chemical plant and died a month later during his burn recovery.
FY 2011,11/13/10,10/20/10,"American Red Cross,, Cherokee, NC 28719",Worker was working from a parked blood-mobile bus.  Worker was standing near the steps at the front of the bus when she fell out of the bus and fatally hit her head on the curb.
FY 2011,11/13/10,10/25/10,"Contra Costa County Sheriff Department/Jail, Martinez, CA  94533","County jail worker (a nurse) suffered fatal injuries after being struck in the head by an inmate wielding a lamp. She fell, striking her head on floor."
FY 2011,11/13/10,11/03/10,"Wolford-Wethington, Inc., Monticello, KY  42633","Worker, who was unstrapping a double-stacked load from a tractor trailer, was killed when 17 boards of unfinished wood became unstable and fell on him."
FY 2011,11/13/10,11/04/10,"SSA Marine DBA SSA Terminals (Long Beach) LLC.,, Long Beach, CA  90813","Two workers were operating utility tractor rigs (UTRs) moving shipping containers on the dock.  One operator failed to yield the right of way at an intersection, striking the other UTR.   The impact threw the first operator through the front window of the UTR, which continued to move forward and rolled over him. "
FY 2011,11/13/10,11/05/10,"Bosselman, Inc., Hobart, IN 46342",Worker died after being pinned between his service truck and a semi-trailer when the service truck was hit by another vehicle.
FY 2011,11/13/10,11/05/10,"Jackson Township Fire Department, Helmsburg, IN  47435",Worker was pinned against a wall when the truck response vehicle he was working on rolled forward.
FY 2011,11/13/10,11/05/10,"MFA Agri Service,, Sedalia, MO 65301","Worker was standing on the lifted forks of a fork truck to repair a down-spout on a grain bin.  Worker lost balance and fell approximately 6 feet, striking his head on the concrete pavement."
FY 2011,11/13/10,11/05/10,"Sonoco Products Company, Raleigh, NC 27610",Worker at recycling center was operating a forklift with a scoop attached to the forks.  Operator remained in the vehicle while maintenance worker partially removed damaged bolt holding the hydraulic piston to the scoop and walked away to get additional tools.  Operator became pinned between the scoop and the mast of the forklift.
FY 2011,11/13/10,11/08/10,"Aevenia, Inc.,, Tioga, ND 58852","While worker was installing underground power cable, when the digging apparatus struck a buried gas line.  Worker was killed by a natural gas compressed-gas concussion."
FY 2011,11/13/10,11/08/10,"K & W Recycling,, Troy, AL 36081",An 18-wheeler backed up and ran over two workers who were standing behind the truck.
FY 2011,11/13/10,11/08/10,"Rose Brother's Paving Company, Inc., Bath, NC 27808","Worker, a roller operator, walked away from his equipment and  was run over by a dump truck backing out into an open lane."
FY 2011,11/13/10,11/08/10,"Seven Valleys Concrete, LLC.,, Centerton, AR 72719","While finishing poured concrete with a broom, the handle extension of the broom contacted an overhead electrical line when the worker lifted the broom to reposition it."
FY 2011,11/13/10,11/09/10,"Mollenberg-Betz, Inc.,, Buffalo, NY 14207","Worker died while performing hot work on top of a 10,000-gallon chemical storage tank that exploded."
FY 2011,11/13/10,11/09/10,"Schwab Dairy Farm LLC.,, Delevan, NY 14042",Worker entered a manure spreader and was overcome by methane gas.
FY 2011,11/13/10,11/09/10,"Univar USA Inc.,, Houston, TX 77041","While unloading a tanker truck containing lighter fluid, worker began gasping for air.  Although treated with oxygen, worker later died at the hospital."
FY 2011,11/13/10,11/09/10,"Veolia Environmental Services,, Zion, IL 60099","While lifting a dumpster on the back of the garbage truck, the truck's locking mechanism apparently failed, causing the dumpster to fall and strike worker."
FY 2011,11/13/10,11/09/10,"Wagram Paper Stock, Inc., Wagram, NC  28396",Worker was run over by a forklift in an area where forklifts were moving bales of paper.  Worker may have tripped and fallen before being run over.
FY 2011,11/13/10,11/10/10,"Allen Painting & Decorating,, Cleveland, OH 44115",Mechanical lift rolled over and crushed worker.
FY 2011,11/13/10,11/10/10,"F. Miller Construction, LLC.,, Grand Isle, LA 70358",A pile of lead fell and struck worker on the torso and head.
FY 2011,11/13/10,11/10/10,"Lassen Forest Products, Red Bluff, CA  96080",Worker fell into a wood chipper.
FY 2011,11/13/10,11/12/10,"Pike Feeds, Inc.,, Pittsfield, IL 62363",Worker fell from a catwalk used to assist in loading trucks with livestock feed.  Worker fatally struck his head when he impacted the ground.
FY 2011,11/13/10,11/13/10,"Victor Sosa Construction,, Salem, MA 01915","While workers were repairing a flat roof that had gravel on it, the gravel was collected into sandbags.  One bag, with rope and hook still attached, fell off roof without any resistance and fatally struck a worker in the head."
FY 2011,11/20/10,07/29/10,"A.B.B.T.S. Inc.,, Lutherville, MD 21093",Worker was cutting down a dead tree which fell against another tree.  The second tree broke off and struck the victim on the head
FY 2011,11/20/10,08/11/10,"Pioneer Contracting Co. Inc.,, Baltimore, MD 21224",Worker died after falling 23 feet onto two concrete pipes while trying to cross a Jersey wall along an elevated highway ramp.
FY 2011,11/20/10,09/01/10,"McLaughlin Electric Company, Fort Washington, MD  20744",Worker died after being pinned between parked trailer and truck.
FY 2011,11/20/10,09/11/10,"Barcelona Nut Company, Baltimore, MD 21223",Worker was on a roof changing air conditioner filters when he fell through a skylight and landed 17 feet below onto a lower level.
FY 2011,11/20/10,09/14/10,"United Sheet Metal, Inc.,, Baltimore, MD 21231",Worker fell 8 feet from a stepladder onto the concrete floor below.
FY 2011,11/20/10,09/24/10,"R.H. Fewster Painting Co., Inc., Baltimore, MD 21210",Worker fell off a slate roof while painting a cornice.
FY 2011,11/20/10,10/04/10,"Chemplex LLC,, Snyder, TX 79549","Three workers were burned in a flash fire in a blending vat.  One of the injured workers, hospitalized with burns over 45% of his body, passed away a few weeks later."
FY 2011,11/20/10,10/14/10,"Classic Ironworks, Incorporated, Odenton, MD 21113","Workers were setting structural steel and decking on top of cinder block walls.  When a second bundle of decking was placed on unsecured joists, the joists rolled and fell on the victim."
FY 2011,11/20/10,10/21/10,"Colossal Contractors, Inc., Waldorf, MD 20602","Two workers, picking up litter on a median strip, were both struck and killed by a highway vehicle which left the road."
FY 2011,11/20/10,10/25/10,"Empire Distributors of North Carolina, Inc.,, Charlotte, NC 28273",Worker died after falling 12 to 15 feet to the concrete floor from an aerial work platform used for picking orders.
FY 2011,11/20/10,11/02/10,"Gibson Logging Enterprises Inc, Holmes Mill, KY 40843",Worker suffered fatal injuries after being struck while cutting timber on a steep slope.
FY 2011,11/20/10,11/09/10,"Duplichain Contractors,, Nacodoches, TX 75965",A water line ditch approximately 7 feet deep caved in on a worker as he was installing a tracer wire.  Preliminary investigation suggests that no cave-in protection was in use at the time of the incident.
FY 2011,11/20/10,11/11/10,"Karr Home Improvement,, Chicago, IL 60623",The worker fell from an undetermined height.
FY 2011,11/20/10,11/11/10,"Prestige Decorating, Inc.,, Elmhurst, IL 60126",Worker fell from a ladder while caulking a window on a residential structure.
FY 2011,11/20/10,11/12/10,"Forestry Services,, Unadilla, NY 13849",Worker was struck by a tree while cutting down an adjacent tree.
FY 2011,11/20/10,11/12/10,"Mountain States Contractors, LLC.,, Memphis TN 37501",Worker drowned after falling into a river when the guardrail system that the employee was tied to was struck by a hammer that fell from a crane bucket.
FY 2011,11/20/10,11/13/10,"Dunrite LLC,, West Caldwell, NJ 07006",Worker went through a skylight and fell approximately 40 feet to the floor.
FY 2011,11/20/10,11/13/10,"Tommy Faxon Excavation,, Chatham, NY 12037",Worker was struck and killed by a tree falling from a dump truck.
FY 2011,11/20/10,11/14/10,"Cal-Trans, Chico, CA 95973",Traffic control worker struck by drunk driver while working traffic patrol on the highway.
FY 2011,11/20/10,11/15/10,"John Charles Traverso dba Traverso Tree Service,, Concord, CA  94521",Worker died after being partially pulled into a wood chipper. Foot/ankle got caught in rope and pulled him in. Died from head injury when his head hit the gate on the chute. No contact with blades.
FY 2011,11/20/10,11/16/10,"Accent Stripe, Inc.,, Buffalo, NY 14210","While road painting, worker was killed when the vehicle he was working from was struck by a passing tank truck."
FY 2011,11/20/10,11/16/10,"Advocate Condell Medical Center,, Libertyville, IL 60048",Maintenance worker went into an area under construction for an unknown reason.  Lead-lined drywall fell onto the worker when he tried to move the cart it was on.
FY 2011,11/20/10,11/16/10,"Basic Energy Services,, Quitman, LA 71268","Worker was standing by at a well platform while circulation and cleaning was being performed in the well.  A tube rushed up and out of the well.  As everyone ran for cover, a portion of the tube struck the worker in the head and killed him."
FY 2011,11/20/10,11/16/10,"Daves Wrecker Service,, Houston, TX 77054","While letting a truck down from his wrecker, worker was caught and crushed between the two vehicles."
FY 2011,11/20/10,11/16/10,"McKinney Drilling Company, Inc.,, Kearneysville, WV 25213",Worker was operating a drilling rig.  He was crushed when the rig platform broke and fell on top of him.
FY 2011,11/20/10,11/16/10,"Star Transport, Inc.,, Temple, TX 76503",Potential carbon monoxide poisoning: worker was found dead in the sleeper berth of a locked tractor trailer.
FY 2011,11/20/10,11/17/10,"American Food Service, Santa Clara, CA 95051",Worker died of acute exposure to carbon monoxide while using a gas-powered pressure washer inside a freezer.
FY 2011,11/20/10,11/17/10,"Selsor Construction, Madera, CA 93637","Worker who was picking concrete boulders out of a hole, was run over by a frontend loader that backed up over him."
FY 2011,11/20/10,11/17/10,"TLC Exteriors, LLC.,, South Hadley, MA 01075","While erecting scaffolding, worker fell approximately 30 feet to the ground."
FY 2011,11/20/10,11/18/10,"Sebastian Soto Concrete,, Carrolton, TX 75052","Worker reached out of loader to retrieve tool while loader's bucket was elevated.  The bucket fell, struck the worker's head, and trapped the worker between it and the loader."
FY 2011,11/20/10,11/19/10,"Western States Fire Protection Co.,, Austin, TX 78713",Worker was painting pipe when he fell off an eight-foot ladder and fatally struck his head.
FY 2011,11/27/10,10/24/10,"Midwest Auto Transport Inc.,, Clyde, OH 43410","Wheel assembly exploded, fatally striking employee."
FY 2011,11/27/10,11/20/10,"American Fireworks Mfg Co. Inc.,, Utica, NY 13502",Worker was struck by fireworks during a fireworks show.
FY 2011,11/27/10,11/22/10,"Ledoux Control Systems,, New Orleans, LA 70112","Workers were pulling cable between two rooms.  Two workers found the third worker, who had been working alone, unconscious.  Worker was later pronounced dead at hospital."
FY 2011,11/27/10,11/22/10,"Wolf Creek Ski Lodge,, Pagosa Springs, CO 81147",Ski patrol employee was killed in an avalanche.
FY 2011,11/27/10,11/24/10,"Baxter Healthcare Corporation,, Cherry Hill, NJ 08003",The worker collapsed and died in the locker room.
FY 2011,11/27/10,11/24/10,"Melton Truck Lines,, Eau Claire, WI 54703",Truck driver picked up a load of insulation and began covering the load with tarp.  Driver was later found dead on top of the load and underneath the tarp.  Cause of death currently unknown.
FY 2011,11/27/10,11/27/10,"Patterson UTI Drilling Co., LLC, Rig 520,, Cotulla, TX 78014","While workers were rigging up a drill rig, the bottom came loose when the crew picked up the rig.  The bottom swung free and fatally struck an employee."
FY 2011,12/04/10,10/28/10,"Prestige Security Inc,, Coral Springs, FL 33065","The worker tripped on a median curb, fell backwards and struck his head on a car."
FY 2011,12/04/10,11/06/10,"Joe Leduff,, Owensboro, KY  42301",Worker was electrocuted while attempting to reposition an aluminum ladder.  The ladder created an arc from the overhead lines.  Second employee was hospitalized.
FY 2011,12/04/10,11/23/10,"Harsco Metals ARI, LLC,, Ghent, KY  41045","One worker was killed and 5 others injured, one critically, when the workers were removing a chain from a tire on a front-end loader and the tire exploded."
FY 2011,12/04/10,11/23/10,"Searcy Healthcare Center, LLC,, Searcy, AR  72143",Worker was hanging curtains and fell from a ladder.
FY 2011,12/04/10,11/23/10,"US Postal Service,, Petoskey, MI 49770","While delivering mail, worker lost consciousness and hit a parked car.  Cardiac arrest likely."
FY 2011,12/04/10,11/24/10,"Reed Construction,, Knoxville, TN  37914","Worker fell 12 feet from the edge of a roof while in the process of measuring and marking metal panels for installation. During the fall, the victim stuck both a stairwell and handrail."
FY 2011,12/04/10,11/24/10,"Roberts Bros., Inc.,, Shawboro, NC  27973",A worker servicing a vehicle was run over when a co-worker moved the vehicle.
FY 2011,12/04/10,11/25/10,"Stock Automotive Repair,, Lodi, CA  95242","Worker found on floor, after apparent fall from ladder; ladder may have been damaged."
FY 2011,12/04/10,11/26/10,"Chicago Police Department,, Chicago, IL  60601",A Chicago police officer was shot and killed while processing the scene of a burglary inside a garage.
FY 2011,12/04/10,11/28/10,"Kurk Haslow Farms,, Loyal, WI 54449","Worker was caught between a gate and a building, while herding cows into a barn for milking."
FY 2011,12/04/10,11/29/10,"J & D Rack,, Cincinnati, OH 45238",Worker was engaged in cleaning debris from a 60-inch storm sewer pipe and collapsed from health issues.
FY 2011,12/04/10,11/29/10,"Payne Transportation LP,, Shelby, OH 44875",Worker was struck by a semi-truck as he was walking across a parking lot.
FY 2011,12/04/10,11/29/10,"Trinity Marine Products Inc.,, Ashland City, TN  37015",Worker was crushed by a metal frame that fell and struck him.
FY 2011,12/04/10,11/30/10,"Advanced Imaging Technologies,, West Yarmouth , MA 02673",Worker fell from a 9-foot high unguarded mezzanine while working.
FY 2011,12/04/10,11/30/10,"Allocco Recycling LTD,, Brooklyn, NY 11237",Worker was found crushed between the conveyor belt and roller.
FY 2011,12/04/10,11/30/10,"Mille Lacs Band of Ojibwe,, Onamia, MN 56359","Worker was found unresponsive at his vehicle in a parking lot, outside the casino, where he worked; possible heart disease."
FY 2011,12/04/10,11/30/10,"Peconic Land Trust Inc,, Amagansett, NY 11930",Worker was crushed by a tractor.
FY 2011,12/04/10,12/01/10,"Burlington Northern Santa Fe,, Superior, WI 54880","Worker was working on an elevated catwalk of a material handling system, and was caught between the material chute and the framework of a  moving shuttle conveyor."
FY 2011,12/04/10,12/01/10,"Schindler Elevator Corporation,, Louisville, KY  42546",Worker was working alone on an elevator when he was trapped between an elevator car and a fixed ladder and was crushed.
FY 2011,12/04/10,12/02/10,"Faith Technologies,, Green Bay, WI 54307","A lift truck backed into a scissor lift that was being operated by two employees. The scissor lift tipped forward and fell to the ground. Both workers were taken to the hospital, where one worker died."
FY 2011,12/04/10,12/03/10,"C & C Construction & Floor Covering, Inc.,, Junction City, KS  66441",Worker was working on a new construction residence and fell from a ladder.
FY 2011,12/04/10,12/03/10,"Helping Hands Recycling,, Reedsburg, WI  53959","Worker was approaching a semi-trailer to open the trailer doors and was struck by a straight truck, pinning him against the semi-trailer."
FY 2011,12/04/10,12/03/10,"Putnam and Sons Trucking,, Towanda, PA  18848",Worker was struck by a vehicle.
FY 2011,12/04/10,12/04/10,"Pride Capitol LLC,, Philadelphia, PA 19137",Worker was installing new hinges on the doors of an electrical transformer and contacted an energized conductor inside.
FY 2011,12/11/10,11/19/10,"Rexnore Industries, Inc.,, Auburn, AL  36832","Worker was conducting repairs on a milling machine, which was not locked out.  The machine started, crushing the worker."
FY 2011,12/11/10,12/02/10,"LMS Intellibound, Inc.,, Dunn, NC 28334","Worker was operating a stand-up type, reach-rider, high-lift truck in reverse when he struck an empty wooden pallet positioned on the forks of an unmanned reach-rider truck.  The worker contacted the pallet with his upper chest and the force lifted him off the deck of the operator's position and crushed him against the vertical boom of the lift.  Worker was operating both forklifts in performance of his job."
FY 2011,12/11/10,12/02/10,"Professional Metal Roofs,, Huntsville, AL  35805",Worker was pulling the rubber roofing and fell 15 to 20 feet through a skylight.
FY 2011,12/11/10,12/02/10,"Sharps Mill Forest Products, Inc.,, Palmyra, TN 37142","Worker was felling trees in a tract with vines intertwined among the trees when one tree uprooted another, which struck and killed the worker."
FY 2011,12/11/10,12/02/10,"State Armory NYS Div Military & Naval Affairs, New York, NY 11433","Worker was putting a tarp on a leaky roof when he lost his footing, falling about 60 feet through a glass skylight."
FY 2011,12/11/10,12/03/10,"Air Control, LLC.,, Andalosia, AL  36421",Worker was installing heating and cooling equipment and fell from a ladder.
FY 2011,12/11/10,12/03/10,"Draeger Construction Inc.,, Concord, CA 95112",Worker died after receiving multiple bee stings while working outside an apartment building.
FY 2011,12/11/10,12/03/10,"G & M Metals, Inc.,, Wood Dale, IL  60191",Worker was inside a baler performing maintenance or troubleshooting and was crushed by the ram.
FY 2011,12/11/10,12/03/10,"Kramer Tree Specialists, Incorporated,, Chicago, IL 60804",Worker during felling operations of a wood communication pole was struck by the pole.
FY 2011,12/11/10,12/04/10,"Snelson Companies Inc.,, Green River, WY 82935","Worker was welding two pieces of pipe when one of the pieces shifted, striking and fatally injuring him."
FY 2011,12/11/10,12/05/10,"Independent (automotive repair),, Las Vegas, NV 89115","Worker was changing the left front tire of a semi truck with a trailer attached when the jack slipped, causing the truck to fall, crushing his head."
FY 2011,12/11/10,12/05/10,"Odyssey Contracting Corp.,, Sedgwick, ME  04676","Worker was dismantling an outrigger from a bridge, using a bucket truck, and fell 38 feet to the ground."
FY 2011,12/11/10,12/06/10,"South Texas Construction,, Laredo, TX  78501",Worker was performing decking work at a height of 30-35 feet above ground level and fell through the decking.
FY 2011,12/11/10,12/07/10,"Precision Pipeline,, Elko County, NV 89801","Worker was struck by pipe that was being lowered into an excavation by a side-boom pipe layer, causing him to fall into the excavation. The pipe, consisting of 10 sections of 80-foot pipe that were welded together, then fell on top of him."
FY 2011,12/11/10,12/07/10,"Priset Construction,, Wellsboro, PA  16901","Worker fell two and a half stories from a scaffold, striking his head on a pillar below."
FY 2011,12/11/10,12/09/10,"Gulf Stream Marine, Inc.,, Houston, TX  77015","Worker was conducting checker activities at the unloading area.  The driver pulled the tractor trailer forward, causing the worker to fall down under the path of the trailer wheels."
FY 2011,12/11/10,12/09/10,"Proctor & Associates, Inc.,, Richmond Hill, GA  31324",Worker was setting steel bar joists on a concrete-block wall and was knocked off the wall.
FY 2011,12/11/10,12/09/10,"Tyson Foods, Inc., Nashville Feed Mill,, Nashville, AR  71852",Worker was working at a grain bin.   The grain bin collapsed.
FY 2011,12/11/10,12/09/10,"West Penn Energy Services llc Inc.,, Sherocta, PA  15774",Worker was heating a valve on the rear of a water truck with a propane torch and an explosion occurred.
FY 2011,12/18/10,12/01/10,"Bob Davis Paint & Drywall, Inc.,, Galveston, TX 77554","Worker was operating an aerial lift to perform painting on a 4-story condominium, when he was pinned between the building and the control station in the elevated working platform.  His body pushed against the joystick that controlled the lift, causing it to push him even more against the building, which eventually caused his death. "
FY 2011,12/18/10,12/09/10,"S. Digregorio & Son, Inc.,, Silver Spring, MD 20910",Worker was found under an overhead door.
FY 2011,12/18/10,12/09/10,"Shawn Smith Contracting,, Everett, MA 02149",Worker fell from lower level while installing asphalt roof shingles.
FY 2011,12/18/10,12/10/10,"Highways Inc.,, Montery, TN 38574",Bulldozer operator was backing down a slope preparing for seeding. Bulldozer flipped over twice and worker was ejected after hitting his head on dash.
FY 2011,12/18/10,12/11/10,"Wayne Farms,, Decatur, AL 35602","Worker fell from a vertical staircase located in the locker room. She cut her lip and was taken to the medical room, where she later passed out in the chair. She was rushed to the emergency room, where she was pronounced dead."
FY 2011,12/18/10,12/13/10,"Bronco Drilling,, Edmond, OK 73019","The drilling rig crew was making a connection, when a worker threw a chain over his shoulder. The chain wrapped around the line going into the drum, and the worker was pulled into the draw works."
FY 2011,12/18/10,12/13/10,"Radi LLC,, Garyville, LA 70051","Worker fell into the Mississippi River under the barge he was working on. He was admitted to a hospital, where he later died."
FY 2011,12/18/10,12/14/10,"Eagle Insulation LLC.,, Westlake, LA  70669",Worker was stepping out of his vehicle and fell over onto the ground.
FY 2011,12/18/10,12/14/10,"Eclipse Construction Company,, Etters, PA 17319",A 15- to 20-foot trench collapsed on two workers who were inside helping to move storm drain pipes.
FY 2011,12/18/10,12/14/10,"Francisco Becerra,, Prosper, TX 75078","Worker suffered fatal injuries when he fell from a second floor area, which was not equipped with guardrails or fall protection, to the floor of the foyer below."
FY 2011,12/18/10,12/15/10,"S. Miller Excavating,, Attica, OH 44807",Owner of an excavating company performing forestry operations was killed after being struck by a falling branch.
FY 2011,12/18/10,12/16/10,"Marshall Durbin Food Corp,, Hattiesburg, MS 39401",Worker was picking up trash on the side of the access road and stepped in front of a truck.
FY 2011,12/18/10,12/16/10,"Osi Industries LLC,, Chicago, IL 60609",Worker was fatally injured while working on a grease recovery platform. Worker was attempting to use a boom pipe to fill a tanker truck with grease and collapsed on the platform.
FY 2011,12/25/10,12/12/10,"L.C. Halstead,, Jefferson, WV 25177","Worker was walking behind the company utility truck as it was backing up, and worker was struck by a truck."
FY 2011,12/25/10,12/16/10,"L Kenneth Hinkle & Son,, Quakertown, PA 18951",The worker was struck by a backing trash collection vehicle.
FY 2011,12/25/10,12/18/10,"T.W.A. Express LLC,, St. Louis, MO 63147",The worker was underneath his assigned truck possibly attempting to separate the tractor from its trailer. The trailer collapsed unexpectedly striking the worker in the head.
FY 2011,12/25/10,12/19/10,"All Catastrophe Construction Team,, Macon, GA 31238","Worker was standing on the concrete crusher when another employee operating a track hoe mistakenly hit the victim, causing him to fall to the ground."
FY 2011,12/25/10,12/20/10,"Asplundh Tree Expert Company,, Trenton, OH 45067",Worker was walking across a single train track trestle bridge and was struck by the train.
FY 2011,12/25/10,12/20/10,"Lewis Construction INC,, Chippewa Falls, WI 54729","Worker was pouring concrete into forms. The form system failed, crushing the worker."
FY 2011,12/25/10,12/20/10,"Pearl Harbor Naval Shipyard,, Pearl Harbor, HI 96860","Worker was a passenger on an electric motor cart, not wearing his seat belt, and was ejected from the vehicle when the driver lost control."
FY 2011,12/25/10,12/21/10,"George Jones Excavating LLC,, East Cape Girardeau, IL 62957",A section of concrete road collapsed; one worker died.
FY 2011,12/25/10,12/21/10,"M&C Lumber Co.,, Warfordsburg, PA 17267",Worker was struck by a falling tree.
FY 2011,12/25/10,12/21/10,"Sloan Implement Co. Inc,, Carlinville, IL 62626","Worker was loading a mobile sprayer onto a lowboy trailer. As the sprayer was driven on, it rolled off and the worker was crushed by a wheel of the sprayer. The trailer's outriggers were not out/set."
FY 2011,12/25/10,12/22/10,"Calpine Corporation,, Bethlehem, PA 18015",Worker was conducting overhaul work in a power plant when he fell 20 feet through a floor opening.
FY 2011,12/25/10,12/22/10,"Global Electric,, Austin, TX 78754",Worker was remodeling the first floor of a building and fell from a 6-foot ladder.
FY 2011,12/25/10,12/22/10,"Kanaflex Corporation of Illinois,, Vernon Hills, IL 60061",Worker fell 23 feet through a skylight on a roof.
FY 2011,12/25/10,12/22/10,"Quality Construction,, Boaz, AL 35957","Worker was working on the front of a bulldozer.  Another worker was backing up a backhoe to attach chains to the bulldozer, and did not see the first worker, who was then caught between the backhoe and bulldozer."
FY 2011,12/25/10,12/24/10,"Black Horse Carriers,, Batavia, IL 60510",Worker was run over by a 6-wheel spotter used to move trailers around the yard.
FY 2011,01/01/11,12/07/10,"Allen Jay Elementary School,, High Point, NC 27265",Worker died nearly a week after falling in a school parking lot and injuring her foot.
FY 2011,01/01/11,12/22/10,"Chicago Fire Department,, Chicago, IL 60601",Two firefighters died and 14 were hospitalized after a wall collapsed on them as they were extinguishing a fire in an abandoned warehouse.
FY 2011,01/01/11,12/23/10,"John Benward Company, Inc.,, East Sonoma, CA 95476",Worker was caught between a stationary skid steer and a dump truck moving in reverse.
FY 2011,01/01/11,12/28/10,"Amerigas,, Eagle River, WI 54521",Worker was delivering propane to a customer. The truck began to move and the worker was crushed between the truck and the building.
FY 2011,01/01/11,12/28/10,"Bontrager Excavating,, Massillon, OH 44646","While working in a 15 to 20 feet deep trench, the walls collapsed, burying two workers. One worker was rescued and hospitalized, but the other worker was buried completely and died."
FY 2011,01/01/11,12/28/10,"Champion Electrical Services,, Melbourne, FL 32934",Worker was installing recessed light fixtures and fell from an 8-foot ladder.
FY 2011,01/01/11,12/28/10,"KE & G Construction, Inc.,, Sierra Vista, AZ 85635",Worker in trench was struck after a manhole section broke free of a lifting device and fell 15 feet back into the trench.
FY 2011,01/01/11,12/29/10,"Honey Creek Disposal Services,, Lawrence, KS 66044",Worker was run over by a refuse truck.
FY 2011,01/01/11,12/29/10,"JC Tree & Lawn Service,, Whitehall, PA 19052",Worker was conducting tree trimming work and fell 25 feet.
FY 2011,01/01/11,12/29/10,"L & W Demolition,, Harrisburg, PA 17111","Worker was assisting a dump truck driver by opening the tailgate of the truck, when he fell approximately 80 feet into a quarry filled with water."
FY 2011,01/01/11,12/30/10,"Primus Natural Stone,, Romeoville, IL 60466",Worker was crushed under a large piece of stone.
FY 2011,01/01/11,12/30/10,"Spohn's Disposal Service INC.,, Mohawk, NY 13407","Worker parked his truck on the side of the road and got out of the truck. The truck was hit from behind by another truck, which struck the worker."
FY 2011,01/08/11,10/14/09,"Maderera Donestevez Inc.,, Carolina, PR 00979",Worker was dispatching merchandise in a warehouse and was pinned by a forklift.
FY 2011,01/08/11,11/29/10,"Kevin Leary,, Duxbury, MA 02332",Worker was constructing a scaffold and fell 19 feet to the ground below.
FY 2011,01/08/11,12/22/10,"Walker Logging, LLC.,, Sarepta, LA 71071","Worker was operating a delimber machine with two logs in the grapple tray. Worker was pulling the logs through to the cutting knives on the delimber when a log flew up in the air, striking the worker."
FY 2011,01/08/11,12/28/10,"Champion Electrical Services,, Melbourne, FL 32934",Worker was installing recessed light fixtures and fell from an 8-foot ladder.
FY 2011,01/08/11,12/29/10,"Flagship Carwash Center,, Rockville, MD 20850",One worker was killed and two were injured when they were struck by a car that suddenly accelerated as it was being driven out of an exit driveway.
FY 2011,01/08/11,12/29/10,"Honey Creek Disposal Services,, Lawrence, KS 66044",Worker was run over by a refuse truck.
FY 2011,01/08/11,12/30/10,"Mainstay Business Systems Geriatric Home Care Specialists,, Palo Alto, CA 94304",In-home healthcare worker was hit by a bus.
FY 2011,01/08/11,12/31/10,"Contreras Brothers Trucking,, Dade City, FL 33525","Worker was in the process of adjusting the brakes on a flatbed trailer. The mechanic had not checked the wheels before working on the brakes. When the trailer was released from the tractor, it rolled over the worker causing fatal injuries."
FY 2011,01/08/11,12/31/10,"Kykenkee, Inc.,, Vance, AL 35490",Worker was struck by a log that fell from a conveyor.
FY 2011,01/08/11,01/04/11,"ADT Security Services,, Oakdale, PA 15071","Worker was positioned on a portable extension ladder, installing wire. The ladder slipped and the worker fell 14 to 15 feet, striking the concrete floor."
FY 2011,01/08/11,01/04/11,"Harding University,, Searcy, AR 72149",Worker was installing curbing for an HVAC unit and fell about 13 feet to the concrete floor below.
FY 2011,01/08/11,01/04/11,"J.D. Eckman,, Allentown, PA 18102","Worker was operating a jackhammer in a trench when a section of masonry material displaced, fatally pinning him while injuring and entrapping one other employee."
FY 2011,01/08/11,01/04/11,"Mikrut Properties,, Winona, MN 55987",Worker performing demolition was crushed by a partially collapsed wall.
FY 2011,01/08/11,01/04/11,"Unit Drilling Company,, Boulder, WY 82923","Worker was struck and burned when a valve on a standpipe came loose during pressurized drilling, and the mud ignited after coming in contact with a damaged halogen light fixture."
FY 2011,01/08/11,01/05/11,"Jade Ramey Construction LLC.,, Winston-Salem, NC 27106",Worker was fatally injured while working on an air release valve for a 36-foot raw water supply pipe inside a manhole.
FY 2011,01/08/11,01/05/11,"Kinematics Research,, Oakland, TN 38060",Worker killed from flash fire after ignition of gunpowder.
FY 2011,01/08/11,01/06/11,"KM Plant Services,, Peoria, IL 61607","Workers was assigned to wash down the coal house at the power plant and was found on the floor, nonresponsive."
FY 2011,01/08/11,01/10/11,"Chung Hing Inc.,, Elmhurst, NY 11373",Worker was crushed by a collapsed exterior wall.
FY 2011,01/08/11,12/27/11,"Ampam Parks Mechanical,, Santa Monica, CA 90401",Worker fell 14 feet through plywood from second floor when shoring was removed from form.
FY 2011,01/15/11,11/01/10,"Carlos Yard Service Inc.,, Gresham, OR 97080",Worker's vehicle left the road and rolled down an embankment.
FY 2011,01/15/11,12/10/10,"Capri Restaurant & Pizza,, Rockford, IL 61104",Worker slipped and fell injuring her ankle that aggravated a pre-existing condition of varicose veins in her leg.
FY 2011,01/15/11,12/12/10,"Glenn Hepfner, Inc.,, Hartford, WI 53027",Worker was walking across the parking lot and was struck by a truck.
FY 2011,01/15/11,12/19/10,"United Crane and Rigging,, Ft. Meade, MD 20755",Worker was removing packing material from a large battery supply unit using an all-terrain fork truck and the unit fell on the worker.
FY 2011,01/15/11,12/24/10,"Lincoln Manufacturing Inc.,, Magnolia, TX 77354",Worker was operating a pipe threading machine when he stepped into a scrap metal dumpster and hit his left upper leg against the edge of the dumpster.
FY 2011,01/15/11,01/05/11,"City of Rainier,, Rainier, OR 97048",Police Chief shot and killed while attempting to apprehend someone breaking into a car.
FY 2011,01/15/11,01/07/11,"Universal Laundry and Linen,, Las Vegas, NV 89101","Worker was discovered lying on the ground and unresponsive. Cause of death was determined to be cardiac arrest, but the worker exhibited signs of electrical burns. "
FY 2011,01/15/11,01/08/11,"Cyclone Drilling,, Williston, ND 58801",Worker was found at the bottom of the steps leading up to the rig platform.
FY 2011,01/15/11,01/09/11,"Mcjunkin Red Man Corporation,, St. Louis, MO 63111",Worker was found in a fire.
FY 2011,01/15/11,01/10/11,"Polar Service Center,, St. Gabriel, LA 70776",Worker climbed into a tank truck to repair an internal valve and collapsed.
FY 2011,01/15/11,01/11/11,"Lunar Steel LLC,, East Brunswick, NJ 08816",Worker fell 21 feet from a steel beam.
FY 2011,01/15/11,01/11/11,"Slack's Inc.,, Lodi, WI 53555",Worker was loading antiques onto a pallet and fell through a floor opening.
FY 2011,01/15/11,01/12/11,"AEE Palo Seco,, Toa Baja, PR 00949",Worker performing maintenance was suctioned by a pressure vessel that was part of a furnace system.
FY 2011,01/15/11,01/12/11,"Bulk Transportation,, City of Industry, CA  91748",Worker descending tractor trailer ladder fell to ground.
FY 2011,01/15/11,01/12/11,"Coppa's Service Center & Towing,, North Brunswick, NJ 08902",Worker was caught between the flatbed and the cab of a wrecker.
FY 2011,01/15/11,01/12/11,"Homeowner (not named),, Los Angeles, CA 90210","Worker, hired by homeowner, fell 10 feet from a scaffold, landing on head."
FY 2011,01/22/11,10/19/10,"Ghent Vol. Fire Department,, Ghent, NY 12075",Worker sustained fatal injuries in an automobile collision with power pole.
FY 2011,01/22/11,12/14/10,"Griffin Concrete Masonry and Carpentry,, Edenton, NC 27932","Worker on a residential construction site fell 12 feet from a roof, landing on his head."
FY 2011,01/22/11,12/15/10,"Bellevue Community Schools,, Bellevue, IA 52031",Worker slipped on ice and hit head on a building.
FY 2011,01/22/11,01/06/11,"Newell Recycling of Atlanta Inc.,, East Point, GA 30364",Worker was operating a front-end loader removing scrap metal when a spark caused an ignition of gasoline.  The fire engulfed and burned the loader with the worker trapped inside.
FY 2011,01/22/11,01/09/11,"Howard Industries Inc.,, Ellisville, MS  39437","Worker was electrocuted while performing tests on voltage up to 14,440 volts at a transformer testing station."
FY 2011,01/22/11,01/10/11,"J & J Ag Products Inc.,, Clewiston, FL  33440",Worker was electrocuted while spraying a broccoli field when he raised the tractor's spray boom and hit an overhead power line.
FY 2011,01/22/11,01/14/11,"Kerry Inc.,, St. Louis, MO  63122",Worker was trapped between two scissors lifts.
FY 2011,01/22/11,01/14/11,"Knoxville Zoological Gardens,, Knoxville, TN 37914",Worker (elephant keeper) was struck by the head and trunk of an elephant while giving the animal a treat.
FY 2011,01/22/11,01/14/11,"Myrick Marine Contracting Corporation,, Savannah, GA  31421",Worker was struck by an excavator.
FY 2011,01/22/11,01/14/11,"Patterson UTI Drilling Co, LLC.,, Shunk, PA  17768",Worker was hit by a mud pipe at a drilling site.
FY 2011,01/22/11,01/14/11,"Shine and Company Inc.,, Trenton, FL  32693","Worker was working from a 10-foot portable ladder installing HVAC duct piping.  Worker fell from the ladder, striking his head on the concrete slab surface."
FY 2011,01/22/11,01/15/11,"DeVere Construction Co.,, Louisburg, NC 27549",Worker partially in manhole was struck by a swinging excavator bucket and fell into the manhole.
FY 2011,01/22/11,01/15/11,"M & M Farms of Bude Inc.,, Vicksburg, MS  39180",Worker was struck from behind by a falling tree.
FY 2011,01/22/11,01/17/11,"Best Auto Inc.,, Arnold, MO  63010","Worker was inflating a tire when the wheel rim suffered a catastrophic failure, and forced the worker into an adjacent vehicle."
FY 2011,01/22/11,01/17/11,"Wisconsin Plastic Drain Tile Corp.,, Jesup, IA 50648",Worker became pinned between a semi-truck and forklift while trying to get the semi-truck unstuck from snow.
FY 2011,01/22/11,01/18/11,"Zampell Refractories,, Chester, PA  19013",Worker was found collapsed on the floor.
FY 2011,01/22/11,01/19/11,"Chuck Radney Company,, Houston, TX  77015",Worker was in the process of conducting roofing operation on a canopy under construction and fell off the roof.
FY 2011,01/22/11,01/19/11,"Forrest Management Associates Inc.,, Oxford, PA  19363",Worker was cutting trees.  The tree he cut fell and pinned him against another tree.
FY 2011,01/22/11,01/19/11,"Hammer Construction,, Fort Worth, TX  76135",Worker was operating a water truck and was backing up over a bump.  The dirt gave way causing the truck to roll over.
FY 2011,01/22/11,01/19/11,"Key Energy Services,, Boyd, TX  76023",Worker was checking drilling collars to determine which ones were defective and was crushed by two drilling collars that had rolled off the stack.
FY 2011,01/22/11,01/19/11,"Rice Logging Inc.,, Dallas, OR 97338",Worker drove a log loader off a bridge and drowned in the creek/river below.
FY 2011,01/22/11,01/21/11,"Baxter Healthcare Corporation,, Los Angeles, CA 90039","One worker was killed and two injured when they were overcome by fumes; two were cleaning a tank, the third attempted rescue."
FY 2011,01/22/11,01/24/11,"Tortilleria Chinantla,, Brooklyn, NY  11211",Worker was caught in the auger of a dough mixing machine.
FY 2011,01/29/11,01/11/11,"Southern Gulf Citrus Inc.,, Punta Gorda, FL  33982",Worker was picking oranges and was run over by a vehicle that was backing up.
FY 2011,01/29/11,01/13/11,"Blackwater Divers Inc.,, Orlando, FL  32832",Worker was cleaning out a pipe in a 10-foot deep lake.  He was exiting the water and fell over.
FY 2011,01/29/11,01/17/11,"Burkshire Construction Company,, Highland Heights, OH  44122",Worker was operating an articulating boom lift and was re-positioning the aerial lift when his head got caught between the safety railing and a concrete beam.
FY 2011,01/29/11,01/17/11,"Precision Concrete Steel & Manufacturing LLC.,, Claxton, GA  30417",Worker was working on a flat metal roof and fell through a flush-mounted translucent skylight panel to the lower concrete surface.
FY 2011,01/29/11,01/20/11,"Acme Markets,, Newark, DE 19702",Worker was operating a forklift to load truck trailers at a loading dock and was found slumped over the side of the forklift.
FY 2011,01/29/11,01/20/11,"Flintstone Paver Installations LLC.,, Buford, GA  30518",Worker was using a 5-gallon tote of gasoline to prepare to burn wooden pallets and was smoking.  Part of the smoking apparatus sparked onto the gasoline igniting an instantaneous flash fire.
FY 2011,01/29/11,01/20/11,"North Suffolk Mental Health Association, Revere, MA  02151, Certified Testing Services Inc.,",Worker employed at a community-based group home was attacked by a resident.
FY 2011,01/29/11,01/21/11,"Certified Testing Services Inc.,, Orange City, IA 51041",Worker drilling a test hole became entangled in a boring bit on the drilling machine.
FY 2011,01/29/11,01/22/11,"Chicago Streets and Sanitation Department,, Chicago, IL 60608",City worker enforcing street parking for snow removal was struck by a stolen car.
FY 2011,01/29/11,01/22/11,"Steve Draper LLC.,, Jacksonville, FL  32220","Worker was operating a 225-ton crane as part of the demolition process of a old port container crane.  He was lifting a section of the old crane and the crane overturned, crushing the worker underneath the cab of the crane."
FY 2011,01/29/11,01/22/11,"Unit Drilling Corp.,, Oklahoma City, OK  73179",Worker was struck by a mousehole pipe that was being lifted from the rig floor with an air hoist.
FY 2011,01/29/11,01/23/11,"P & B Liquor,, Long Beach, CA 90802",Worker was shot and killed during a possible robbery attempt of a liquor store.
FY 2011,01/29/11,01/24/11,"Advantage Powder Coating Inc.,, Defiance, OH  43512",Worker was struck by pieces of a grinding wheel after the 14-inch wheel exploded.
FY 2011,01/29/11,01/24/11,"Southern Electric Corp. of Mississippi,, Lewisville, TX  75029",Worker was on the ground operating a boom and was electrocuted.
FY 2011,01/29/11,01/25/11,"Britton Bridge,, Knoxville, TN 37917",Worker unloading cylinders from a backhoe onto a truck was caught between the backhoe's bucket and the truck.
FY 2011,01/29/11,01/25/11,"Duffy Inc.,, Smethport, PA  16749",Worker was found caught between a loader bucket and a dumpster.
FY 2011,01/29/11,01/27/11,"Forklift of Toledo,, Toledo, OH  43607",Worker was found at desk with a gunshot wound.
FY 2011,01/29/11,01/27/11,"Jesus De Nova Santa Maria,, Austin, TX  78745",Worker was in a makeshift wooden scaffold box atop the forks of a forklift applying caulk to the outside of an apartment complex at a height of over 20 feet and fell to the ground.
FY 2011,02/05/11,12/11/10,"Tractor Supply Company,, Brentwood, TN 37027",Worker carrying out trash fell off loading dock and hit head.
FY 2011,02/05/11,01/01/11,"Top Flyte Security,, Portland, OR 97204",Worker (security guard) was shot to death in the street outside a nightclub.
FY 2011,02/05/11,01/22/11,"Falcon Landscaping, LLC,, Honolulu, HI 96817",Worker trimming a tree fell when rotted limb gave way.
FY 2011,02/05/11,01/23/11,"Vino Farms,, Santa Rosa, CA 95401",Worker was run over by tractor.
FY 2011,02/05/11,01/26/11,"First Student Inc.,, Center Moriches, NY  11934",Worker was crossing the parking lot and was struck by a snowplow.
FY 2011,02/05/11,01/28/11,"Advanced Roofing Inc.,, Hobe Sound, FL  33455",Worker was replacing the wood block under a trailer hitch when the trailer fell onto the worker.
FY 2011,02/05/11,01/28/11,"Dewitt Excavating,, Clermont, FL  32711",Worker was crushed while clearing a jam in a machine used for mixing soil and cement.
FY 2011,02/05/11,01/28/11,"Eduardo Flores Acosta dba Tron Masonry & Stucco,, Katy, TX 77454",Worker was on the second level of a scaffold when he lost his balance and fell 13 feet to the ground.
FY 2011,02/05/11,01/28/11,"Metro Express, Inc.,, Ontario, CA 91764",Worker was found unresponsive in a vehicle carrying dry ice with the engine running. Possible asphyxiation.
FY 2011,02/05/11,01/29/11,"Emerson Network Power Connectivity Solutions, Waseca, MN 56093",Worker hit head on the overhead protection on a forklift.
FY 2011,02/05/11,01/29/11,"Lowell Transitional Living Center Inc.,, Lowell, MA  01852",Worker was murdered by a client.
FY 2011,02/05/11,01/30/11,"C-D McMullin Trucking LLC, Myton, UT 84052",Worker struck in head by counterweights of a pump jack.
FY 2011,02/05/11,01/31/11,"Hoeganaes Corporation,, Gallatin, TN 37066",One worker killed and one injured by a flash fire from combustible iron dust while working on a conveyor elevator that was moving the iron powder.
FY 2011,02/05/11,01/31/11,"Klink Electric,, Lawrence, PA  15055","Worker was inside a parts basket lifted up by a forklift.  The worker leaned over and the basket tipped over, falling off the forks and 20 feet to the concrete floor."
FY 2011,02/05/11,01/31/11,"Regal Plumbing Corp.,, Brooklyn, NY  11208",Worker was removing existing piping during a remodeling job and fell from a stepladder.
FY 2011,02/05/11,01/31/11,"Village of Western Springs,, Western Springs, IL 60558",Worker fell off water tower.
FY 2011,02/05/11,02/01/11,"Arcelor Mittal LaPlace,, LaPlace, LA  70068",Worker was disconnecting a hose from an air gun attached to a ladle filled with molten steel when the worker was splashed with the molten steel.
FY 2011,02/05/11,02/01/11,"O'Connor Corporation,, Everett, MA  02149",Worker had walked up several flights of stairs and complained that he was not feeling well.  Worker bent over some scaffolding parts and collapsed.
FY 2011,02/05/11,02/02/11,"Adamson's Inc.,, Picabo, ID  83348",Fuel truck with trailer was off-loading fuel when it exploded.
FY 2011,02/05/11,02/02/11,"Magnum Minerals LLC.,, Hereford, TX  79045",Worker was loading a truck with salt from a silo when the silo collapsed.  Worker was struck by the falling debris.
FY 2011,02/05/11,02/02/11,"Placerville Union School District,, Placerville, CA 95667",Worker was shot in office.
FY 2011,02/05/11,02/03/11,"18 Karat Inc.,, Cameron, WV  26033",Worker was operating a bulldozer pulling a water truck up a hill. The bulldozer drifted back and pinned the worker against the water truck.
FY 2011,02/05/11,02/03/11,"Milark Industries Inc.,, Mansfield, OH  44903",Worker was attempting to free a forklift stuck in the snow and was kneeling between two forklifts.  Another worker moved the second forklift closer to connect a chain when the worker was pinned.
FY 2011,02/05/11,02/03/11,"Romero's Construction,, Edison, NJ  08818",Worker was working from a scissor lift and fell 16 feet to the floor.
FY 2011,02/05/11,02/08/11,"Cross-County Contracting Inc.,, New York, NY 10014","Two workers fell off an I-beam down an elevator shaft, 56 feet to the third floor."
FY 2011,02/12/11,11/06/10,"International Marine Terminal,, Port Sulphur, LA 70083",Worker was on a barge when he dropped to his knees and told a coworker he wasn't feeling good.
FY 2011,02/12/11,02/01/11,"Creative Multicare Inc.,, Clarkston, GA 30021",Worker was resurfacing a bathtub in an apartment building and was found on the floor.
FY 2011,02/12/11,02/03/11,"Kaufman Enterprises Inc.,, Williamsburg, IA 52361",Worker cutting down tree was crushed as tree fell to ground.
FY 2011,02/12/11,02/04/11,"AT&T, Starke,, FL 32091",Worker was struck by a vehicle at the work site.
FY 2011,02/12/11,02/04/11,"Caribe General Constructors,, Mayaguez, PR 00680",Worker fell while removing an extension cord tied to a window railing on the third floor.
FY 2011,02/12/11,02/05/11,"CCAPS, LLC DBA ServiceMaster,, Belmont, MA 02578",Worker was electrocuted when cleaning a wet carpet and moving an old lamp.
FY 2011,02/12/11,02/06/11,"Supervalu Inc.,, Hazelwood, MO 63042","Worker was driving a stand-up forklift with forks trailing. The forklift struck a full pallet and the worker was thrown from the forklift, landing on a metal railing."
FY 2011,02/12/11,02/07/11,"Ace in the Hole Towing,, El Dorado, CA 95678",Worker was hit by a tractor trailer rig while hooking vehicle for towing.
FY 2011,02/12/11,02/07/11,"B & B Lumber Co. Inc.,, Jamesville, NY 13078",Worker was caught in a saw.
FY 2011,02/12/11,02/07/11,"Enterprise Products dba Enterprise Transportation,, Freeport, TX 77541",Worker was washing a chemical tanker truck that contained polyurethane foam and was found unresponsive inside the tank.
FY 2011,02/12/11,02/07/11,"Power Zone Equipment,, Center, CO 81125","Worker's clothing was caught on a shaft attached to a motor, which pulled his body into the rotating equipment."
FY 2011,02/12/11,02/07/11,"Trinidad Drilling,, Garden City, TX 79739",Worker checking a motor that pumps water out of a cellar was found unresponsive.
FY 2011,02/12/11,02/08/11,"Chicago Decking & Steel,, Glenview, IL 60026",Worker was struck by a steel beam that was being erected as part of a canopy on the exterior of a hospital addition.
FY 2011,02/12/11,02/08/11,"Dubuque Community School District,, Dubuque, IA 52001",A worker was run over by a vehicle driven by another worker attempting to perform a three-point turn and in reverse at the time of the accident.
FY 2011,02/12/11,02/08/11,"Elevator Dynamic,, Santa Monica, CA 90401",Worker fell into an elevator shaft.
FY 2011,02/12/11,02/08/11,"Green 46 Recycling, LLC,, Rochester, WI 53167",Worker's hood was caught in a piece of equipment used to recycle asphalt shingles and the worker was asphyxiated.
FY 2011,02/12/11,02/08/11,"Rod and Staff Publishers,, Crockett, KY 41413",Worker slipped and hit head in the parking lot arriving at work.
FY 2011,02/12/11,02/08/11,"Two-Brothers Enterprises Inc.,, Cumming, GA 30041",Worker installing a sewer line was trapped inside a trench when the trench collapsed.
FY 2011,02/12/11,02/11/11,"Ameron International,, Rancho Cucamunga, CA 94739",A worker was crushed when a concrete pipe became displaced and struck the worker.
FY 2011,02/12/11,02/11/11,"Setton Pistachio,, Terra Bella, CA 93270",Worker was caught in an auger.
FY 2011,02/19/11,11/09/10,"AA Seamless Gutters,, Midlothian, TX 76065",Worker was working from a roof installing gutters and fell 12-14 feet to the ground below.
FY 2011,02/19/11,01/15/11,"SAR Transportation,, Chico, TX 76431",Worker was raising the bed of a dump truck when it hit an overhead power line. Worker got out of the truck to release the tailgate and was electrocuted.
FY 2011,02/19/11,01/28/11,"Eastern NY Correctional,, Napanoch, NY 12458",Correctional officer in a state prison van was killed when it collided with a private vehicle.
FY 2011,02/19/11,01/31/11,"Liberty Building Services,, Beverly Hills, CA 90211",Worker tripped in an office and fell.
FY 2011,02/19/11,02/01/11,"Staff Management,, Elizabethtown, PA 17022","Worker was walking from the facility to vehicle in the parking lot and slipped, falling on ice."
FY 2011,02/19/11,02/02/11,"SST Energy Corporation,, Douglas, WY 82633",Worker fell 50 to 70 feet when a climbing-assist device failed while descending a derrick ladder.
FY 2011,02/19/11,02/03/11,"Alvan Construction Inc.,, Brielle, NJ 08730",Worker fell from a roof.
FY 2011,02/19/11,02/05/11,"Nassau Co PD Hwy Patrol, Bellmore, NY 11710",Police officer was pushed under a box truck after vehicle was struck by a truck that crossed striped lanes.
FY 2011,02/19/11,02/08/11,"Pneumatic and Hydraulic Company, LLC,, Houston, TX 77095",Worker was replacing a 120 psi pneumatic hose for a compressor system and was struck by the pressurized equipment.
FY 2011,02/19/11,02/10/11,"RM Beverage Delaware LLC,, Portland, OR 97217",Worker struck on head by products when a storage rack collapsed.
FY 2011,02/19/11,02/11/11,"Bland Farms, LLC,, Cato, NY 13033",Worker was on a roof shoveling snow and fell through a skylight.
FY 2011,02/19/11,02/11/11,"Darnell Belt dba D Bell Tree Service,, Centreville, IL 62003",Worker was conducting tree trimming operations when struck on his head by a 6-inch diameter branch.
FY 2011,02/19/11,02/12/11,"Erie Coke Corporation,, Erie, PA 16512",Worker had stepped around the corner of a building and directly into the path of a frontend loader.
FY 2011,02/19/11,02/13/11,"Midstate Manufacturing Company,, Galesburg, IL  61401",Worker doing maintenance in a wet paint booth stepped off a catwalk and fell 20 feet through the ceiling and struck his head on a fixture below.
FY 2011,02/19/11,02/14/11,"Eastern Wood Products Company,, Williamsport, PA  17701",Worker feeding scrap wood into an auger for transport to a primary grinder was entangled in the auger.
FY 2011,02/19/11,02/15/11,"California Highway Patrol,, Garberville, CA 95542",Police officer was struck in a head-on collison.
FY 2011,02/19/11,02/15/11,"Mayberry Machinery Movers Inc.,, Moorestown, NJ  08057",Worker was crushed by a trailer's falling undercarriage.
FY 2011,02/19/11,02/15/11,"Norfolk Iron & Metal Co.,, Norfolk, NE  68701","Worker was walking near racks which contained metal trays.  A forklift struck one of the trays and the tray moved laterally, striking the worker."
FY 2011,02/19/11,02/16/11,"An Hua Laundry Service Inc.,, Jamaica, NY  11433",Worker was asphyxiated after her scarf was caught on the rollers of an iron/press machine.
FY 2011,02/19/11,02/16/11,"Delgado Construction,, Houston, TX  77055",Worker was performing stucco activities from a scaffold platform 14 feet above ground.  Worker fell through an opening between the house and the scaffold as he was reaching to take measurements.
FY 2011,02/19/11,02/16/11,"H.L.S. Fire & Safety,, Delcambre, LA  70528","Worker was swinging from a boat to a work platform and fell into the water, drowning."
FY 2011,02/19/11,02/16/11,"Superior Environmental Solution, Inc.,, Canton, OH  44704",Worker was pinned between a hatch door and the opening framework at the rear end of an industrial vacuum truck.
FY 2011,02/19/11,02/17/11,"Garden City Park FD Hdqtrs,, Garden City Park, NY 11040",Firefighter slipped on ice and struck head
FY 2011,02/19/11,02/17/11,"Joseph M. Sanzari Inc.,, Clifton, NJ  07012",Worker was struck by a motor vehicle.
FY 2011,02/26/11,01/10/11,"Alexander's Ag Flying Service,, Bethel Island, CA 94511",Worker flying a plane crashed after the wing clipped a tower.
FY 2011,02/26/11,02/04/11,"Fisher Barton South Carolina Inc.,, Fountain Inn, SC 29644",Worker fell while placing salt in a tank being prepared for production.
FY 2011,02/26/11,02/08/11,"Enterprise Products Operating LLP,, Mont Belvieu, TX 77580",Worker was blinding flanges on a piping manifold when a fire started. The worker was unaccounted for.
FY 2011,02/26/11,02/09/11,"Gra-Kat Environmental Services,, Walton, KY 41094",Worker was struck by a vehicle while cleaning up an accident site involving an overturned trailer.
FY 2011,02/26/11,02/11/11,"HB Performance Systems Inc.,, Mequon, WI 53092","Worker leaned over to see if a drip pan was full and he fell over, hitting the back of his head."
FY 2011,02/26/11,02/17/11,"Eldridge & Son Farm Equipment,, Morehead, KY 40351",Worker was pinned between vehicle and dump truck while unloading material.
FY 2011,02/26/11,02/17/11,"Purity Plus Water Systems,, Rockford, IL 61109",Worker was struck by a truck.
FY 2011,02/26/11,02/18/11,"Fallon Logging Co. Inc.,, Tillamook, OR 97141",Worker cutting down a tree was struck by the top of another tree that fell to the ground.
FY 2011,02/26/11,02/20/11,"Amf Bowling Centers Inc.,, 300 Dallas, Store 571, Addison, TX 75001",Worker was releasing a jam from a bowling pinsetter machine when the worker was caught by an elevator wheel.
FY 2011,02/26/11,02/20/11,"Davis Specialties Services,, Okeechobee, FL 34972",Worker was installing an antenna on a newly erected 300-foot tower and fell 110 feet from the tower.
FY 2011,02/26/11,02/21/11,"Helmerich & Payne International Drilling Co.,, Midland, TX 79701",Worker was in the process of removing a stabilizer when a piece of equipment was moved or dislodged by a forklift and the piece struck and caught the worker.
FY 2011,02/26/11,02/23/11,"Austin Industrial Services, LP.,, Deer Park, TX 77536",Worker entered a railcar previously containing olefin sulfide and was overcome by hydrogen sulfide.
FY 2011,02/26/11,02/23/11,"Davey Tree Expert Company,, Du Bois, PA 15801",Worker was clearing trees and was struck on the head by a section of a falling tree.
FY 2011,02/26/11,02/23/11,"Rogers Logging Company Inc.,, Magnolia, AR 71753",Worker was approaching a fallen tree to cut off its top while another worker was cutting another tree when a piece broke off and hit the first worker.
FY 2011,02/26/11,02/24/11,"Randy's Window and Carpet Cleaning,, Marina Del Rey, CA 90292",Worker fell 40 feet from the roof of an apartment complex.
FY 2011,02/26/11,02/24/11,"Stronghold Engineering,, Riverside, CA 92507",Worker was electrocuted while working on an electrical panel.
FY 2011,02/26/11,02/25/11,"Metropolitan Water Reclamation Dist.,, Hanover Park, IL 60133",Worker fell 12 feet over a railing after losing control of a Bobcat.
FY 2011,03/05/11,08/31/10,"DMR Company,, Winston-Salem, NC 27101",Worker fell from a ladder while painting a house.
FY 2011,03/05/11,12/04/10,"Aloun Farm, Inc.,, Waipahu, HI 96797",Worker was struck by truck operating in reverse.
FY 2011,03/05/11,02/12/11,"Advanced Tree Service,, Springfield, MA 01103","Worker was dumping a wheelbarrow containing snow over the edge of a flat roof, lost control and fell 15 feet."
FY 2011,03/05/11,02/16/11,"The Cliffs Resort,, Graford, TX 76449",Worker was checking water lines from the shore to the marina and was found in the water by the shore.
FY 2011,03/05/11,02/19/11,"L & J Company,, Aurora, CO 80018",Worker was delivering a load of waste roofing material and he was under the dump truck to engage a hydraulic control lever when his jacket got caught in a rotating power take-off.
FY 2011,03/05/11,02/21/11,"Master Fleet, LLC,, Green Bay, WI 54304","Worker slipped and fell on ice in the parking lot, hitting his head on the ground."
FY 2011,03/05/11,02/23/11,"Coast Career Institute,, Los Angeles, CA 90015",Worker was shot by student during a training session.
FY 2011,03/05/11,02/25/11,"Ceres Gulf Inc.,, New Orleans, LA 70115",Worker was removing a tire from a container handler on a marine dock when the tire blew off its rim.
FY 2011,03/05/11,02/25/11,"Charlotte-Mecklenberg Police Department,, Mint Hill, NC 28227",Worker (SWAT Team Member) working with tactical distraction device (flash bang device) when it activated.
FY 2011,03/05/11,02/28/11,"Brookshire Brothers Ltd.,, Lufkin, TX 75904",Worker was salvaging parts from a mechanical dock leveler. A forklift was raising the dock leveler when it slipped and crushed the worker.
FY 2011,03/05/11,02/28/11,"Central Valley Meat,, Hanford, CA 93230","Worker struck by paddle of meat blender after sanitizing it, and blender wasn't locked out."
FY 2011,03/05/11,02/28/11,"City of White House,, White House, TN 37188",Worker fell into rushing water and got trapped in culvert while clearing debris from a drain.
FY 2011,03/05/11,03/02/11,"Alberto Roman Garcia,, Santa Ana, CA 92701",Worker was crushed by a falling object.
FY 2011,03/05/11,03/02/11,"Patrick Michael Group,, Lake Village, AR 71653",Two workers were in a manlift rigging a steel member hoisted by a crane when the boom collapsed and struck the manlift. Both workers fell 30 feet.
FY 2011,03/05/11,03/02/11,"R & L Carriers,, Birmingham, AL 35217",Worker was crushed between a truck and a loading dock.
FY 2011,03/05/11,03/03/11,"Quick Pak Inc.,, Sharonville, OH 45246",Worker was found after falling 30 feet from an elevated lift.
FY 2011,03/05/11,03/08/11,"Boudier Brothers Construction Group, Inc.,, Violet, LA 70092",Worker doing masonry to cover an opening between a house wall and its foundation was electrocuted when worker came in contact with a set of cables.
FY 2011,03/12/11,03/04/11,"Sauced on Paseo, LLC,, Oklahoma City, OK 73103","Worker was using an electric material hoist to move beer to a lower level when the overloaded hoist failed and struck the worker, coming to rest 8 feet below."
FY 2011,03/12/11,03/05/11,"Manson Mowat a Joint Venture,, Bremerton, WA 98310",Worker was operating a hoist on a spud barge when a piece of the winch came loose and struck him on the head.
FY 2011,03/12/11,03/08/11,"U.S. Postal Service,, Dundee, MI 48131",Worker delivering mail was crushed when a concrete porch collapsed.
FY 2011,03/12/11,03/09/11,"Estis Well Service, LLC,, Plaquemine, LA 70764","Working was positioning a pipe into a hole on a derrick when the pipe shifted, striking the worker, and pinning him between the rig and mud tank."
FY 2011,03/12/11,03/10/11,"General Supply & Services, Inc.,, Pompano Beach, FL 33064",Worker was unloading a truck in the parking lot and was run over by a delivery truck.
FY 2011,03/12/11,03/10/11,"Georgia Power Company,, Claxton, GA 30458",Worker was climbing down a power line transmission structure when he fell to the ground.
FY 2011,03/12/11,03/10/11,"Ultra Building Services,, The Woodlands, TX 77381",Worker operating an electric floor buffer in the building was found unconscious and non-responsive by building security.
FY 2011,03/12/11,03/11/11,"Westfalia Technologies, Inc.,, Tampa, FL 33612","Worker was replacing chains on a storage retrieval machine when a vertical lift station came crashing down, striking the worker."
FY 2011,03/19/11,09/11/10,"Paolella Pro-Fitting, Inc., Newark, NJ 07105",Worker was killed after being run over by a highway milling machine.
FY 2011,03/19/11,01/11/11,"DL Cattle LLC., Parks, NE 69041",Worker was asphyxiated after being engulfed in a grain bin.
FY 2011,03/19/11,02/09/11,"Airco Service, Inc., Tulsa, OK 74146",Worker died after falling 15 feet through a snow-covered skylight.
FY 2011,03/19/11,02/16/11,"Coastal Crane & Rigging, Inc., Savannah, GA 31419",Worker was killed after falling from a boom truck platform.
FY 2011,03/19/11,02/25/11,"Ceres Gulf Inc., New Orleans, LA 70115","One worker was killed, another injured after the tire they were removing blew off the axle."
FY 2011,03/19/11,03/03/11,"Elm Farms Incorporated, Okawville, IL 62271",Two workers were electrocuted after lifting an aluminum pipe to free a raccoon and hitting an overhead power line.
FY 2011,03/19/11,03/04/11,"American Hardwood Industries/Graham Lumber Company, Fulton, MS 38843","Worker, who was fixing a chipper motor, was electrocuted after contacting a live wire."
FY 2011,03/19/11,03/04/11,"Premier Logging, LLC., Plaucheville, LA 71329",Worker died after being run over by a road grader.
FY 2011,03/19/11,03/06/11,"Koch Specialty Plant Services, Inc., Norco, LA 70079",Worker performing maintenance on a tower died after becoming unconscious from hydrogen sulfide exposure and falling 100 feet.
FY 2011,03/19/11,03/06/11,"Reithoffer Shows, Inc., North Fort Myers, FL 33917",Worker disassembling a fair/carnival ride was found unresponsive.
FY 2011,03/19/11,03/07/11,"Barnesville Bus Company, Barnesville, MN 56514",Business co-owner was killed after being crushed by facility's garage door.
FY 2011,03/19/11,03/10/11,"John Deere PEC Waterloo, IA 50702","Worker ejected from, then pinned under tractor, after losing control and striking a utility pole."
FY 2011,03/19/11,03/11/11,"5J Oilfield Services, LLC., Stanton, TX 79782",Worker was killed when caught between a tractor trailer and forklift.
FY 2011,03/19/11,03/11/11,"Asplundh Tree Expert Co., Greenup, KY 41144",Worker struck by falling tree.
FY 2011,03/19/11,03/12/11,"Nassau Co PD Bureau of Special Operations, N. Bellmore, NY 11710",Plain clothes police officer mistaken for a perpetrator and shot by a uniformed officer.
FY 2011,03/19/11,03/13/11,"NYCPD 84th PCT Brooklyn, NY 11201",Police officer fell 9 feet after being pushed over railing by suspect.
FY 2011,03/19/11,03/13/11,"Walt Disney World Co., Lake Buena Vista, FL 32830",Worker testing a roller coaster was struck and killed by one of the coaster’s carts.
FY 2011,03/19/11,03/14/11,"Express Commercial Services of Texas, Plano, TX 75093",Worker operating a street sweeper was struck and killed by two cars that were street racing.
FY 2011,03/19/11,03/14/11,"JKS Ventures, Inc., Melrose Park, IL 60160",Worker was crushed between a forklift and bale of compressed cardboard.
FY 2011,03/19/11,03/14/11,"United Space Alliance, Kennedy Space Center, FL 32899-0001",Worker died after an apparent 215-foot fall from a space shuttle launch structure.
FY 2011,03/19/11,03/14/11,"Vesuvius Chicago Heights Plant, Chicago Heights, IL 60411",Worker unclogging a bin died after falling 30 feet onto railroad tracks.
FY 2011,03/19/11,03/15/11,"Composite Rigging Limited and Company, North Kingstown, RI 02852",Worker died after being struck on the head by a sailboat rigging cable.
FY 2011,03/19/11,03/16/11,"Century Lighting, Sacramento, CA 95834",Worker died after being crushed between a store ceiling and aerial device basket.
FY 2011,03/19/11,03/17/11,"Devine Intermodal, Sacramento, CA 95691","Worker, who was assisting a vehicle, was struck and killed by another vehicle."
FY 2011,03/19/11,03/17/11,"Empire State Cardboard Paper Recycling Corp., Maspeth, NY 11378",Worker was crushed between a trailer and a parking lot sweeper.
FY 2011,03/19/11,03/18/11,"Gilchrist Construction, Alexandria, LA 71302",Worker employed as a traffic flagger was struck and killed by a truck.
FY 2011,03/19/11,03/20/11,"Butterville Farms, LLC., Adams, NY 13605",Worker died after sustaining crushing injuries while working in a cow barn.
FY 2011,03/26/11,01/10/11,"Triumph Aerostructures Vought Aircraft Division, Grand Prairie, TX 75211",Worker died after falling from a tractor trailer while trying to secure materials.
FY 2011,03/26/11,03/02/11,"Witmer Mulch, Willow Street, PA 17584",Worker was killed after being struck in the head by a mulch hopper.
FY 2011,03/26/11,03/09/11,"Reeco Well Services, Inc., Lovington, NM 88260",One worker killed and three workers injured from a fire at an oil well rig.
FY 2011,03/26/11,03/14/11,"Valley Transportation, Inc., Hueytown, AL 35023",Worker was struck and run over by a moving truck.
FY 2011,03/26/11,03/16/11,"ACTV Inc., Bolivar, MO 65613",Worker was electrocuted after contacting a power line while putting up advertisement signs.
FY 2011,03/26/11,03/17/11,"Drywall Systems Plus, Inc., Fort Knox, KY 40121",Worker died after being struck by a fallen metal wall panel.
FY 2011,03/26/11,03/18/11,"City of Cathedral City- Police Dept., Cathedral City, CA 92262",Officer crashed during a vehicle pursuit.
FY 2011,03/26/11,03/18/11,"P & C Construction, Santa Fe, TX 77510",Worker performing steel erection died after falling 50 feet from collapsed beams and columns.
FY 2011,03/26/11,03/18/11,"Richard McKenzie & Sons, Inc., Frostproof, FL 33843",Worker was ejected from and run over by a front-end loader.
FY 2011,03/26/11,03/19/11,"T. K. Stanley, Beaumont, TX 77713",Worker was crushed between two derricks sections.
FY 2011,03/26/11,03/20/11,"Yellow Cab of Lexington, Lexington, KY 40510",Worker found shot in cab.
FY 2011,03/26/11,03/21/11,"Woodall Electric, Inc., Moselle, MS 39459",Worker was electrocuted after contacting live lighting parts.
FY 2011,03/26/11,03/22/11,"Baldwin Paving Company, Inc., Marietta, GA 30060",Worker was pinned between asphalt roller and a dumpster.
FY 2011,03/26/11,03/23/11,"Emjay Environmental Recycling, Ltd., Brentwood, NY 11717",Worker was caught in a machine.
FY 2011,03/26/11,03/23/11,"SAE Vinyl Siding, Cincinnati, OH 45251",Worker setting up a scaffold system was electrocuted when the pole contacted an overhead utility line.
FY 2011,03/26/11,03/23/11,"Thieman Stampling Co., New Bremen, OH 45869",Worker was found dead on the floor of a welding shop.
FY 2011,04/02/11,03/23/11,"Fuentes Enterprises, Inc., West Springfield, MA 01089",Worker was killed after a cigarette lighter used to check the level of a 55-gal. drum of flammable liquid ignited the liquid's vapor and exploded. Worker died from burns and blunt head trauma.
FY 2011,04/02/11,03/23/11,"R,R, Donnelley, Willard, OH 44888-0002",Worker positioning rolls of paper stock into a printing press collasped and later died. Cause of death is undetermined at this time.
FY 2011,04/02/11,03/24/11,"Russell Engineering, Sunrise, FL 33322",Worker picking up roadway debris was run over and killed by an asphalt paving roller.
FY 2011,04/02/11,03/25/11,"Hamm Company, Perry, KS 66073",Worker was struck and killed by a vehicle in a shop parking lot.
FY 2011,04/02/11,03/25/11,"Vo's Auto Repair, Gresham, OR 97030",Worker inspecting car bearings was crushed after car began moving.
FY 2011,04/02/11,03/26/11,"Kenco LLC., Lincoln, MT 59639",A truck driver securing a load of logs was struck in the head by a loose log.
FY 2011,04/02/11,03/26/11,"NYS Police Clarence LODD 2011, Clarence, NY 14031",Police trooper struck by a passing vehicle while conducting a traffic stop.
FY 2011,04/02/11,03/26/11,"Pinnacle Foods Group LLC, Fort Madison, IA 52627",Sanitation worker was killed after being pulled into auger while cleaning it.
FY 2011,04/02/11,03/27/11,"ABC Coke-Division of Drummond Company, Tarrant, AL 35217",Worker was crushed between a coal hopper and Larry car while trying to open a coke oven chute.
FY 2011,04/02/11,03/28/11,"Bed Bath & Beyond, Port Reading, NJ 07064",Worker fell from a mobile ladder.
FY 2011,04/02/11,03/28/11,"Ceres Marine Terminals, Portsmouth, VA 23703",Worker died after being struck by a forklift while directing the transport of a ship's hatch cover.
FY 2011,04/02/11,03/28/11,"Dean Stevens, Dayton, OH 45414",Worker performing building demolition activities was killed by fallen steel beam column supports.
FY 2011,04/02/11,03/28/11,"KTG USA LP, Memphis, TN 38107",Park Service worker collapsed and died from possible smoke inhalation after fighting a fire.
FY 2011,04/02/11,03/28/11,"Sysco Guest Supply, LLC, Concord, NC 28027",Worker died after being struck by falling boxes and falling 19 feet.
FY 2011,04/02/11,03/29/11,"All American Window Cleaning, Inc., Canyon, CA 92647",Worker washing windows was electrocuted after making contact with a live wire.
FY 2011,04/02/11,03/29/11,"Com Ed, Crystal Lake, IL 60014",Utility worker helping to move electric poles was killed when a portion of the pole fell on the worker's head.
FY 2011,04/02/11,03/29/11,"Comfort World A/C and Heating, LLC, Scottsdale, AZ 85254",Worker fell from ladder.
FY 2011,04/02/11,03/29/11,"Timberline Nursery Inc., Hillister, TX 77624",Worker suffered blunt force head trauma after riding bicycle off a four-foot loading dock.
FY 2011,04/02/11,03/30/11,"Rebay, Marletta, OH 45750",Worker was operating a skid steer on the ramp to a large running diesel trammel and was found inside the trammel.
FY 2011,04/02/11,03/31/11,"Hilcorp Energy, Inc., Lafayette, LA 70506",Worker performing wire line service was killed after a high pressure well valve burst in worker's face.
FY 2011,04/02/11,03/31/11,"Panduit Corp., Dekalb, IL 60115",Worker was found in a forklift truck dead of an apparent heart attack.
FY 2011,04/02/11,04/01/11,"American Metal Recyclin, Fontana, CA 92337",Worker killed from gas inhalation during fire that began while using oxy/Acetylene to cut metal.
FY 2011,04/09/11,01/26/11,"Dal-Tile Corporation Raleigh, NC 27610",Worker unloading crates of granite slabs was crushed after the wire rope holding the crates broke.
FY 2011,04/09/11,03/16/11,"Sanders Wood Products Molalla, OR 97038",Worker died after being struck on the head by a piece of lumber that fell from a conveyer.
FY 2011,04/09/11,03/21/11,"Carbide Industries, LLC Louisville, KY 40211",Two workers were killed and one injured after an explosion in an industrial gas plant.
FY 2011,04/09/11,03/31/11,"Dixon Electrical Systems & Contracting, Inc., Ashland, KY 41101",Electrical worker died from burns and asphyxiation after a coke oven gas explosion.
FY 2011,04/09/11,03/31/11,"DME Enterprises, Bridge City, TX 77611","A welder working on top of a storage tank was killed when the tank exploded, throwing the worker to the ground."
FY 2011,04/09/11,04/01/11,"Orion Drilling Company LLC Altair Rig #7, Catarina, TX 78836",Worker died after being struck in the head from an 8-lb. bolt that fell 142 feet from a drilling rig.
FY 2011,04/09/11,04/02/11,"Texas Barge & Boat Company, Inc., Freeport, TX 77451","Two workers, repairing a barge by cutting away its bottom plate, were killed by a flash fire."
FY 2011,04/09/11,04/04/11,"Devon Severs dba We Show Up, Shamong, NJ 08088",Worker cutting down dead trees was killed when struck by the tree's base.
FY 2011,04/09/11,04/04/11,"Ornamental Plants Brentwood, CA 94513","An employer, operating a powered industrial truck, was killed after falling and being run over by the machine."
FY 2011,04/09/11,04/05/11,"Diversified Transport, LLC., Baton Rouge, LA 70815",Recycle collection worker was killed after being run over by the collection truck.
FY 2011,04/09/11,04/05/11,"Veolia Water North America Operating Services LLC Gatlinburg, TN 37738",Two waste water operators were killed after the front wall of basin collapsed in control room.
FY 2011,04/09/11,04/06/11,"Freehold Cartage, Inc., Freehold, NJ 07728",Worker was crushed between two trailers.
FY 2011,04/09/11,04/06/11,"Michels Pipeline, Livingston, WI 53554",Worker was electrocuted while installing a new set of power lines next to existing lines.
FY 2011,04/09/11,04/08/11,"E & A Construction Chattanooga, TN 37421",Worker was killed after falling through a sky light while removing rubber roofing.
FY 2011,04/16/11,03/30/11,"Eller-I.T.O. Stevedoring Company L.L.C., Miami, FL 33132",Worker was struck and killed by a falling refrigerated container.
FY 2011,04/16/11,04/01/11,"Macy's Department Store, Atlanta, GA 30326",A department store worker died after tripping over the leg of fixture and hitting his head on the tiled floor.
FY 2011,04/16/11,04/01/11,"Union Roofing, Inc., Bloomington, IL 61701",Worker repairing a metal roof died after falling eight feet from a ladder to the concrete ground.
FY 2011,04/16/11,04/03/11,"Tom Nelson Painting, Inc., Maitland, FL 32751",A worker using an aerial lift to spray paint a structure's ceiling was killed after falling nearly 60 feet from the lift's basket.
FY 2011,04/16/11,04/04/11,"Ayres Associates, Inc., Jacksonville, FL 32257",Worker conducting a traffic survey was electrocuted when the worker's bucket truck contacted an overhead power line.
FY 2011,04/16/11,04/04/11,"City of Chicago Police Dept Chicago, IL 60643",Worker died after suffering respiratory failure from inhaling a cleaning substance.
FY 2011,04/16/11,04/04/11,"Madison Livestock Market, Inc., Madison, FL 32341",Worker died from an apparent heart attack while corraling livestock onto a trailer.
FY 2011,04/16/11,04/05/11,"Resourceful Environmental Services, Inc., Cleveland, MS 38732-2109","Truck driver, who was operating levers to cover the truck's dumpster, was electrocuted when the tarping arm contacted a 7800-volt overhead power line."
FY 2011,04/16/11,04/07/11,"United Fire Protection, Inc., Lake Placid, FL 33610",Two workers filling a water storage tank and replacing a fire pump system were crushed when the building collapsed after the storage tank exploded.
FY 2011,04/16/11,04/08/11,"Colonial Terminals, Inc., Savannah, GA 31415",Worker died from burns after a tanker truck filled with toluene caught fire and exploded.
FY 2011,04/16/11,04/08/11,"Security Lumber & Supply Company, Bradley, IL 60915",Worker repairing a roof truss machine was crushed between a gantry table press and a finish roller.
FY 2011,04/16/11,04/09/11,"Helen of Troy, Southhaven, MS 38672","Worker, who suffered a leg injury while operating a forklift truck, later died from complications from the injury."
FY 2011,04/16/11,04/10/11,"City of Rochelle Rochelle Municipal Utilities Rochelle, IL 61068",Worker electrocuted while troubleshooting a power outage on a 4K phase-to-phase line.
FY 2011,04/16/11,04/10/11,"Pratt Paper LA., LLC., Shreveport, LA 71115","Worker moving bails of paper was crushed when the forklift tipped over, causing the passenger cage to fall on top of the worker."
FY 2011,04/16/11,04/11/11,"Ecology Auto Parts Inc. Santa Fe Springs, CA 90670",Truck driver was killed after being pinned between the truck's underbody and tire.
FY 2011,04/16/11,04/11/11,"Kitchens by Rutenschroer Louisville, KY 40218",Warehouse worker using overhead crane to move stone slabs died after being crushed between two slabs.
FY 2011,04/16/11,04/11/11,"Monshan Partners, Inc., Arcola, IL 61910",Worker was struck by a train while crossing railroad tracks to enter a nearby warehouse.
FY 2011,04/16/11,04/11/11,"RDA Service Company, Inc., Webb, AL 36376",Worker trimming trees died after falling 50 feet from an aerial bucket.
FY 2011,04/16/11,04/11/11,"Southland Contracting, Inc., Webster, NY 14580",Worker was killed after falling onto a conveyor inside a tunnel.
FY 2011,04/16/11,04/11/11,"Stidham Construction Kingsburg, CA 93631","Worker installing insulation in a barn died after stepping between the personnel lifting equipment and roofing, falling 30 feet to concrete floor."
FY 2011,04/16/11,04/12/11,"Great Southern Dredging Inc., New Orleans, LA 70129",Worker using flange and bolts to connect water pump tubing was killed after being struck by the pump's intake tubing.
FY 2011,04/16/11,04/12/11,"Valley Tree Services Manteca, CA 95336",Worker crushed after stepping behind trailer he was guiding for his son.
FY 2011,04/16/11,04/13/11,"Austin Distributing, San Antonio, TX 78253","Worker fixing a hydraulic fluid leak was killed after the front end loader collapsed, pinning the worker between the machine and the loader's bucket."
FY 2011,04/16/11,04/13/11,"Planter Service, Helena, AR 72342",Worker applying herbicides to fields died after exposure to toxic chemicals.
FY 2011,04/16/11,04/14/11,"Dole Fresh Fruit, Fort Lauderdale, FL 33016",Worker was killed after being pinned between a tractor trailer and a container.
FY 2011,04/23/11,01/24/11,"Arklahoma Pipeline Inc., Van Buren, AR 72956",Worker died after a 544-lb. pipe worker was unloading rolled off a trailer causing worker to fall from the platform.
FY 2011,04/23/11,03/25/11,"Tahoe Forest Hospital, Truckee, CA 96160",Hospital worker died of sepsis from methicillin-resistant Staphylococcus aureus (MRSA). Previously had work-related back injury before admitted to hospital. Unknown if work-related.
FY 2011,04/23/11,04/13/11,"Miami Transmission Parts, Hialeah, FL 33012",Worker moving inventory while on a ladder died after collapsing and falling nearly 8 feet.
FY 2011,04/23/11,04/14/11,"United States Postal Service Pawnee, OK 74058",Worker was delivering mail on foot and was struck by a train.
FY 2011,04/23/11,04/15/11,"Construction Tire Maintenance, Inc., Ocala, FL 34475",Worker removing tires from underneath a front end loader was crushed when the block supporting the loader broke loose.
FY 2011,04/23/11,04/16/11,"CP Integrated Services, Oklahoma City, OK 73197",Worker operating a skid steer was crushed by the equipment's arm.
FY 2011,04/23/11,04/16/11,"Stephen Mabry, Inc., Neptune Beach, FL 32266",Worker painting the side of a house on a ladder died after the ladder slipped off the scaffold and crashed 15-feet to the ground.
FY 2011,04/23/11,04/17/11,"Advanced Technology Services, Inc., East Peoria, IL 61630-1290",Worker checking for a hydraulic leak inside of a machine for cooling heated metal (quenching) was killed when the machine's lid crushed him.
FY 2011,04/23/11,04/17/11,"Berry Family of Nurseries, Hulbert, OK 74441",Worker driving a farm tractor downhill was killed after losing control and being ejected and run over by the tractor.
FY 2011,04/23/11,04/20/11,"Ancien Wines, Inc., Napa, CA 94559",Worker died after falling from ladder while transferring wine between storage tanks.
FY 2011,04/23/11,04/20/11,"Western Metal Recycling, Pueblo, CO 81004",Worker cutting a pressurized tank with a torch was killed when the tank exploded.
FY 2011,04/30/11,01/26/11,"Pilot Travel Center # 726, Dallas, TX 75241",Worker cleaning a truck parking lot and was struck and killed by a tractor trailer.
FY 2011,04/30/11,04/12/11,"Lighting Technologies, LP., Greenville, TX 75402",Worker retrofitting fixtures in an outdoor canopy was electrocuted after contacting an energized 277-volt electrical circuit.
FY 2011,04/30/11,04/16/11,"Vice Construction, Inc., Westwego, LA 70094",Worker was struck by the hammer of a pile driver.
FY 2011,04/30/11,04/18/11,"Barnhill Contracting Company, Tarboro, NC 27886",Worker was struck by a dump truck.
FY 2011,04/30/11,04/19/11,"Larry Eckert & Son, Orrington, ME 04474",Worker cutting down an oak tree was crushed between the skidder tire and tree.
FY 2011,04/30/11,04/21/11,"Erosion Barrier Installations, Corp., Estero, FL 33928",Worker surveying sediment in a retention pond drowned.
FY 2011,04/30/11,04/21/11,"Hesse Industrial Sales Inc. dba Texas Manufacturing, Houston, TX 77092",Worker using a forklift to load bundles of sprinkler pipes onto a flatbed trailer was crushed between the delivery truck and trailer after the forklift moved forward.
FY 2011,04/30/11,04/21/11,"Roofing Concepts Unlimited/Florida, Inc., Boynton Beach, FL 33472",Worker performing roof work on a one-story building was killed after falling 13 feet to the concrete floor.
FY 2011,04/30/11,04/22/11,"Canton Drop Forge, Canton, OH 44706","Worker was crushed between a parts bucket, barrel, and table after one of the bucket's cables broke."
FY 2011,04/30/11,04/22/11,"SER Construction Partners, LLC., Houston, TX 77021",A concrete finisher was killed after a truck carrying concrete lost control and ran over him.
FY 2011,04/30/11,04/22/11,"Youngblood Scrap and Metals, Longview, TX 75604",Worker using a propane and oxygen torch to cut a fuel tank was killed when the tank exploded.
FY 2011,04/30/11,04/23/11,"All American Recycling Corporation, Jersey City, NJ 07307",Worker performing maintenance on a wheel loader was crushed between a forklift and a packer truck.
FY 2011,04/30/11,04/25/11,"Ace Ethanol, LLC., Stanley, WI 54768",Worker died while performing cleaning operations inside a grain storage bin.
FY 2011,04/30/11,04/25/11,"Cleco Power, LLC., Natchitoches, LA 71457",Worker deciding how to fix a live wire hanging three feet from the ground was electrocuted after accidentally stepping on the wire.
FY 2011,04/30/11,04/25/11,"The Other Place, New Braunfels, TX 78130",Worker drowned in a river while trying to remove a rope swing from a tree.
FY 2011,04/30/11,04/25/11,"TK Stanley, Inc., Waynesboro, MS 39367","Worker dismantling an oil well flare stack was killed when the flare stack fell over, striking the worker's back."
FY 2011,04/30/11,04/26/11,"B&H Auto Repair, Los Angeles, CA 90016",Worker pouring gas from bucket into vehicle was killed by flash/fire explosion ignited from nearby work light.
FY 2011,04/30/11,04/26/11,"Grant Mackay Demolition Co., Galveston, TX 77550",Construction worker was killed when the second level of a structure being demolished collapsed on top of him.
FY 2011,04/30/11,04/27/11,"Harrington Forestry, Inc., Ashdown, AR 71822",Worker adjusting the brakes underneath a tractor trailer was crushed when the truck rolled forward.
FY 2011,04/30/11,04/27/11,"Hudmon Construction Co., Inc., Montgomery, AL 36104",Worker walking behind a bulldozer with a laser sight was killed when bulldozer operator backed up and over the worker.
FY 2011,04/30/11,04/27/11,"Mike Smith, Inc., Ft. Pierce, FL 34945",Worker operating a backhoe to clean a canal drowned when the backhoe slid into the canal.
FY 2011,04/30/11,04/28/11,"Austin Bridge & Road L.P., Tunica, LA 70782",Worker died after the aerial lift the worker was driving ran off the road and tipped over.
FY 2011,05/07/11,04/07/11,"Moo's Machine Works, Inc., Honolulu, HI 96819",Worker testing an articulating boom was killed when the boom fell and struck him.
FY 2011,05/07/11,04/07/11,"Rubbermaid Consumer, Winfield, KS 67056",Warehouse worker operating a conveyor died after falling seven feet from a steel rolling ladder to the concrete floor.
FY 2011,05/07/11,04/08/11,"Donaldson Enterprises Inc, Waipahi, HI 96797",Five workers were killed and one injured after an explosion occurred while destroying illegal fireworks.
FY 2011,05/07/11,04/21/11,"City of Eugene, Eugene, OR 97401",Police officer shot while approaching a vehicle during a traffic stop.
FY 2011,05/07/11,04/21/11,"Sprouse Farms, Inc., Plant City, FL 33567",Worker was picking strawberries and fainted; possible heat stress.
FY 2011,05/07/11,04/28/11,"Coastal Shoring, LLC., New Orleans, LA 70128",Worker installing safety cribbing underneath an elevated house was killed when the house shifted and fell on top of him.
FY 2011,05/07/11,04/28/11,"TJN Enterprises, Sioux Fall, SD 57104",Worker was struck and run over by a truck.
FY 2011,05/07/11,04/30/11,"Zellner Tire Center, LLC., Blenker, WI 54415",Worker using a jack to elevate and repair a truck's brakes was crushed when the truck fell off the jack and onto his chest.
FY 2011,05/07/11,05/01/11,"Braden Drilling, LLC., Smyrna, NY 13464",Worker died after being caught between a steel staircase on a reach forklift and a drilling rig trailer.
FY 2011,05/07/11,05/03/11,"Capitol Roofing, Cheyenne, WY 82002",Worker cutting roofing material at the edge of a roof was killed when he slipped and fell to the ground.
FY 2011,05/07/11,05/04/11,"Crockett County Hwy Dept., Alamo, TN 38001",Worker cutting down a tree was struck and killed by snapped tree limb.
FY 2011,05/07/11,05/05/11,"Donald Rhine, Corona, CA 92879",Worker removing tape from a window was killed after falling 20 feet from a scaffold.
FY 2011,05/07/11,05/05/11,"Great American Insulation, Inc., Taylor, TX 76574","Worker exited a delivery vehicle, rolled underneath it while it was still in motion, and was run over by the back wheels."
FY 2011,05/07/11,05/06/11,"Veolia Environmental Services, Alvin, TX 77512",Worker cleaning an industrial boiler suffered fatal burns after slipping into a steam pit while filling five-gallon buckets with water.
FY 2011,05/14/11,02/28/11,"International Bankshare Corp., San Antonio, TX 78207",Worker walking on an elevated catwalk died when he fell nearly 12 feet through an unsecured access door.
FY 2011,05/14/11,03/24/11,"AK Masonry LLC, Ogden, UT 84404",Worker grouting wall was killed when he fell 50 feet from scaffold.
FY 2011,05/14/11,04/13/11,"Fred M. Schidwacter & Sons, Inc., Bronx, NY 10461",Worker attempting to stop his oil truck from rolling was killed when he was caught underneath the truck.
FY 2011,05/14/11,05/03/11,"Ryan Companies US, Inc., Cedar Rapids, IA 52401",Worker died after falling 109 feet from a guarded 8th floor roof.
FY 2011,05/14/11,05/04/11,"Eller ITO, Miami, FL 33167",Marine cargo worker was struck and killed by a trailer.
FY 2011,05/14/11,05/04/11,"G. T. Installation Services Inc., Key Biscayne, FL 33149","One worker killed and one injured after 1,000 pounds of glass panels they were unloading fell on top of them."
FY 2011,05/14/11,05/04/11,"Jeff Watts Plaster & Stucco, Co., Long Boat Key, FL 34228",Worker using a lift to patch stucco on a house was killed when he fell out of the lift and was crushed by the lift's box.
FY 2011,05/14/11,05/04/11,"TRC Construction, Elko County, NV 89801",Worker died after falling 28 feet through a hole-opening on the roof of a remodel project.
FY 2011,05/14/11,05/05/11,"C.O. Delivery LLC., Henderson, CO 80640",Delivery worker was killed inside a warehouse when his truck pinned him against another vehicle.
FY 2011,05/14/11,05/06/11,"Calloway Contracting, Inc., Jacksonville, FL 32221",Worker holding a metal concrete slab hoisted by a crane was electrocuted when the crane touched an overhead powerline.
FY 2011,05/14/11,05/06/11,"JA Alexander Inc., Kenilworth, NJ 07033",Construction worker was killed after he was crushed by a machine's roller.
FY 2011,05/14/11,05/09/11,"Contra Costa County, Richmond, CA 94801",Worker died and tested positive for Legionnaires' disease.
FY 2011,05/14/11,05/09/11,"Futures Unlimited, Inc., Pontiac, IL 61764",Worker was struck and killed by a forklift.
FY 2011,05/14/11,05/09/11,"Sanderson Farms Inc., Hammond, LA 70404",A tractor trailer driver was killed by a freight train while driving across railroad tracks.
FY 2011,05/14/11,05/09/11,"Uniqco Group, Tampa, FL 33619",Worker was repairing a flat tire on a welding cart on a roof. He slipped and fell off the roof to the ground.
FY 2011,05/14/11,05/10/11,"Nabors Drilling, Williston, ND 58801","Worker walking out of a building, collapsed and died from possible electrocution."
FY 2011,05/14/11,05/10/11,"Sipp Trucking, Allen, TX 75013","Worker using a forklift to unload 2,100 pounds of rubber pipes from a flatbed truck was killed when the pipes slipped and fell on him."
FY 2011,05/14/11,05/11/11,"Harbor Point Mineral Products, Utica, NY 13502",Worker died after being trapped in a silo.
FY 2011,05/14/11,05/11/11,"River Run Apartments, LLC, Macomb, IL 61455",Worker repairing air conditioning units died from a heart attack; possibly heat-related.
FY 2011,05/14/11,05/12/11,"Smedley's Tree Service, Louisville, OH 44641",Electrical worker cutting down a tree was killed when the hydraulic cylinder came loose causing him to fall 30-feet to the ground.
FY 2011,05/14/11,05/12/11,"William Grant Tank & Vessel, Inc., Henderson, TX 75652","Worker using a scaffold to gain access to a fabricated pressure vessel died after the scaffold dislodged, causing him to fall nearly 12 feet to the concrete floor."
FY 2011,05/21/11,05/04/11,"Henrie Trucking, LLC, Kaysville, UT 84037",Worker unloading dump truck was crushed when the truck's tailgate fell on his head and neck.
FY 2011,05/21/11,05/06/11,"Formation Plastics, Quinter, KS 67752",Worker troubleshooting material being formed in a pressure former was killed when he was crushed between the press frame and the moving plate.
FY 2011,05/21/11,05/09/11,"IL Dept. of Natural Resources, Morris, IL 60450",Worker sitting on tractor bucket loader while taking a break was struck and killed by a car driven by park patron.
FY 2011,05/21/11,05/09/11,"Jose Ricardo Guerrero, Rose Hill, KS 67113",Worker reroofing a residential structure died from an apparent heat stroke.
FY 2011,05/21/11,05/10/11,"Ramsey Oil, Hutchinson, KS 67501",Worker cutting down a large tree died after the tree fell on him.
FY 2011,05/21/11,05/11/11,"Roden Landscaping, Festus, MO 63028","Worker moving a trailer loaded with straw bales collapsed and died, possibly from heat stress."
FY 2011,05/21/11,05/11/11,"Stimson Lumber Company, Gaston, OR 97119",Worker killed and two injured in an explosion while attempting to disassemble a hydraulic accumulator charged with nitrogen gas.
FY 2011,05/21/11,05/12/11,"Daves Tree Service, Bock, MN 55313",Worker cutting down tree was fatally injured when the tree base hit him in the chest.
FY 2011,05/21/11,05/12/11,"DBA/ Jose Rivera, Hartford, CT 06103",Window washer lowering equipment to the ground died after falling from the roof of an eight-story building.
FY 2011,05/21/11,05/12/11,"First American Resources Company, LLC., Mableton, GA 30126-2942",Worker inspecting coil machine rollers was killed when he reached into the machine while in operation and was pulled in.
FY 2011,05/21/11,05/12/11,"Menzi USA Sales, Inc., Ft. Pierce, FL 34982","Worker disconnecting a hydraulic hose from a fitting cab died when the cab fell, landing on him."
FY 2011,05/21/11,05/12/11,"The Fishel Company, Tampa, FL 33613",Worker transferring energized power lines from an old pole to a new one was electrocuted when he touched an uninsulated part of the power line.
FY 2011,05/21/11,05/13/11,"Gustav Koven, Santa Monica, CA 90407","Worker fell from ladder into a 3-foot deep drained pool, possibly of cardiac arrest."
FY 2011,05/21/11,05/14/11,"Bimm Enterprises, Angels Camp, CA 95222",Worker trying to stop his truck from rolling down the hill died after the truck ran over him.
FY 2011,05/21/11,05/16/11,"James Hamilton Construction, Caballo, NM 87931",Worker struck by semi truck while working in a highway work zone.
FY 2011,05/21/11,05/16/11,"Mullins Marine Service, Inc., Winthrop, MA 02152","Worker using a device to loosen the wire cable that secured a boat was killed when the device broke from the concrete, trapping the worker against the wall."
FY 2011,05/21/11,05/16/11,"Stutesman Auto Salvage, Highlandville, MO 65669",Worker was killed when the tractor tire he was inflating exploded.
FY 2011,05/21/11,05/16/11,"T.C. Thompson Builder, Inc, Artesia, NM 88210","Worker using a saw to cut through a building frame at an airport hangar was killed when sparks ignited insulation, causing a fire."
FY 2011,05/21/11,05/17/11,"C J Doudrick, York, PA 17404",Tree service worker died after falling 30 feet when the fiberglass boom supporting the bucket in which he was standing broke.
FY 2011,05/21/11,05/17/11,"Pacific Alaska Shellfish Company, Inc., Nikiski, AK 99635",Five fishermen transporting fish to land drowned when their vessel sank.
FY 2011,05/21/11,05/17/11,"Wallace Paving, West Chicago, IL 60185",Worker died after he was pinned between truck trailers at work site.
FY 2011,05/21/11,05/18/11,"City of Las Vegas, Las Vegas, NM 87701",Two workers installing a new water line died after being caught in an excavation wall collapse.
FY 2011,05/21/11,05/20/11,"Whirlpool Corp. Marion Division, Marion, OH 43302",Production line worker collapsed and died.
FY 2011,05/28/11,05/12/11,"Carlsbad Block & Supply, Carlsbad, NM 88220",Worker making repairs underneath a vehicle was crushed when the blocks supporting it shifted.
FY 2011,05/28/11,05/13/11,"Superior Painting & Construction, Houston, TX 77043",Worker using a 24-foot aluminum ladder to paint the exterior walls of an apartment complex was electrocuted when his equipment contacted an overhead powerline.
FY 2011,05/28/11,05/13/11,"TEC Payroll Services, Kansas City, MO 64108",Worker rigging a concert stage died after losing his footing and falling 40 feet.
FY 2011,05/28/11,05/16/11,"Event Coordinators, Inc., Greensboro, NC 27403",One worker killed and one injured after falling while disassembling a carnival ride.
FY 2011,05/28/11,05/18/11,"Herzog Railroad Services, Inc., St. Joseph, MO 64507",Worker making repairs while lying underneath a rail car was crushed when the supports holding up the car broke.
FY 2011,05/28/11,05/18/11,"XL Plastering, Santa Ana, CA 92704",Worker fell 3 stories from roof onto sidewalk while plastering adjacent wall with no fall protection.
FY 2011,05/28/11,05/20/11,"Delmonte Pet Foods, Topeka, KS 66618",Employee working alone found unresponsive on concrete floor next to equipment.
FY 2011,05/28/11,05/20/11,"H Construction Systems Inc., Littlefield, TX 79339","Worker fell 20 feet from a roof, then later died of a heart attack after being transported to the hospital."
FY 2011,05/28/11,05/20/11,"P.B. Sod Farms, Chino, CA 91710",Two workers were electrocuted after the irrigation pipe they were moving contacted an overhead power line.
FY 2011,05/28/11,05/21/11,"Bellagio Wood Tank Co. Inc., Healdsburg, CA 95448",Worker crushed when tractor overturned.
FY 2011,05/28/11,05/22/11,"Performance Contractors Inc., Plaquemines, LA 70764",Worker entered a confined space and was asphyxiated.
FY 2011,05/28/11,05/22/11,"Sam Broussard Trucking Co., Inc., Geuydan, LA 70542","Truck driver died from burn injuries after truck caught fire from colliding with two other vehicles, flipping over and landing in a ditch."
FY 2011,05/28/11,05/22/11,"Shin Tech Louisiana LLC, Plaquemines, LA 70764",Worker entered a confined space and was asphyxiated.
FY 2011,05/28/11,05/23/11,"A. Merante Contracting, Inc., Pittsburgh, PA 15213",Worker smoothing the ground in preparation for concrete was run over by a skid-steer.
FY 2011,05/28/11,05/23/11,"Cambridge Fire Dept., Cambridge, MN 55008",Worker fell and hit head during training.
FY 2011,05/28/11,05/23/11,"Nucor Steel, Memphis, TN 38109",Worker pinned between forklift load and rack of steel.
FY 2011,05/28/11,05/24/11,"Britton Bridge, Knoxville, TN 37920",Worker struck and killed by a piece of concrete that fell from a bridge while doing demo work.
FY 2011,05/28/11,05/24/11,"Klapp Roofing Company, Bettendorf, IA 52722",Worker fell from flat roof approximately 26 feet to ground below.
FY 2011,05/28/11,05/24/11,"National Gypsum, Mount Holly, NC 28120",Worker died after being pinned under the arms of a transfer table while cleaning equipment.
FY 2011,05/28/11,05/24/11,"Rojas All Repairs, Wilmington, DE 19805",Worker using an aluminum extension ladder on roof was killed after falling 30 feet to the ground.
FY 2011,05/28/11,05/24/11,"SCP Distributors, LLC., Conroe, TX 77385","Worker was killed when the 18-wheeler truck he was unloading rolled backward, pinning him between the bumper and the loading dock."
FY 2011,05/28/11,05/25/11,"Kenyon Plastering, Lubbock, TX 79416","Worker dropping pieces of scaffolding to a lower level was killed when his vest got caught in one of the pieces, causing him to fall 14 feet to the ground."
FY 2011,05/28/11,05/25/11,"Thompson Electric Inc., Wooster, OH 44691",Worker operating a derrick truck was electrocuted after coming into contact with an energized line.
FY 2011,05/28/11,05/25/11,"Tyler Perrigo, Seaside, OR 97138",Worker killed in explosion while trying to cut the top off of a 55-gallon drum with a plasma cutter.
FY 2011,05/28/11,05/26/11,"Go Native, Inc., Coastside, CA 94062",One worker was killed and five injured when their forest services truck ran off the road and rolled down a hill.
FY 2011,05/28/11,05/26/11,"Hawthorne Police Dept., Torrance, CA 90250",Police officer killed in collision between two motorcycles during officer funeral.
FY 2011,06/04/11,02/25/11,"Federal Marine Terminals, Palmetto, FL 34221",Worker died after falling inside a marine vessel.
FY 2011,06/04/11,05/03/11,"ITT Corporation, Maxwell AFB, AL 36112","Worker servicing truck's brakes was killed after the truck moved in reverse and struck, dragged, and ran over her."
FY 2011,06/04/11,05/07/11,"Plakos Scrap Processing Inc., Brooklyn, NY 11236",Worker was killed when a wheeled tractor with attached forks struck him.
FY 2011,06/04/11,05/13/11,"Lee's Tree Trimming & Tree Removal, Enterprise, AL 36330","Worker using an aerial lift to cut down a 72-foot tree was killed when the tree top swung back and hit the lift bucket, causing the worker and bucket to fall 52 feet."
FY 2011,06/04/11,05/16/11,"Dillards Department Store, Montgomery, AL 36117",Worker changing store's light bulbs fractured his skull after falling from a 12-foot ladder.
FY 2011,06/04/11,05/20/11,"Lowes, Inc., Enterprise, AL 36330","Worker was killed after his truck rolled back, crushing him between his and another truck."
FY 2011,06/04/11,05/23/11,"Frank Cross dba Cross Cut Tree Service, Old Hickory, TN 37135","Worker electrocuted after his positioning device came in contact with a 13,200 volt powerline."
FY 2011,06/04/11,05/23/11,"Nucor Steel Memphis, Inc., Memphis, TN 38109",Worker pinned between the load on a powered industrial truck and a stack of steel.
FY 2011,06/04/11,05/23/11,"Universal Service, Inc., Trenton, FL 32693",Worker cleaning sludge died after complaining of not feeling well.
FY 2011,06/04/11,05/24/11,"Ardaman & Associates, Bal Harbour, FL 33154",Marine terminal worker complaining of not feeling well later died at the hospital.
FY 2011,06/04/11,05/24/11,"Cobb & Cobb Seed Company, Davisboro, GA 31018",Worker changing a tire was struck and killed by a trailer.
FY 2011,06/04/11,05/24/11,"Grove Farm Fish Hukilau Foods, Honolulu, HI 96814","Worker found unconscious on ocean floor while performing commercial diving, later died from unknown cause."
FY 2011,06/04/11,05/24/11,"Huggins Tire Sales, Inc., Concord, NC 28027",Worker died from head injuries after falling from the bed of a loaded pickup truck.
FY 2011,06/04/11,05/25/11,"PECO, Philadelphia, PA 19101",Worker fell 60 feet while working on a utility pole.
FY 2011,06/04/11,05/26/11,"Spartan Manufacturing Corp, Kernersville, NC 27284",Worker standing on top of a storage room died after falling off a 9-foot ladder.
FY 2011,06/04/11,05/27/11,"E. I. du Pont de Nemours and Company, Electronic Technologies, Circleville, OH 43113",Department store worker died after collapsing to the floor.
FY 2011,06/04/11,05/27/11,"Peak Steel, LLC, Apex, NC 27523",Worker received fatal injuries after being struck by a falling section of structural steel.
FY 2011,06/04/11,05/28/11,"TGGT Holding, LLC, Shreveport, LA 71101","One worker was killed, another injured when the pressure vessel from a nearby tank exploded."
FY 2011,06/04/11,05/31/11,"Annbriar Golf Course, Inc., Waterloo, IL 62298-5225",Groundskeeper operating a commercial mower died after the mower veered off path and down a steep embankment.
FY 2011,06/04/11,05/31/11,"Bermudez Longo Diaz-Masso LLC, San Juan, PR 00926",Worker crushed when tower supporting truck shifted and truck fell on worker.
FY 2011,06/04/11,05/31/11,"Elemental Holdings LLC, Jackson, TN 38301",Worker changing rolls in the rolling mill was crushed by falling top roll.
FY 2011,06/04/11,05/31/11,"Wharncliffe Compressor Station, Wharncliffe, WV 25621","Worker performing maintenance at a natural gas compressor station died after complaining about the heat and major pain in his arm, chest, and stomach."
FY 2011,06/04/11,06/01/11,"Ringo Drilling LLP, Ozona, TX 79563",Worker fixing a leak on a centrifugal pump was electrocuted when he came in contact with an energized circuit.
FY 2011,06/04/11,06/02/11,"Terry Smith Tree Services, Inc., Ormond Beach, FL",Worker was electrocuted while trimming trees near overhead powerline.
FY 2011,06/04/11,06/04/11,"Metalico Rochester, Inc., Rochester, NY 14605-2269",Worker was crushed in a compactor/baler.
FY 2011,06/11/11,04/14/11,"Our Lady of Angels, Burlingame, CA 94010",Worker changing light bulb on roof fell 30 feet from ladder to concrete ground below.
FY 2011,06/11/11,05/03/11,"Showpay LLC, Orlando, FL 32821",Worker was struck by a stack of industrial lighting that was being raised on a forklift.
FY 2011,06/11/11,05/13/11,"AEG Live Productions, LLC Kansas City, MO 64108",Worker putting together a concert stage died when he fell from a 40-foot overhead truss.
FY 2011,06/11/11,05/21/11,"Dynamic Auto Brokers, Inc., Sussex, NJ 07461","Worker removing a downed tree was electrocuted after coming in close proximity to a 7,200-volt downed powerline."
FY 2011,06/11/11,05/26/11,"Southwood Apartments, Morrow, GA 30260",Worker moving window sills from a delivery truck died when he collapsed and struck his head on the asphalt.
FY 2011,06/11/11,06/03/11,"Kilderry Painting, Winthrop, MA 02152",Worker painting the outside of a residentail house died when he fell 14 feet from the ladder.
FY 2011,06/11/11,06/04/11,"Prevail Energy, Incorporated, Corpus Christi, TX 78418",A worker was killed when a tractor being loaded onto a trailer flipped over the trailer and struck the worker.
FY 2011,06/11/11,06/06/11,"Bowser Precision Areadia, PA 15712",Worker was fatally burned when the diesel fuel tank he was repairing exploded.
FY 2011,06/11/11,06/06/11,"Mountain States Constructors, Moriarty, NM 87035",Worker performing maintenance died after being caught in between a closing hopper door.
FY 2011,06/11/11,06/06/11,"Southern Tree Services, Gunthersville, AL 35976",Worker was struck and killed by a falling tree.
FY 2011,06/11/11,06/07/11,"Acme Galvanizing, Inc., Milwaukee, WI 53215","Worker using a crane to move a 1,200-pound steel bar was crushed when the bar fell on top of him."
FY 2011,06/11/11,06/07/11,"Cooperative Elevator Assoc., Ocheyedan, IA 51354",Worker transferring grain into a storage facility was found engulfed in the outside grain pile.
FY 2011,06/11/11,06/07/11,"G&J Pepsi Cola, Washington Court House, OH 43610",Worker delivering soft drink products died after going into convulsions.
FY 2011,06/11/11,06/07/11,"Interstate Waste Services, Inc., Chester, NY 10918",Waste disposal worker crossing street to collect trash cans was struck and killed by oncoming car.
FY 2011,06/11/11,06/07/11,"Southern California Value, Santa Fe Springs, CA 90670","Worker stepped through skylight on roof while flying a kite, falling 30 feet to concrete below."
FY 2011,06/11/11,06/07/11,"Southern Scrap of Meridian LLC, Meridian, MS 39307",Worker fixing a truck's brake lines was crushed between the truck and trailer.
FY 2011,06/11/11,06/07/11,"Triangle Paving & Grading Inc, Durham, NC 27703",Two workers died from oxygen deprivation after getting trapped in a manhole.
FY 2011,06/11/11,06/07/11,"Tyson Fresh Meats, Inc., Holcomb, KS 67851",Worker cutting up meat died when he bumped into a coworker and the knife in the coworker's hand cut the worker's neck.
FY 2011,06/11/11,06/08/11,"Back Country Logging, Elkins, WV 26241","A skidder operator transporting logs was killed when the skidder's wheel rolled over a log, causing the log to flip up and strike the worker's head."
FY 2011,06/11/11,06/08/11,"Edie Waste Incorporated, Marietta, PA 17547",Worker underneath vehicle making repairs to its wheel was crushed when the hand jack supporting the vehicle gave way.
FY 2011,06/11/11,06/08/11,"Hot Springs Village Property Owners Association, Hot Springs Village, AR 71909","Worker cleaning a grinder's conveyor belt was killed when the equipment's screen fell, pinning the worker against the screen bar and the back of the grinder."
FY 2011,06/11/11,06/09/11,"Heller Brother's Packing Corp, Immokalee, FL 34142",Worker using ladder to perform tree maintenance was electrocuted after touching a powerline.
FY 2011,06/11/11,06/09/11,"Martin Marietta Materials, Fort Calhoun, NE 68023","Worker, driving a truck in reverse that was filled with rocks, drowned when the truck rolled into the water after the worker failed to respond to warnings to stop."
FY 2011,06/11/11,06/09/11,"Milestone Contractors, Lafayette, IN 47906",Worker was struck and killed by a car while painting stripes on the highway.
FY 2011,06/11/11,06/09/11,"Sonny Jackson Roofing, Inc, Richmond, CA 94801",Worker installing plywood roofing died after falling nearly 20 feet off the edge of a residential roof.
FY 2011,06/11/11,06/10/11,"Marjam Supply of Alabama, LLC, Montgomery, AL 36117","Worker trying to secure the crane operator seat with a bungee cord died from head injuries when the cord snapped, causing him to fall 10 feet to the ground."
FY 2011,06/18/11,11/09/10,"FGJ, Inc. dba Lone Star Machine, Shallowater, TX 79363",Worker was using a lathe machine when his clothing got caught. Worker pulled his clothing out of the machine and fell and hit his head on the concrete floor.
FY 2011,06/18/11,04/18/11,"Wachter Network Services, Harper Woods, MI 48225",Worker electrocuted while relocating televisions and cabling above an office ceiling.
FY 2011,06/18/11,04/21/11,"Ronald J Overbeek Contr. Inc., Plainwell, MI 49080",Worker struck by falling trusses and knocked to the ground.
FY 2011,06/18/11,04/27/11,"Wrangler VF Jeanwear, Inc., Hackleburg, AL 35564",Worker was taking shelter during a tornado and was struck by a steel beam from a collapsing building.
FY 2011,06/18/11,05/02/11,"South Fork Gardening and Landscape Inc., Southampton, NY 11968",Worker repairing a skid-steer was crushed by the equipment's rear arm assembly.
FY 2011,06/18/11,05/16/11,"Russell Brands, LLC., Alexander City, AL 35010","Worker lowering a 332-pound ink drum was killed when he lost control of the drum, fell to the ground and hit his head on the concrete floor and pallet."
FY 2011,06/18/11,05/27/11,"Peak Steel LLC, Raleigh, NC 27523","Worker died from staph infection after surgery on neck, which was injured when struck by falling structural steel."
FY 2011,06/18/11,05/30/11,"Pine Grove Farm, Standish, MI 48658",Worker engulfed in silo after top layer of corn collapsed.
FY 2011,06/18/11,06/03/11,"Hascall & Hall, Auburn, ME 04210",Worker was found with his neck under a 5-foot section of scaffolding.
FY 2011,06/18/11,06/07/11,"Garza Contracting, Inc., Arvin, CA 93203",Worker died after falling from an 8-foot tripod ladder while thinning peach trees.
FY 2011,06/18/11,06/08/11,"Bak Auto Inc., Scottdale, GA 30079",Worker was servicing a vehicle when it slipped off of the jack stand and crushed the worker.
FY 2011,06/18/11,06/09/11,"Dakota AG Cooperative, Kindred, ND 58051",Worker exited a front-end loader and became caught in grain flow.
FY 2011,06/18/11,06/09/11,"Houston Electric, Waco, TX 76009",Worker was installing wiring to lights in an office when he came in contact with a live electrical connection.
FY 2011,06/18/11,06/10/11,"Campbell Maritime Inc., Seward, AK 99664",Worker fell from the edge of a platform into the water.
FY 2011,06/18/11,06/10/11,"Commercial Lawn Management of Wichita, Wichita, KS 67209",Worker engaging in weed trimming along the curb was struck by a motor vehicle.
FY 2011,06/18/11,06/10/11,"Rainbow, Inc., Minneapolis, MN 55427",Worker was in an aerial lift and was caught between the lift and a horizontal beam.
FY 2011,06/18/11,06/10/11,"Squeegee Squad, St. Louis Park, MN 55426",Window washer died after falling from an 8-story building.
FY 2011,06/18/11,06/11/11,"Planet Organics Inc., Oakland, CA 94601","Worker struck by rolling, unattended delivery van."
FY 2011,06/18/11,06/11/11,"Robinson Drilling of Texas, Ltd., Lamesa, TX 79331",Workers were pushing the kelly towards a mouse hole. The kelly bushing blew apart and pieces struck two employees on the head.
FY 2011,06/18/11,06/11/11,"Thermoclad Company, Inc., Erie, PA 16511",Worker suffered a heart attack.
FY 2011,06/18/11,06/12/11,"Lowe's Home Center, Inc., Charlotte, NC 28203",Worker struck by roll-up door as he was closing it.
FY 2011,06/18/11,06/12/11,"Resource Management Companies, Earth City, MO 63045",Worker fatally injured inside a baler attempting to free a jam when both legs were amputated.
FY 2011,06/18/11,06/13/11,"FESCO LTD., Mansfield, LA 71052",Worker was relieved from work on a Friday and was found dead in the crew quarters on Monday. Cause of death undertemined.
FY 2011,06/18/11,06/13/11,"Hot Springs Awning, Hot Springs, AR 71913",Worker was removing an awning on the balcony of third floor. The worker fell 30 feet from the balcony.
FY 2011,06/18/11,06/14/11,"City of South Pasadena Police Dept., Azusa, CA 91702",Worker fell and struck head on railroad tie.
FY 2011,06/18/11,06/14/11,"Corsicana Bedding, Inc., Middletown, NY 10941",Worker died from injuries after being crushed in a machine.
FY 2011,06/18/11,06/14/11,"GMC Services, LLC, Lafayette, LA 70507",Worker was changing a compressor on a rooftop unit when he came into contact with an energized wire and was electrocuted.
FY 2011,06/18/11,06/14/11,"Interstate Tree Service, Stockton, CA 95209",Worker fell from tree after cutting himself with chainsaw while trimming tree branches.
FY 2011,06/18/11,06/14/11,"Pepper Contracting Services, Inc., Brandon, FL 33511",The worker was picking up traffic-control devices when he was hit by a pickup truck.
FY 2011,06/18/11,06/15/11,"City of Muncie Fire Department, Muncie, IN 47305",Firefighter killed after being trapped inside building when roof collapsed during fire.
FY 2011,06/18/11,06/15/11,"City of Redding, Redding, CA 96001",Worker received fatal injuries in water pressure tank explosion after tank wall failed as it was being reloaded.
FY 2011,06/18/11,06/15/11,"Fabrizi Trucking and Paving Co., Valley City, OH 44280",Worker was struck by a bucket that fell from an excavator.
FY 2011,06/18/11,06/15/11,"US Dept of Interior USFWS, Guthrie, OK 73044",Worker was sampling endangered species of fish when he fell into water that was over his head.
FY 2011,06/18/11,06/16/11,"Associated Marine & Industrial Staffing, Inc., Houston, TX 77015",Worker was crushed by bundles of steel as he attempted to put a strap around them at the bottom of the ship.
FY 2011,06/18/11,06/16/11,"Hayward Bakr, Inc., New Orleans, LA 70127",Worker hit his head on the ground when he fell from a cargo trailer while moving materials.
FY 2011,06/18/11,06/16/11,"Indiana Dept of Transportation, Rensselaer, IN 47978",Worker struck and killed by vehicle.
FY 2011,06/18/11,06/16/11,"Sabina Landaverde, Olathe, KS 66062",Worker fell from the rooftop while engaging in work.
FY 2011,06/25/11,03/31/11,"B&L Services, Fort Lauderdale, FL 33311",Worker died after exposure to chemicals during spray painting operations.
FY 2011,06/25/11,05/21/11,"Ohio Edison Company, Massillon, OH 44646",Worker was working on live electrical lines when the worker grabbed one of the energized lines and was electrocuted.
FY 2011,06/25/11,05/26/11,"Waccamaw Metal Recycling, Myrtle Beach, SC 29577",Worker pinned between baler and truck while unloading metal.
FY 2011,06/25/11,06/13/11,"Showcase Cinema Deluxe, Dedham, MA 02026","Worker was climbing an extension ladder to clean a sign, and his feet slipped from under him."
FY 2011,06/25/11,06/15/11,"Charleston Electrical Services, Charleston, SC 29403",Worker conducting live work to isolate circuits electrocuted by arc from two wires.
FY 2011,06/25/11,06/15/11,"Stafford Development & Construction, Inc., Guntersville, AL 35976",Worker was removing a tree when he was struck by another tree being moved by a machine.
FY 2011,06/25/11,06/17/11,"City of DuQuoin Fire Department, Pinckneyville, IL 62274",Firefighter crushed by collapsing wall while fighting fire.
FY 2011,06/25/11,06/17/11,"LAD, INC. dba Roto-Rooter, Fayetteville, NC 28301",One worker killed and one injured after making contact with electricity during plumbing work in crawl space.
FY 2011,06/25/11,06/18/11,"SJ Stucco and Stone Inc., Elmwood Park,NJ 07407",Worker fell from a roof while working.
FY 2011,06/25/11,06/20/11,"Ace Automotive, New Albany, IN 47150",Worker struck by vehicle while performing automotive service.
FY 2011,06/25/11,06/20/11,"Chamberlin Building Services, Hollywood, CA 90038",Worker washing windows fell 50 feet when climbing from building into a boatswain chair.
FY 2011,06/25/11,06/20/11,"Fiberspar LinePipe LLC, Houston, TX 77041",Worker was run over by a forklift while in the process of moving a 16-foot spool.
FY 2011,06/25/11,06/20/11,"Sunrise Farms, Pixley, CA 93274",Worker pinned under tire while attempting to jump-start tractor that rolled.
FY 2011,06/25/11,06/21/11,"Intercoastal Repair Service, Jefferson, LA 70181",Worker was cleaning up hopper barge. He was found between two barges downriver from where he fell.
FY 2011,06/25/11,06/21/11,"JB Hunt Transport, Inc., Grove City, OH 43123",Worker was caught between two trailers.
FY 2011,06/25/11,06/21/11,"P G & E, Tracy, CA 94105",Worker electrocuted while working on powerline from a bucket truck.
FY 2011,06/25/11,06/21/11,"Portland Mechanical Construction Inc., Hubbard, OR 97032",Worker fell 10-12 feet from a ladder.
FY 2011,06/25/11,06/21/11,"Prince, Inc., Savage, MT 59262",Worker was trying to remove an object stuck in the rollers on a hotplant when the worker was pulled into the rollers.
FY 2011,06/25/11,06/21/11,"York Excavating Company, Incorporated, Lancaster, PA 17601","Worker went into a trench to insert a test ball when the wall caved in, burying him."
FY 2011,06/25/11,06/22/11,"Best Buy Tire 11 Inc., Charlotte, NC 28208",Worker struck by cast iron spacer that broke while putting tire on a rim.
FY 2011,06/25/11,06/22/11,"BP West Coast Products, Carson, CA 90749",Worker pinned between railcar and loading rack.
FY 2011,06/25/11,06/22/11,"Gilbane Building Company, Sanford, NC 27330",Worker fell 20 feet through roof decking damaged during tornado while performing an inspection.
FY 2011,06/25/11,06/22/11,"Golden Alley, Inc., Rozel, KS 67574",Worker was sweeping the elevator when he stepped into a manhole and fell 70 feet into the grain bin.
FY 2011,06/25/11,06/22/11,"Ridgeway Electric, Ozona, TX 76943",Worker went out to repair a powerline. The line was energized when the worker touched the wire and he was electrocuted.
FY 2011,06/25/11,06/23/11,"Matrix Electrical Contractors, Philadelphia, PA 19148",Worker was holding a tag line when a 10-ton hook and block fell and struck his head.
FY 2011,06/25/11,06/23/11,"Robert B. Marshall Inc., Shelbyville, IN 46176",Worker crushed in building collapse while performing deconstruction work.
FY 2011,07/02/11,01/23/11,"Vino Farms, Santa Rosa, CA 95240",Worker applying pesticide to vineyard was killed after exiting the tractor and being run over.
FY 2011,07/02/11,05/09/11,"Ortelaunee Mushroom Farm, Temple, PA 19560","Farm worker, complaining of sharp head pain, died after being found unconscious on the ground."
FY 2011,07/02/11,05/24/11,"RJM Investment, Inc., Congress, AZ 85332",Crane operator was crushed after crane overturned while backing down a hill.
FY 2011,07/02/11,05/26/11,"Madison Ave. Autos and Trucks, Sacramento, CA 95841",Worker cleaning glass died after falling from ladder and striking his head.
FY 2011,07/02/11,06/05/11,"Total Canopy Camuy Caves, Guaynabo, PR 00969",Worker drowned while installing a steel cord near a river.
FY 2011,07/02/11,06/09/11,"Imanna Laboratory, Inc., Rockledge, FL 32955",Worker testing a fuel tank without protective equipment died from burns after the tank exploded.
FY 2011,07/02/11,06/10/11,"Autoridad de Energia Electrica de Puerto Rico, Aguirre, PR 00704",Worker died after losing control of vehicle while traveling on an unpaved road.
FY 2011,07/02/11,06/13/11,"Crown Health Care Laundry, Selma, AL 36702",Worker was cleaning lint out of an industrial dryer when it fell on her crushing her at the waist.
FY 2011,07/02/11,06/18/11,"Trevcon Inc., Plano, TX 75024",Worker installing concrete panels was caught in between the tires of a telehandler.
FY 2011,07/02/11,06/20/11,"Fernandes Construction, Woonsocket, RI 02895",Construction worker died after falling through a building's skylight.
FY 2011,07/02/11,06/20/11,"Lawman Heating & Cooling, Sackets Harbor, NY 13685",Worker was crushed when the tree he was removing fell on the excavator cab.
FY 2011,07/02/11,06/22/11,"Personnel Plus, Carson, CA 90745",Worker fell backward and hit head on floor while pulling a pallet jack.
FY 2011,07/02/11,06/23/11,"Clawson Tank Co., Clarkston, MI 48346",Welding worker died after being pinned between a roller and tank.
FY 2011,07/02/11,06/23/11,"PNM Service Center, Santa Fe, NM 87508-9667",Worker fell 25 feet while conducting a man down pole rescue training exercise.
FY 2011,07/02/11,06/23/11,"St. James Leasing, Romulus, MI 48174",Worker was struck and killed by forklift.
FY 2011,07/02/11,06/23/11,"University Of Kentucky, Lexington, KY 40506",University worker died from head trauma after falling from the parking garage's fifth level.
FY 2011,07/02/11,06/24/11,"Abayla Construction Services, Conway, AR 72032",Worker removing electrical cable died from a 277-volt shock.
FY 2011,07/02/11,06/24/11,"Ada Energy Services LLC, Stonewall, OK 74871",Worker drilling oil inside an oil well collapsed and later died from apparent heat stress.
FY 2011,07/02/11,06/24/11,"Hughes Towing & Recovery, Orlando, FL 32805",Worker off-loading a motor home was killed when the RV rolled over him.
FY 2011,07/02/11,06/24/11,"Ralsdeck Painting and Staining, Stockton, IL 61085",Worker painting a barn in an aerial lift was electrocuted when he contacted a power line.
FY 2011,07/02/11,06/24/11,"Wayne Steel Erectors, Cameron, LA 70631",A sheet metal worker died from head injuries after falling from a ladder.
FY 2011,07/02/11,06/25/11,"Acme Energy Services Inc., dba Big Dog Drilling, Midland, TX 79701",Oil drill worker repairing a leak was killed after he was struck on the head by a steel cable.
FY 2011,07/02/11,06/25/11,"Shumate Mechanical LLC., Atlanta, GA 30331",Worker installing duct pipes was killed when the pipes fell on the scissor lift causing him to fall 16 feet.
FY 2011,07/02/11,06/26/11,"Fesco Ltd., Newton, TX 75966","Worker was killed when pressure released from a natural gas line threw him into a piece of iron, while another piece of iron fell on him."
FY 2011,07/02/11,06/27/11,"Carter Lumber, Franklin, IN 46131",Worker died after being struck in head without hard hat while removing trusses. Unknown if work related.
FY 2011,07/02/11,06/27/11,"Chisholm Tree Cutting Service, Saguache, CO 81149",Worker was cutting trees when he made contact with power lines.
FY 2011,07/02/11,06/27/11,"Davey Tree Surgery, Co., Livermore, CA 94550",Worker was struck by a tree.
FY 2011,07/02/11,06/27/11,"Unknown company, San Mateo, CA 94401",Worker died after falling more than 15 feet from ladder while moving telephone line.
FY 2011,07/02/11,06/28/11,"Beaumont Cherry Valley Water District, Beaumont, CA 92223",Utility worker marking a water line was killed by vehicle.
FY 2011,07/02/11,06/28/11,"Granbury Contracting & Utilities Inc., Granbury, TX 76048","Worker evaluating a sewer lift station died from gas exposure when he ruptured the sewer pipe, releasing liquid sewage and methane gas."
FY 2011,07/02/11,06/28/11,"Hardware Resources, Inc., Bossier City, LS 71111",Worker was electrocuted while using a scissor lift to replace a light bulb.
FY 2011,07/02/11,06/29/11,"Coral Construction Co, Mt. Clemens, MI 48043",Worker fell while performing residential roofing work.
FY 2011,07/02/11,06/29/11,"Green Thumb Landscape Design, Inc. Miami, FL 33187","Worker standing under the arms of a skid-steer loader was crushed when the arms/bucket came down, pinning him."
FY 2011,07/02/11,06/29/11,"SAVE-A-LOT Foods, Greenup, KY 41144",Worker fatally burned when the tractor trailer was struck and caught on fire.
FY 2011,07/09/11,12/12/10,"Rotert Construction Company, Carroll, IA 51401",Worker died from carbon monoxide poisoning while refueling generators for a construction site.
FY 2011,07/09/11,12/31/10,"Sweet Dreams Pastry Shop, Warren, MI 48092",Store worker died after falling off ladder and hitting his head.
FY 2011,07/09/11,03/08/11,"Railworks Track Systems, Council Bluffs, IA 51503",Worker died after being hit by a piece of metal while removing railroad track.
FY 2011,07/09/11,03/16/11,"Iowa Bridge and Culvert, Iowa City, IA 55242",Worker was struck and killed by beams when a construction shoring system failed.
FY 2011,07/09/11,06/07/11,"Institution Food House, Inc., Hickory, NC 28603",Worker was killed when pinned between truck and loading dock as truck backed in.
FY 2011,07/09/11,06/10/11,"D.C.G. Peterson Brothers, Inc., Manson, IA 50563",Worker installing heavy overhead door was crushed when the door fell.
FY 2011,07/09/11,06/21/11,"Chevron Lease, Taft, CA 93268",Worker at an oil and gas work site died after falling into a sinkhole filled with an unknown liquid with a temperature of about 180 degrees.
FY 2011,07/09/11,06/24/11,"Green Golf Management dba Stansbury Park Golf Course, Stansbury Park, UT 84074",Worker drowned when he was pinned underwater after his mower rolled into lake.
FY 2011,07/09/11,06/27/11,"Hill's Tree and Stump Grinding Services, LLC, Durham, NC 27705",Worker was struck and killed by falling dead tree branch while performing a back cut.
FY 2011,07/09/11,06/27/11,"RMDS, Indianapolis, IN 46204",Worker was struck and killed by yard truck.
FY 2011,07/09/11,06/27/11,"United Telephone Southeast, Erwin, TN 37650",Worker inside a bucket truck parked on an unstable gravel road died after the truck tipped over.
FY 2011,07/09/11,06/28/11,"Herzing Roofing, LLC, Universal City, TX 78148",Worker repairing a roof died from head injuries after slipping and falling nearly 20 feet to the concrete.
FY 2011,07/09/11,07/01/11,"City of Fulton - De Immigrant Windmill, Fulton, IL 61252",Worker struck on head by part of windmill and fell 10 feet onto the wheel spur.
FY 2011,07/09/11,07/02/11,"Carousel LLC, Orlando, FL 32819",Worker resetting a switch on a ride was struck and killed by the ride's counterweight.
FY 2011,07/09/11,07/02/11,"Texas Industries Inc., Dallas, TX 75247",Worker walking under the plant in the silo area died after losing his balance and falling.
FY 2011,07/09/11,07/05/11,"Avenger Pest Control LLC, Siloam Springs, AR 72761",Worker spraying pesticides underneath a house died from possible poisoning.
FY 2011,07/09/11,07/05/11,"City of Sanford Police Department, Sanford, NC 27330","Worker repelling down a building during training died of internal injuries when his harness malfunctioned, slamming him into the building."
FY 2011,07/09/11,07/05/11,"LG&E and KU Energy LLC, Lousiville, KY 40218",Worker shot supervisor before shooting himself.
FY 2011,07/09/11,07/05/11,"Matrix Service Industrial Contractors, Inc., Eddystone, PA 19022",Worker died after falling 40 feet from a tank scaffold.
FY 2011,07/09/11,07/05/11,"McDonagh Amusements Inc., Chesaning, MI 48616",Worker was electrocuted while helping take down an amusement ride.
FY 2011,07/09/11,07/05/11,"T W Benson Trucking, Ashtabula, OH 44004","Worker was killed when his truck, which had known maintenance issues, veered off the road."
FY 2011,07/09/11,07/06/11,"A-1 Appliance Repair Services, Hayward, CA 94541",Worker was electrocuted while repairing a dryer.
FY 2011,07/09/11,07/06/11,"Apak, Inc., Mundelen, IL 60060",Worker was electrocuted while fixing a machine.
FY 2011,07/09/11,07/08/11,"Twigg Aerospace Components, Martinsville, IN 46151",Worker was electrocuted while performing maintenance work.
FY 2011,07/16/11,06/23/11,"Tri-State Planting & Polishing, Inc., Huntington, WV 25703",Worker was electrocuted while operating an overhead hoist.
FY 2011,07/16/11,06/27/11,"Delta Oil Mill, Greenwood, MS 38930",Worker trying to put out a pit fire with an extinguisher was killed when a flash fire and explosion occurred.
FY 2011,07/16/11,06/27/11,"Sepulveda Air Conditioning, San Juan, PR 00925",Worker repairing an air conditioning unit was electrocuted.
FY 2011,07/16/11,06/28/11,"Wild Bayside Jewelry, El Sobrante, CA 94803",Worker suffered heart attack while cutting logs and stacking wood at employer's residence.
FY 2011,07/16/11,07/02/11,"Dredge and Marine Company LLC, Nashville, TN 37218",Worker died from burns after an explosion occurred inside of the boat he was painting.
FY 2011,07/16/11,07/03/11,"Greater Miami Baseball Club Limited Partnership, Ft. Myers, FL 33912",Worker died after his pelvis was crushed in a moving freight elevator.
FY 2011,07/16/11,07/05/11,"Total Grain Marketing, LLC, Metcalf, IL 61940",Worker riding a scissor lift was electrocuted after contacting live powerlines.
FY 2011,07/16/11,07/06/11,"Johnson Roofing, Waco, TX 76712",Worker installing insulation on a roof died fom head trauma after slipping off the roof's edge and falling more than 20 feet.
FY 2011,07/16/11,07/06/11,"Sunroc Corp, Cedar City, UT 84720",Worker died after he was run over by a front-end loader while clearing a work site.
FY 2011,07/16/11,07/07/11,"C Clunn Consulting, Holtville, CA 92250",Worker driving a tractor that pulled a farm harvesting machine collapsed and later died from possible heat illness.
FY 2011,07/16/11,07/07/11,"Southern New Hampshire Services Inc., Manchester, NH 03103",Worker performing work underneath a car was killed when the car's owner accidentally ran over him.
FY 2011,07/16/11,07/08/11,"Bailey-Buchanan Masonry, Inc., Beaumont, TX 77705",Worker collapsed while working on a 24-foot scaffold.
FY 2011,07/16/11,07/08/11,"McConway & Torley LLC., Pittsburgh, PA 15201",Worker was impaled and crushed within a machine that creates product molds.
FY 2011,07/16/11,07/08/11,"Patterson UTI Drilling Company, Carlsbad, NM 88220",Worker was struck and killed by hoisting equipment while working on an oil drilling rig.
FY 2011,07/16/11,07/09/11,"Mike Howe Builders, Inc., Two Rivers, WI 54241",Worker was killed when a truck driver backed up pinning him in between the truck and a dumpster.
FY 2011,07/16/11,07/09/11,"URS Corporation, Soda Springs, ID 83230",Worker driving a construction road scraper was killed after the scraper rolled over into a pond.
FY 2011,07/16/11,07/11/11,"Charles R. Ellis, Richwood, OH 43344",Worker was in the process of removing a large tree when it fell on him knocking him to the ground.
FY 2011,07/16/11,07/11/11,"Evergreen Caissons, Telluride, CO 81435",Worker died after falling into a covered hole that gave way.
FY 2011,07/16/11,07/11/11,"LA Hardwood Products, LLC, Le Moyen, LA 71356",Worker died from apparent heat stress while performing welding operations.
FY 2011,07/16/11,07/11/11,"Solar Erectors US Inc., Miami, FL 33128","Worker constructing a parking garage died when the cable he was leaning on snapped, causing him to fall 40 feet."
FY 2011,07/16/11,07/11/11,"Tipton Trucking, Inc., Bordentown, NJ 08505","Worker was crushed when a 7,000-pound concrete barrier fell on top of him."
FY 2011,07/16/11,07/12/11,"Bar-S Foods Co., Lawton, OK 73505",Worker cleaning an auger inside a meat processing factory died after falling into the processing machine.
FY 2011,07/16/11,07/12/11,"Employee Staffing Services LLC, Camp Hill, PA 17603",Worker died from heat stress while repairing a school roof.
FY 2011,07/16/11,07/12/11,"MC Lighting Maintenance, Houston, TX 77088","Worker installing a switch on an electric light was electrocuted, then fell from the scissor lift onto the floor."
FY 2011,07/16/11,07/12/11,"McPherson Son's Plumbing & Heat, Evans, WV 25241",Worker performing service on exterior A/C unit was electrocuted.
FY 2011,07/16/11,07/13/11,"Nash Johnson & Son, Rose Hill, NC 28458",Farm worker died from possible heat illness after experiencing light-headedness and confusion while collecting eggs.
FY 2011,07/16/11,07/13/11,"The Brickman Group LLC Ltd., Mokenia, IL 60448",Worker was crushed when he was thrown from the powered industrial vehicle he was driving and it fell on top of him.
FY 2011,07/16/11,07/14/11,"Con-Way Freight, San Antonio, TX 78220",Worker was killed when a crate of equipment fell on top of him.
FY 2011,07/16/11,07/14/11,"Hungtinton Ingalls Industries, Inc., Avondale, LA 70094",Worker was electrocuted while performing task on a vessel.
FY 2011,07/16/11,07/15/11,"Remco, Inc., Mechanicsburg, PA 17050",Worker was apparently electrocuted while making repairs to an air conditioning unit.
FY 2011,07/23/11,05/01/11,"Autocatalyst Recycling Inc., Dearborn, MI 48126",Worker died after falling from seven-foot ladder and hitting his head on surface below.
FY 2011,07/23/11,06/01/11,"Asplundh Tree Expert Company, Coats, NC 27504",Worker cutting trees in 100-degree weather fell unconscious and later died from heat stroke.
FY 2011,07/23/11,06/09/11,"Frontier Industrial Corp., St. Petersburg, FL 33702",Worker cutting beams in preparation for a controlled building demolition died when the building collapsed prematurely.
FY 2011,07/23/11,06/23/11,"DH Roberts Construction of Jonesville, Battle Creek, MI 49036",Construction worker was crushed between boom lift and steel beam.
FY 2011,07/23/11,07/06/11,"Casey's General Stores, Inc., La Porte City, IA 50651",Worker collapsed and died from asphyxiation while trying to escape a store fire.
FY 2011,07/23/11,07/10/11,"Pike Creek Turf Farms, Inc., Adel, GA 31620",Worker was electrocuted while hooking up a power generator that was still running.
FY 2011,07/23/11,07/12/11,"Essex Newbury Contracting Services Corp., Newbury, MA 01951","Worker, who complained of feeling sick while digging a one-foot trench, collapsed and later died."
FY 2011,07/23/11,07/12/11,"H.C. Haynes, Winn, ME 04495",Worker was killed when a tree struck him in the chest while inside a skid-steer cab.
FY 2011,07/23/11,07/12/11,"Russell Disposal Inc., Methuen, MA 01844",Worker collecting trash was struck and killed by the trash truck while it was moving in reverse.
FY 2011,07/23/11,07/13/11,"Roofers Enterprises Corporation, LLC, Charlotte, NC 28270",Worker making roof repairs fell unconscious and died from possible heat stress.
FY 2011,07/23/11,07/14/11,"Wilson and Associates, White Pine, TN 37890",Worker performing reconstruction work on roadside was struck and killed by car.
FY 2011,07/23/11,07/16/11,"Dolle Electric, Inc., Rogers, AR 72758",Worker performing construction activities collapsed and died from apparent heat illness.
FY 2011,07/23/11,07/16/11,"Moore Brothers, Colusa, CA 95950",Worker killed when an electrical panel exploded.
FY 2011,07/23/11,07/17/11,"Wal-Mart #275, Livingston, TX 77351",Worker buffing floors died after he slipped and hit his head on the floor.
FY 2011,07/23/11,07/18/11,"Imperial Steel Construction, Bensenville, IL 60106",Worker died after falling approximately 35 feet without fall protection from a bar joist.
FY 2011,07/23/11,07/18/11,"Sioux City Engineering Co., Sioux City, IA 51103",Worker was crushed in an auger while servicing a street paver machine.
FY 2011,07/23/11,07/18/11,"Trenchless Technologies of New England, Inc., Port Kent, NY 12975",Worker cleaning a pipe casing using an auger machine died after the machine overturned and crushed him.
FY 2011,07/23/11,07/19/11,"Daniel Martinez, Architect Tustin, CA 92782",Worker providing landscape services collapsed and later died from a heart condition.
FY 2011,07/23/11,07/19/11,"Dennis Steel Inc., Austin, TX 78712",Worker died from an apparent heart attack after loading equipment onto a truck.
FY 2011,07/23/11,07/19/11,"Goodyear Tire & Rubber Co, Topeka, KS 66603",Worker collapsed and died after making repairs to a rubber cooling machine.
FY 2011,07/23/11,07/19/11,"Head Roofing, Pittsburgh, PA 15206",Worker was killed when an aluminum scaffold plank fell and struck him in the head.
FY 2011,07/23/11,07/19/11,"Management Mccord Assest, Peoria Heights, IL 61616","Worker falling from roof, grabbed an exposed electrical wire to catch himself and was electrocuted."
FY 2011,07/23/11,07/19/11,"W W Fairbairn & Sons Inc., Walloon Lake, MI 49796",Worker was electrocuted after touching exposed wire while removing water lines.
FY 2011,07/23/11,07/20/11,"Keystone Consolidated Industries, Bartonville, IL 61607",Worker was found dead inside a break trailer.
FY 2011,07/23/11,07/20/11,"L & T Metal Recycling, Bolivar, MO 65613",Worker died after suffering burns to his lower body from a cutting torch explosion.
FY 2011,07/23/11,07/21/11,"KCH Mechanical, Inc., Effingham, IL 62401",Worker installing HVAC equipment died from electric shock.
FY 2011,07/30/11,04/18/11,"Mac Electric Inc, Duarte, CA 91010","Worker died after suffering electrical burns on arms, hands and face."
FY 2011,07/30/11,05/23/11,"Cross Country Courier, Hermantown, MN 55810",Worker died after falling from an elevated loading dock inside a warehouse.
FY 2011,07/30/11,06/17/11,"Labor Ready/ Allied Waste, Imperial, CA 92251",Employer pulling empty residential garbage bins collapsed and later died.
FY 2011,07/30/11,06/30/11,"Precision Tree and Landscaping, Apple Valley, MN 55124",Worker died after falling nearly 50 feet while trimming trees.
FY 2011,07/30/11,07/11/11,"Power Bros Machine, Montebello, CA 90640",Worker electrocuted while replacing a fuse in an air compressor.
FY 2011,07/30/11,07/13/11,"DirectSat USA, Elk River, MN 55330",Worker fell more than 15 feet from a ladder while making repairs to a satellite dish.
FY 2011,07/30/11,07/13/11,"RMG Construction Contractors LLC, Brooklyn Park, MN 55445",Worker digging in an 8-foot deep trench died after the trench walls caved in on him.
FY 2011,07/30/11,07/15/11,"Silva International Inc., Momence, IL 60954",Worker was killed after falling about 13 feet into the material hoist carriage.
FY 2011,07/30/11,07/18/11,"Landscape Solutions, Mendota Heights, MN 55120","Worker collapsed while trimming bushes and raking, and later died."
FY 2011,07/30/11,07/18/11,"RDL Masonry, Inc., Umatilla, FL 32784",Worker was killed after falling nearly 20 feet while setting concrete supports on a residential construction site.
FY 2011,07/30/11,07/19/11,"Brad Ragan Recycling Inc. DBA BR Tire, Glasgow, KY 42142",Worker suffered possible heat stroke while changing a tractor tire.
FY 2011,07/30/11,07/19/11,"Crystal Rock Amusements, Inc. dba Castelrock, Johnson, VT 05656",Worker was killed after getting caught in metal fan blades while working on an unguarded generator.
FY 2011,07/30/11,07/20/11,"Highland House, Highland, MI 48356",Restaurant kitchen worker died from alleged heat stress after feeling disoriented and being found unresponsive at home.
FY 2011,07/30/11,07/20/11,"Jean Genie Studio Inc., Los Angeles, CA 90023",Worker was killed after being pulled into a commercial washing machine.
FY 2011,07/30/11,07/20/11,"JL Cattle, Inwood, IA 51240",Young worker crushed between pay loader bucket and cattle shed header.
FY 2011,07/30/11,07/21/11,"CE Systems, Columbus, IN 47201",Worker collapsed at work from possible heat stress.
FY 2011,07/30/11,07/21/11,"Die-Cut Paper Company, Inc., West Haven, CT 06516",Worker trying to clear a jam in a conveyer died after he slipped and fell from a ladder.
FY 2011,07/30/11,07/25/11,"American Railcar Industries, Marmaduke, AR 72443",Worker performing welding operations using a metal torch was electrocuted when the torch's frame became energized.
FY 2011,07/30/11,07/25/11,"Basic Energy Services, Plains, TX 79355",Worker observing a counterwieght cable raise a mast was struck and killed by the counterweight when the cable snapped.
FY 2011,07/30/11,07/25/11,"Charles Ahlem Ranch, Avettilman, CA 95324",Worker trying to free a stuck tractor was killed after he was pinned between truck and tractor.
FY 2011,07/30/11,07/25/11,"Pool Hoopers, Franklin Park, IL 60131",Worker fell over into a pump pit and drowned.
FY 2011,07/30/11,07/25/11,"Potential Industries, Wilmington, CA",Worker crushed by truck backing into loading dock.
FY 2011,07/30/11,07/25/11,"R & J Enterprises of IL, Inc., Rock Falls, IL 61071",Two workers were electrocuted while detasseling corn.
FY 2011,07/30/11,07/25/11,"Rainbow Transport, Carson, CA 90745",Worker was struck and killed by parts of rim that exploded while tire was being changed.
FY 2011,07/30/11,07/26/11,"Cinco Hermanos Construction, Santa Fe, NM 87508",Worker was crushed after the structure he was buildng onto a mobile home collapsed on top of him.
FY 2011,07/30/11,07/26/11,"CJ Contracting, Morgantown, WV 26505","Worker died after a 2x4 rail he sat on gave way, causing him to fall 11 feet to the ground."
FY 2011,07/30/11,07/26/11,"Van's Logging Springville, CA 93265",Worker struck in head by falling limb while cutting trees.
FY 2011,07/30/11,07/27/11,"B & M Welding, West Carrollton, OH 45439",Worker died after falling from a ladder down two levels.
FY 2011,07/30/11,07/27/11,"Bowen Engineering, Valparaiso, IN 46385",Worker found unresponsive in tank while performing repair work.
FY 2011,07/30/11,07/27/11,"Elliot Brothers Truck Line, Dysart, IA 52224",Truck driver was crushed when a bale of cardboard fell on him after opening the truck's cargo doors.
FY 2011,07/30/11,07/27/11,"Monroe Marine & Associates, LLC., Garyville, LA 70051","Worker drowned after the crane block he tried to turn flipped, causing him to be thrown in the river."
FY 2011,07/30/11,07/27/11,"Pilgrims Pride Corporation, Mount Pleasant, TX 75456",Employee working on a docking bay was run over by an 18-wheeler tractor trailer moving in reverse.
FY 2011,07/30/11,07/28/11,"American Airlines, Albuquerque, NM 87106",Worker servicing a truck conveyor was crushed under machine when it fell.
FY 2011,07/30/11,07/28/11,"Bowdoin Excavation LLC, Bangor, ME 04401",Worker was killed when a backhoe loader frame overturned and struck him.
FY 2011,07/30/11,07/28/11,"Duppong's Inc., Glen Ullin, ND 58631",Worker was crushed while working inside a baler.
FY 2011,07/30/11,07/28/11,"Green Global LLC, New Haven, WV 25265",Worker was killed when his powered industrial truck went over an embankment.
FY 2011,07/30/11,07/28/11,"Leadership Circle LLC, Montrose, CO 81402",Worker was crushed by a skid steer while working around housing basements.
FY 2011,07/30/11,07/29/11,"Bosselman Quick Tire Lube Repair, Gary, IN 46408",Worker crushed by vehicle while performing repair.
FY 2011,08/06/11,06/27/11,"Isemoto Contracting Co. Ltd. , Kailua-Kona, HI 96740",Truck driver ejected and crushed by truck that flipped over after losing control while making a turn on restricted airport roadway.
FY 2011,08/06/11,06/28/11,"AEE Oficina Tecnica Humacao, Nagvabo, PR 00718",Worker restoring power to a business was electrocuted while working on a public utility pole.
FY 2011,08/06/11,07/06/11,"Marys Tree Service & Landscaping, Lahaina, HI 96761",Tree trimmer fell nearly 50 feet when his safety belt broke while trimming coconut fronds.
FY 2011,08/06/11,07/14/11,"Gulfpoint Landscape Management LLP, Holmes Beach, FL 34217",Worker performing landscaping around a swimming pool drowned after falling in.
FY 2011,08/06/11,07/18/11,"Laxton Enterprises Inc, Wallingford, PA 19086",Worker died from head trauma after falling off a trash truck and hitting the ground.
FY 2011,08/06/11,07/19/11,"Alliance Contractors Inc., Algonquin, IL 60102","Employee was working outside during road construction and became ill due to the heat. Employee was taken to the hospital and was in a medically induced coma for 5 days, then died on 7/28/11."
FY 2011,08/06/11,07/19/11,"Complete General Contractors, Inc., Sarasota, FL 34240",Worker died after falling from a ladder while removing wood from the second floor window.
FY 2011,08/06/11,07/22/11,"Target Drilling Inc, Waynesburg, PA 15370",Worker died from possible electric shock.
FY 2011,08/06/11,07/23/11,"Imperial Lawn and Garden Care, Naples, FL 34108",Worker died when he fell 25 feet from a ladder after receiving an electric shock while cutting branches that contacted an electrical line.
FY 2011,08/06/11,07/24/11,"LG Hausys America, Inc., Adairsville, GA 30103",Worker replacing the seal on a piece of equipment was killed when part of the equipment struck him in the head.
FY 2011,08/06/11,07/26/11,"Scott Gochnauer Inc. dba Gochnauer Mechanical, Hilton Head Island, SC 29928",Worker died when he fell 11 feet through a ceiling opening while repairing an air conditioning unit.
FY 2011,08/06/11,07/27/11,"J & P and Sons Construction, Vidalia, GA 30474",Worker was killed after falling more than 50 feet through a roof while carrying roofing materials.
FY 2011,08/06/11,07/27/11,"STCT UCONN Facilities Operations, Storrs, CT 06269",Worker was found dead. Cause of death unknown.
FY 2011,08/06/11,07/28/11,"Dietz Vacuum Service Inc., Mount Prospect, IL 60056",Worker was killed after being caught between a rope and a five-inch rubber hose.
FY 2011,08/06/11,07/28/11,"Jeremiah O'Mahony Paint Company, Abington, MA 02351",Worker died after falling from a ladder while removing paint.
FY 2011,08/06/11,07/28/11,"Onda-Lay Pipe, Rome, PA 18837",Worker was killed after he was run over by a bulldozer at a gas well site.
FY 2011,08/06/11,07/30/11,"Professional Directional LTD, Conroe, TX 77303",Worker testing a battery used for power drilling tools in oil fields died after the battery exploded.
FY 2011,08/06/11,07/30/11,"Wilson Salt Water Disposal, Inc., Wilson, OK 73463",Worker unloading salt water was killed when nearby oil tanks exploded.
FY 2011,08/06/11,07/31/11,"Keystone Consolidated Industries, Inc., Peoria, IL 61641",Worker operating a powered industrial vehicle died after driving head-on into a guardrail.
FY 2011,08/06/11,08/01/11,"ANSCO & Associates, LLC, Laurinburg, NC 28352",Worker installing a wooden power pole was electrocuted when his truck and trailer came into contact with an energized pole.
FY 2011,08/06/11,08/01/11,"Five Star Masonry, Manhattan, MS 66506",Worker died after falling nearly 45 feet from a scaffold.
FY 2011,08/06/11,08/01/11,"G.P. Evans Contractors, LLC, Port Arthur, TX 77640",Worker died after his tractor fell down an embankment and landed on top of him.
FY 2011,08/06/11,08/01/11,"MSD Buncombe County, Asheville, NC 28801",Worker was struck and killed by bucket after the hydraulic lines of a backhoe failed.
FY 2011,08/06/11,08/01/11,"Roberts Sand Company, LLLP, Quincy, FL 32351","Worker using an excavator inside a clay pit was killed when the 25-foot wall of clay soil fell, crushing him."
FY 2011,08/06/11,08/01/11,"S&S Cabinets & Woodworking, Lake Crystal, MN 56055",Worker died after falling from a roof while making repairs.
FY 2011,08/06/11,08/02/11,"Ashton Sawing & Drilling, LLC, Richmond, TX 77407",Construction worker was killed when he was crushed between two walls.
FY 2011,08/06/11,08/02/11,"Estes Enterprises, Hapeville, GA 30354",Worker was crushed by a loading dock that had been taken out of service.
FY 2011,08/06/11,08/02/11,"Global Propane Energy LLC, Rose Hill, KS 67133",Worker died from burns after several propane tanks exploded.
FY 2011,08/06/11,08/02/11,"Park Construction Assoiciates, LLC, Katy, TX 77494",Worker helping to rescue a stuck cement truck was killed when the sling broke loose and hit worker in the chest.
FY 2011,08/06/11,08/02/11,"Robert J. Denton, Warrensburg, NY 12885",Worker was struck and killed by a tree.
FY 2011,08/06/11,08/02/11,"USS Cal Builders, Los Angeles, CA 90068","Worker, whose fall protection was connected to a 30-foot wall panel he was erecting, died when the panel came loose causing him to fall."
FY 2011,08/06/11,08/03/11,"Campbell Road Sawmill, Spencerville, IN 46788",Logging worker died when struck in the head by a falling tree branch.
FY 2011,08/06/11,08/03/11,"M & K Logging, Spring, TX 77373",Worker was killed when the tree he was cutting down fell on him.
FY 2011,08/06/11,08/03/11,"Rea Trucking, Inc., Newton, KS 67114","Worker was killed when 13 bales of hay, each weighing 1,200 pounds, fell on top of him."
FY 2011,08/06/11,08/03/11,"Seneca Foods, Payette, ID 83661",Worker died after he was run over by a semi-truck in the loading area.
FY 2011,08/06/11,08/03/11,"Sink Tower Erection Co, Inc., Lexington, NC 27295",Worker was killed after a 50-foot fall from a cellular tower.
FY 2011,08/06/11,08/03/11,"Zimmerman Sales and Services LLC, Goshen, IN",Worker welding inside a silo died from possible electrocution.
FY 2011,08/06/11,08/04/11,"Patrick Lovett Farm, Tabor City, NC 28463",Worker unclogging tobacco materials from a harvester conveyor died when his clothing was caught and he was pulled into the machine.
FY 2011,08/06/11,08/04/11,"Select Services LLC, Caddo Parish, LA","Worker was crushed when the truck he exited rolled backward, crushing him between it and a backhoe."
FY 2011,08/06/11,08/05/11,"Sai's Truck Repair Inc., Mauston, WI 53948",Worker making repairs to hoisted semi-truck was crushed when the truck fell on top of him.
FY 2011,08/13/11,07/26/11,"Sizemore Plumbing and Heating, LLC, Albany, GA 31701",Plumbing and heating worker was electrocuted when he touched an energized metal gas pipe while working in a crawl space.
FY 2011,08/13/11,07/27/11,"A-N-R Door Systems, Inc., Brunswick, GA 31520",Worker fell from an 8-foot ladder while troubleshooting a roll-up door.
FY 2011,08/13/11,08/01/11,"Prestonwood Christian Academy, Plano, TX 75093",Football coach collapsed and died on the practice field while working in 106-degree weather.
FY 2011,08/13/11,08/01/11,"Randy Davenport dba Davenport Roofing, Helena, AR 72390",Two workers were electrocuted when the aluminum ladder they were positioning against a building came in contact with an overhead powerline.
FY 2011,08/13/11,08/02/11,"CSM Bakery Products North America, Dallas, TX 75238",Worker unjamming part of a bakery oven was killed after he was caught between the robotic arm and the oven's conveyor belt.
FY 2011,08/13/11,08/02/11,"T & S Sawmill, Inc., Clarendon, AR 72029",Worker died from possible heat-related illness after working on a sawmill machine.
FY 2011,08/13/11,08/03/11,"Nix Contr LLC, Linden, MI 48451",Worker died after falling into a manhole.
FY 2011,08/13/11,08/04/11,"Clay Mohon Mowing LLC, Mortons Gap, KY 42440",Worker lost consciousness and was killed after being crushed by the tractor he was operating.
FY 2011,08/13/11,08/04/11,"Nielson Construction Inc, Price, UT 84501",Worker performing yard work between the road and property was struck and killed by car.
FY 2011,08/13/11,08/05/11,"Air Liquide, Hahnville, LA 70057","Worker attempting to remove a plug from a line at a pressure bottle died when the bottle ruptured, hitting him in the head."
FY 2011,08/13/11,08/05/11,"Blue Collar Construction, Pecos, TX 79972",Worker resurfacing a street was killed when crushed between a chipper spreader and dump truck.
FY 2011,08/13/11,08/05/11,"Dresser-Rand, Wellsville, NY 14895",Worker was crushed between a crane-held load and a fixed object.
FY 2011,08/13/11,08/05/11,"Eiver Vergara dba Vergara Roofing and Repair, Monroe, NC 28110",Worker died after falling nearly 30 feet from roof onto concrete driveway.
FY 2011,08/13/11,08/05/11,"U.S.A. Hauling & Recycling Inc., Enfield, CT 06082",Truck driver standing outside the truck trying to close its tailgate was killed when another truck backed over him.
FY 2011,08/13/11,08/06/11,"Kessler Construction, Munich, ND 58352",Worker nailing rafter stringers on a barn died after falling nearly 20 feet to the ground.
FY 2011,08/13/11,08/06/11,"Wally Park, Lester, PA 19029",Worker conducting routine maintenance on a shuttle bus was crushed when the rear of the bus collapsed.
FY 2011,08/13/11,08/08/11,"Crawford Construction, Van Buren, AR 72956",Worker bending down to make marks on the road was killed when a road/motor grader operator backed over him.
FY 2011,08/13/11,08/08/11,"Naybor's Well Services Company, High Island, TX 77623",Worker trying to detach a load from a forklift died when the load fell on top of him.
FY 2011,08/13/11,08/08/11,"Wave Hydro, LLC, Baldwinsville, NY 13027",Worker performing electrical maintenance fell into the water and drowned.
FY 2011,08/13/11,08/09/11,"BMW Motorcycles of Las Vegas, Las Vegas, NV 89113",Worker loading a motorcycle into a customer's vehicle died after falling backwards off ramp and hitting his head.
FY 2011,08/13/11,08/09/11,"MVT Iron Works, Guttenberg, NJ 07093",Worker standing on a ladder on the second-story walkway was killed after falling over the guardrail to the ground.
FY 2011,08/13/11,08/09/11,"Rod Van Erp Farm LLC, Ubly, MI 48475",Worker was crushed when a backhoe rolled over him.
FY 2011,08/13/11,08/09/11,"S & J Logging Inc., Chelsea, MI 48118",Worker was struck in the head and killed by falling trees while logging.
FY 2011,08/13/11,08/09/11,"Watervliet Public Schools, Watervliet, MI 49098",Worker stripping wood died from head injuries after falling from step.
FY 2011,08/13/11,08/10/11,"Extreme Fab Inc., Houston, TX 77015",Worker using hand-held tools and a drop light while inspecting a skid was electrocuted when his sweat caused the drop light to arc.
FY 2011,08/13/11,08/10/11,"Foreign Auto Salvage, INC, dba Walton Imports, Walton, KY 41014",Auto salvage worker was crushed when the car fell off lift.
FY 2011,08/13/11,08/10/11,"Ohio Gratings Texas, Houston, TX 77045",Worker stacking gratings in a warehouse died after being found unconscious.
FY 2011,08/13/11,08/10/11,"Sadoff & Rudoy Industries, Fond du Lac, WI 54935",Worker was killed when a clamp fell on him while performing maintenance on a shearing machine.
FY 2011,08/13/11,08/11/11,"Hayward Baker Inc., Aspen, CO 80020",Worker drilling geothermal holes died after becoming entangled with the rotating drill stem and auger.
FY 2011,08/13/11,08/11/11,"Mark Morin Logging, Tampico, IN 47220",Worker crushed while cutting down trees.
FY 2011,08/13/11,08/12/11,"Greenwich Terminals, Philadelphia, PA 19148","Worker was assisting a yard horse driver, hooking up to something at the pier, and was run over."
FY 2011,08/20/11,06/13/11,"Westside Wholesale Tire, Hamel, MN 55340",Worker was killed when he was struck by a barrel that burst while changing its nozzle.
FY 2011,08/20/11,07/19/11,"Graichen Sanitation, New London, WI 54961","Worker was riding on the outside of a garbage truck, emptying garbage containers, and suffered a heart attack."
FY 2011,08/20/11,07/28/11,"City of Asheville Fire Department, Asheville, NC 28801",Firefighter went into cardiac arrest after being overcome by smoke while attempting to extinguish a fire.
FY 2011,08/20/11,08/03/11,"Chrysler Group Transport, Detroit, MI 48234",Worker adding fuel to a truck died of poisoning after diesel fuel sprayed over her body.
FY 2011,08/20/11,08/03/11,"Natal Excavating, Inc., Mountain Lakes, NJ 07046",Worker was paying for fuel he had just pumped into his truck and was run over by the truck.
FY 2011,08/20/11,08/05/11,"Act Electric Inc., Youngsville, NC 27596",Worker died after falling 25 feet from a scissor lift after collision with a crane.
FY 2011,08/20/11,08/05/11,"Arc Industries, Inc., Columbus, OH 43230","Worker fell to the floor, striking her head."
FY 2011,08/20/11,08/05/11,"Central Landscape and Maintenance, Pearland, TX 77584",Worker performing landscape work collapsed and later died from hyperthermia.
FY 2011,08/20/11,08/06/11,"Neilson Construction Inc., Price, UT 84501",Road flagger was struck and killed by a truck that failed to stop.
FY 2011,08/20/11,08/07/11,"Reinhausen Manufacturing, Inc., Kissimmee, FL 34741",Worker died from burns when a transformer exploded.
FY 2011,08/20/11,08/08/11,"Deisel Diagnostic & Repair, West Point, GA 31833","Worker replacing brakes on an automobile carrier truck died when the jack slipped, causing the truck to fall and crush him."
FY 2011,08/20/11,08/10/11,"Cardone Industries Inc., Harlingen, TX 78550",Worker was sorting motor vehicle parts when he collapsed and died of a heart attack.
FY 2011,08/20/11,08/10/11,"Excel Energy, Granite Falls, MN 55401",Worker was killed after falling nearly 10 feet while working on a spillway clearing debris.
FY 2011,08/20/11,08/11/11,"Hayden Tower Company, Topeka, KS 66618",Worker dismantling a 100-foot tower died after falling 80 feet from the tower.
FY 2011,08/20/11,08/11/11,"Spirit AeroSystems, Inc., Wichita, KS 67210",Worker trying to remove a sling caught inside a plane's fuselage was killed when he fell 13 feet off a platform.
FY 2011,08/20/11,08/12/11,"Kantner Iron and Steel, Inc., Stoystown, PA 15563",Worker was fatally burned while removing padlocks from a steel container with a propane/oxygen torch.
FY 2011,08/20/11,08/12/11,"Maher Terminals, Elizabeth, NJ 07201",Worker performing crane maintenance was electrocuted.
FY 2011,08/20/11,08/13/11,"Union Carbide Corporation, Seadrift, TX 77979",Worker performing maintenance on a pressure vessel was killed when the vessel's rim struck him in the face.
FY 2011,08/20/11,08/14/11,"Baker Petrolite Corporation, Sand Springs, OK 74063","Worker died after being struck in the face with a hose cap and sprayed in the face with the chemical, isopropylamine."
FY 2011,08/20/11,08/14/11,"NYSMTA, Long Island Rail Road, Babylon Yard, West Islip, NY 11795",Worker electrocuted after touching a high-voltage rail or component while working on railroad cars.
FY 2011,08/20/11,08/14/11,"Wickliffe Paper Company LLC, Wickliffe, KY 42087",Worker died from severe burns from paper by-products while removing a manway.
FY 2011,08/20/11,08/15/11,"H & S Constructors Inc., Corpus Christi, TX 78409","Worker performing welding operations was killed when the steel structure he was working on moved, striking him."
FY 2011,08/20/11,08/15/11,"Hennen Siding, Fridley, MN 55432",Worker was electrocuted after touching an overhead powerline while installing metal fascia from a truck-mounted boom lift.
FY 2011,08/20/11,08/15/11,"Patterson-UTI Drilling Co., LLC. Rig #531, Carrizo Springs, TX 78834","Worker was killed after rigging equipment struck him, throwing him over the guardrail, 26 feet to the ground."
FY 2011,08/20/11,08/15/11,"Reynolds Sign, Arlington, TX 76011",Worker died from falling 30 feet to the ground after the catwalk grate collapsed.
FY 2011,08/20/11,08/15/11,"Ron Brown and Sons Inc., Bear Lake, MI 49614",Worker was struck in the head and killed by a rim that broke while adding air to a truck tire.
FY 2011,08/20/11,08/15/11,"Springer and Sons Tree Service, LLC., Osgood, OH 45351",Worker was trimming trees on a drainage project and was run over and killed by a skid loader.
FY 2011,08/20/11,08/15/11,"Town of Wingate Public Works, Wingate, NC 28174",Worker was struck and killed by a lawnmower that slid down an embankment and overturned.
FY 2011,08/20/11,08/15/11,"Vigo County Parks & Recreation Department, Terre Haute, IN 47807",Worker drowned after being trapped underwater when the tractor slid into lake.
FY 2011,08/20/11,08/16/11,"Barreiro Concrete Materials, Inc., Medley, FL 33178","Worker standing outside of his truck, waiting to fill it with concrete, was killed after being run over by another truck."
FY 2011,08/20/11,08/16/11,"Evco Transport, Inc., Mt. Tremper, NY 12457",Worker moving furniture to a storage area died after falling from a stairwell.
FY 2011,08/20/11,08/17/11,"Baker Hughes Oilfield Operations Inc., Mills, WY 82644",Worker was crushed after being pinned between two vehicles in a storage yard.
FY 2011,08/20/11,08/17/11,"Coastal Cargo Company, Inc., New Orleans, LA 70112","Worker loading grain on a cargo vessel was killed when the closing hatch cover struck him, causing him to fall 40 feet."
FY 2011,08/20/11,08/17/11,"Hundts Auto Salvage, Plymouth, IN 46563",Worker was crushed underneath a vehicle that fell from a front-end loader.
FY 2011,08/20/11,08/19/11,"Anaya Welding Service & Lease, Inc., Alamo, TX 78516",Worker operating a trencher machine to dig a four-foot trench died when he fell from his seat onto the machine's extended arm.
FY 2011,08/20/11,08/19/11,"Jeffboat LLC., Jeffersonville, IN 47130",Worker was crushed between a barge mover and a barge.
FY 2011,08/20/11,08/19/11,"Yenkin-Majestic Paint Corp., Columbus, OH 43219",Worker was electrocuted after connecting a battery to his forklift.
FY 2011,08/20/11,08/30/11,"Sunshine Laundry and Dry Cleaning, Inc., Toledo, OH 43612",Worker was working on a washer and was electrocuted.
FY 2011,08/27/11,08/08/11,"JNJ Holdings, LLC., Pittsburgh, PA 15211",Worker died of head injuries after falling 18 feet from a scaffold to the concrete.
FY 2011,08/27/11,08/09/11,"Georgia Power Co., Tifton, GA 31754",Worker was repairing a downed powerline and was electrocuted.
FY 2011,08/27/11,08/15/11,"Pinnacle Roofing & Painting Inc., Mesa, AZ 85206",Worker performing underlayment repair work fell nearly 30 feet from roof.
FY 2011,08/27/11,08/16/11,"Shawnee Inn and Golf Resort, Shawnee on Delaware, PA 18356",Worker died from head and neck trauma after losing control of lawn tractor and rolling down an embankment.
FY 2011,08/27/11,08/17/11,"APAC Texas, Inc., Beaumont, TX 77713",Worker serving as a flagger was struck and killed by a car.
FY 2011,08/27/11,08/17/11,"New Urban Forestry, Hull, GA 30646",Worker was killed when a tree limb he was removing struck him.
FY 2011,08/27/11,08/17/11,"Sands Point Golf Club, Sands Point, NY 11050",Golf club worker died from cardiac arrest due to a heat stroke.
FY 2011,08/27/11,08/18/11,"Glen-Gery Corporation, Shoemakersville, PA 19555","Worker was removing a lighting fixture from an aerial lift, touched the conductor, and was electrocuted."
FY 2011,08/27/11,08/18/11,"Inergy Propane, LLC dba Jenkins Gas, New Bern, NC 28560",Worker died from gas fumes while servicing an underground liquid propane tank.
FY 2011,08/27/11,08/18/11,"U.S. Army - Fort Huachuca, Fort Huachuca, AZ 85613",Worker was performing his physical fitness test and collapsed.
FY 2011,08/27/11,08/19/11,"American Apparel Knit and Dye, Garden Grove, CA 92841",Worker cutting fabric was crushed in an energized machine.
FY 2011,08/27/11,08/19/11,"Econo Auto Painting and Body Shop, Ocala, FL 34475",Worker died of possible heart attack while painting a vehicle inside a paint booth.
FY 2011,08/27/11,08/19/11,"Oakridge Cemetery Inc., Hillside, IL 60162",Worker was killed when he lost control of the lawnmower and it fell on top of him.
FY 2011,08/27/11,08/19/11,"TitleMax of Illinois, Inc., Peoria, IL 61604",Worker was working at a cash loan facility and was stabbed to death.
FY 2011,08/27/11,08/20/11,"Delaware River Stevedores, Inc., Philadelphia, PA 19137",Worker unloading cargo died when he fell 45 feet inside a ship's hull.
FY 2011,08/27/11,08/20/11,"US Army Corps of Engineers, Fort Benning, GA 31905",Worker was inspecting a paving project at a military installation and was struck and killed by an asphalt truck.
FY 2011,08/27/11,08/22/11,"Independence Drilling, Inc., Gainesville, FL 32608",Worker was electrocuted when he hit an underground utility while drilling.
FY 2011,08/27/11,08/22/11,"K Reed Roofing, Union City, CA 94587",Roofer using a fall protection harness that was not tied off died when he fell more than 10 feet from a roof.
FY 2011,08/27/11,08/22/11,"Luna Landscape Service, San Clemente, CA 92672",Worker performing landscape work collapsed after complaining of chest pains and later died.
FY 2011,08/27/11,08/22/11,"Metropolitan Condominium Association, Irvine, CA 92612",Worker found unresponsive on work site later died from possible carbon monoxide exposure.
FY 2011,08/27/11,08/23/11,"Celestrial Landscaping & Construction, Inc., Lemont, IL 60439",Worker conducting tree felling operations slipped and fell 40 feet.
FY 2011,08/27/11,08/23/11,"Lumiere Place Casino & Hotel, St. Louis, MO 63102",Worker died after falling into an elevator shaft while trying to retrieve keys.
FY 2011,08/27/11,08/23/11,"M. Griffin Plumbing & Piping Co., Louisville, KY 40207",Worker using a backhoe to perform renovation work was pinned in an excavation site when a concrete window well fell on him.
FY 2011,08/27/11,08/24/11,"Cameron International, Ville Platte, LA 70586",Worker repairing a lathe machine was killed when his head was caught between a junction box and piece of iron.
FY 2011,08/27/11,08/24/11,"Mark Stephens dba Four S Farm, Raleigh, NC 27614",Worker was killed by a 70-foot tree that was knocked over by another tree being removed.
FY 2011,08/27/11,08/24/11,"Old Dominion Freight Line, Inc., San Antonio, TX 78219",Worker connecting the trailer's air lines was crushed between the trailer and a dolly.
FY 2011,08/27/11,08/25/11,"Emeritus Assisted Living, Grand Terrace, CA 92313",Worker died after falling about 40 feet while trimming a palm tree.
FY 2011,09/03/11,03/07/11,"Probuild LLC., Wichita, KS 67217",Worker was struck and killed by a forklift while standing in a loading yard.
FY 2011,09/03/11,08/11/11,"Permacolor Inc., Camarillo, CA 93012",Worker pulling metal pipe out of chimney was electrocuted after making contact with overhead powerlines.
FY 2011,09/03/11,08/12/11,"Pompei and Sons, Inc., Millsboro, PA 15333",Construction worker walking across a new roadway was struck and killed by a vehicle.
FY 2011,09/03/11,08/15/11,"Chimenti's Baking Company, Los Angeles, CA 90032",Worker opening the building was crushed when the facility's gate fell on him.
FY 2011,09/03/11,08/16/11,"Lancaster County Fire Service, Lancaster, SC 29720","Firefighter, who complained of chest pains and nausea after returning from a fire call, later died of cardiac arrest."
FY 2011,09/03/11,08/22/11,"Building Products Corporation, East Saint Louis, IL 62205",Employee working around the lower section of a conveyor belt was killed after being caught in the belt.
FY 2011,09/03/11,08/22/11,"IL Dept. of Transportation- District 1, Woodstock, IL 60098-3295",Worker struck and killed by a car while preparing for a roadway stripping operation.
FY 2011,09/03/11,08/22/11,"NextEra Energy Resources, Ocheyedan, IA 51354",Worker died after falling more than six feet through an unprotected hatch door in a wind tower.
FY 2011,09/03/11,08/23/11,"Garden Center Maintenance, Davis, OK 75030","Worker assembling a fabric building structure became ill and died, possibly from heat stroke."
FY 2011,09/03/11,08/23/11,"Stammerrama General Engineering, Rancho Mirage, CA 92270",Construction worker resurfacing road collapsed and died from possible heat stroke.
FY 2011,09/03/11,08/24/11,"Roach Brothers Painting Contractors, Inc., Pittsburgh, PA 15241",Worker died after falling nearly 40 feet from a roof without wearing fall protection.
FY 2011,09/03/11,08/24/11,"Springfield Golf Club, Fort Mill, SC 29715",Worker was struck and killed by a golf cart.
FY 2011,09/03/11,08/25/11,"Novak Construction, Monroe Twp., NJ 08831",Worker died after falling from the back of a moving pickup truck.
FY 2011,09/03/11,08/26/11,"Hocking Printing Co., Inc., Ephrata, PA 17522","Worker servicing an industrial riding mower was killed when the mower rolled forward from its parked position, striking the worker."
FY 2011,09/03/11,08/26/11,"UPS Ground Freight, Uniontown, PA 15401",Worker using a scissor lift to transfer parts into a trailer died after falling from the lift.
FY 2011,09/03/11,08/29/11,"Blattner Energy, Inc., Byron, CA 94514",Worker using bulldozer to cut roadway was ejected from and crushed by the machine after it rolled down a hillside.
FY 2011,09/03/11,08/29/11,"Old Orchard Country Club, Pittsfield, IL 62363","Worker was in the process of mowing when the lawn mower tipped over, crushing him."
FY 2011,09/03/11,08/30/11,"Active Staffing Services, LLC., Jersey City, NJ 07305",Worker was killed when 50-pound bags he was unloading struck him.
FY 2011,09/03/11,08/30/11,"ASI Technologies, Inc., Milwaukee, WI 53225","Worker was working on a press and the cable snapped, crushing his head."
FY 2011,09/03/11,08/30/11,"Gerace Construction Company, Inc., Rochester, NY 14620",Worker was crushed when a 35-ton crane he was operating tipped over.
FY 2011,09/03/11,08/31/11,"DA Services Hauling & Dumpsters, Martinez, CA 94553",Worker was crushed between dumpster's lift bed and frame.
FY 2011,09/03/11,08/31/11,"Liberty Denim, LLC, Liberty, SC 29657",Worker died when caught between rollers while working in a textile machine.
FY 2011,09/03/11,09/01/11,"Davey Tree Care, St. Peter, MN 56082",Worker was killed by a falling tree branch.
FY 2011,09/03/11,09/01/11,"Edison Park Fast, New York, NY 10036",Parking garage attendent retrieving a customer's car was crushed between the car and a vertical post.
FY 2011,09/03/11,09/01/11,"Miller Poultry, Orland, IN 46776",Worker processing chicken was crushed while using a press.
FY 2011,09/03/11,09/01/11,"Titan Drilling, LLC., Dumas, TX 79029",Worker was struck on the head and killed by the bottom of a blow-out preventer he was resetting.
FY 2011,09/10/11,05/25/11,"WB Sealcoating, Inc., dba Winberry Blacktop Sealcoat, Hendersonville, NC 28792",Road paving worker died from hyperthermia after his body's temperature reached 108 degrees.
FY 2011,09/10/11,07/28/11,"BO-Nine Ranch LLC, Peoria, AZ 85383",Worker was killed when struck by a metal cable while riding an all-terrain vehicle.
FY 2011,09/10/11,08/12/11,"ACJ Construction Corp, Mayaguez PR 00680",Worker installing a pipe inside a 6-foot deep trench died after the trench walls collapsed on him.
FY 2011,09/10/11,08/23/11,"Coastal Catering, LLC., Mayersville, MS 39113",Employee was working aboard an uninspected work barge and fell overboard and drowned.
FY 2011,09/10/11,08/25/11,"Edgar Wayne Ellington, Madison, NC 27025",Worker died when his tractor went off the road and overturned while pulling a tobacco trailer.
FY 2011,09/10/11,08/25/11,"Inglett & Stubbs, LLC., Americus, GA 31709",Worker was electrocuted while installing light fixtures.
FY 2011,09/10/11,08/28/11,"Lazem Development Corp., Miami, FL 33313",Worker installing ceiling beams died after falling from a scaffold.
FY 2011,09/10/11,08/31/11,"D.W. Shouppe Coast dba B&M West Coast Co of TX LTD, Byron, GA 31008",Worker installing a diesel exhaust fuel system died from a heart attack after complaining of chest pains.
FY 2011,09/10/11,08/31/11,"J & A Loading, Inc., Naples, FL 34102",Worker unloading roof tiles from a delivery truck was run over by a forklift.
FY 2011,09/10/11,08/31/11,"R & R Metal Erectors, Marletta, GA 30063",Worker installing metal decking died after falling 40 feet from the roof.
FY 2011,09/10/11,09/01/11,"A-1 Tree Service, Bradenton, FL 34203","Worker trimming a tree died after falling 55 feet, head first, onto a concrete surface."
FY 2011,09/10/11,09/01/11,"Granger Roofing, Topeka, KS 66617","Worker was electrocuted when his aluminum ladder touched a 7,200-volt overhead powerline."
FY 2011,09/10/11,09/02/11,"Membrane Technology Research, Menlo Park, CA 94025",Worker died in an explosion while transferring compressed gas from one cyclinder to another.
FY 2011,09/10/11,09/03/11,"Shultz Steel Company Inc., South Gate, CA 90280",Worker died from head injuries after falling 19 feet into a service pit.
FY 2011,09/10/11,09/03/11,"WM Contractor, Houston, TX 77028",Worker taking measurements while walking backwards on a roof died after he fell 30 feet without fall protection.
FY 2011,09/10/11,09/04/11,"Clement B Rozanski, Pleasantville, NY 10570",Worker cutting down a tree died when a large section of the tree fell and struck him.
FY 2011,09/10/11,09/05/11,"Jessica Rodriguez, Patterson, CA 95363",Worker harvesting peaches died from possible drowning when he drove into an aquaduct.
FY 2011,09/10/11,09/05/11,"Tiller Sanitation, Farmland, IN 47340",Worker was struck and killed by a sanitation truck.
FY 2011,09/10/11,09/06/11,"CMC Steel Arkansas, Magnolia, AR 71753",Worker was killed when his lanyard became tangled in a rotating shaft pulling him into the equipment.
FY 2011,09/10/11,09/06/11,"MaxYield Cooperative, Dickens, IA 51333",Worker suffocated after being engulfed in corn inside a grain bin.
FY 2011,09/10/11,09/07/11,"Fabrication International Inc., Houston, TX 77093","Worker using an aerial lift to detach rigging was killed when a derrick hit the aerial lift basket, throwing the worker more than 20 feet."
FY 2011,09/10/11,09/07/11,"Liverpool Coil Processing Division, Valley City, OH 44280",Worker died after his head was caught between steel coil and another piece of equipment.
FY 2011,09/10/11,09/08/11,"Caterpillar, Inc., Milwaukee, WI 53172",Worker was crushed by a crawler piece that fell from a sling.
FY 2011,09/10/11,09/08/11,"Freshmark Meat Plant, Canton, OH 44705",Worker was electrocuted when he plugged a floor fan into an outlet while standing in water.
FY 2011,09/10/11,09/08/11,"Full Throttle Oil Field Services, Wilson, OK 73463",Worker was struck and killed by a pump jack weight.
FY 2011,09/10/11,09/08/11,"Undetermined Company Name, Los Angeles, CA 90011",Worker performing maintenance underneath a bus was crushed when the bus fell off the jacks.
FY 2011,09/10/11,09/08/11,"Williams Brothers Construction Company, Inc., Lake Jackson, TX 77566",Worker was crushed by a front end loader while working on a highway drainage inlet.
FY 2011,09/17/11,06/08/11,"Cairo Coop Equity Exchange, Cunningham, KS 67035",Worker transferring herbicide into a tank was sprayed by the chemical and died three months later.
FY 2011,09/17/11,07/24/11,"Brown Logging, Inc., Hiawassee, GA 30546",Worker was killed when a 60-foot tree he was cutting fell on him.
FY 2011,09/17/11,09/01/11,"SKF USA Incorporated, Hanover, PA 17331",Worker died after he was severely burned by a molten salt mixture following an explosion.
FY 2011,09/17/11,09/02/11,"A C Morrison Farms LLC, Lillington, NC 27526-9581",Worker fell ill from possible heat stress while working in a tobacco field.
FY 2011,09/17/11,09/09/11,"Dan Williams dba Dan Williams Roofing, Whitakers, NC 27891",Worker repairing a building roof was electrocuted when an aluminum bar he was installing touched an electric powerline.
FY 2011,09/17/11,09/09/11,"Express Glass and Mirror, Inc., Los Angeles, CA 90015",Worker was fatally injured when he fell 15 feet through a 4-foot by 4-foot unguarded opening in a glass catwalk.
FY 2011,09/17/11,09/09/11,"Liberty Swabbing Inc., Raymondville, TX 78580",Worker was killed when pressure released from a wellhead struck him in the abdomen.
FY 2011,09/17/11,09/09/11,"Sanchez Corporation, Albertson, NY 11507",Worker cutting tree branches died after falling nearly 40 feet to the ground.
FY 2011,09/17/11,09/09/11,"Walsh & Kelly, Griffith, IN 46319",Worker struck by pieces of a large tire that exploded while adding air to it.
FY 2011,09/17/11,09/10/11,"Ross Stores Inc - Moreno Valley DC, Moreno Valley, CA 92551",Worker driving a golf cart was pinned after losing control and driving under a tractor trailer parked behind the warehouse.
FY 2011,09/17/11,09/12/11,"Stella-Jones, Inc., Warrior, AL 35180",Worker was caught in or between rotating machinery during cleaning operations.
FY 2011,09/17/11,09/13/11,"Ashton Inc., Baton Rouge, LA 70815",Worker on a riding mower struck a large pipe and was pinned between the pipe and the mower.
FY 2011,09/17/11,09/13/11,"Bath Magic, Inc., Toledo, OH 43614","Worker for a bathtub reglazing company was found deceased, slumped over a bathtub and wearing a half mask tight-fitting respirator; cause of death is suspected asphyxiation from methylene chloride in the stripping compound."
FY 2011,09/17/11,09/13/11,"J. B. James Construction Company, LLC, Hosston, LA 71043",Worker repaving a roadway was run over and killed by a dump truck.
FY 2011,09/17/11,09/13/11,"Sam Critchelow dba Critchelow Backhoe Service, Hardinsburg, KY 40143",Worker jumped out of a sliding backhoe and was killed when the backhoe's bucket struck and landed on top of him.
FY 2011,09/17/11,09/14/11,"J.C. Masonry and Concrete Pumping, Inc., La Follette, TN 37766",Worker laying bricks while standing on a scaffold died after falling 35 feet when a scaffold plank shifted.
FY 2011,09/17/11,09/14/11,"Verizon Communications, Brooklyn, NY 11212",Worker making electrical repairs was electrocuted when he touched a live wire.
FY 2011,09/17/11,09/15/11,"Network Construction Company, Inc., Atlantic City, NJ 08401",Worker pouring concrete on building's roof was struck and killed by lightning.
FY 2011,09/17/11,09/16/11,"Cardinal Health, Groveport, OH 43125",Worker using a forklift was killed after being pinned against a support beam.
FY 2011,09/24/11,08/12/11,"Merry Maids, Mansfield, TX 76063",Worker cleaning a residence collapsed and died after hitting her head.
FY 2011,09/24/11,08/16/11,"Bailey Farms Intl LLC, Ephraim, UT 84627",Worker was crushed between the stacker and support brace while operating a hay press.
FY 2011,09/24/11,08/28/11,"City of Rutland, Mendon, VT 05701",Worker drowned after falling into a river while checking the water system after a hurricane.
FY 2011,09/24/11,08/29/11,"Double D Welding and Fabrication, Glenrock, WY 82637",Worker was killed in an explosion while installing piping on an existing well site.
FY 2011,09/24/11,08/29/11,"Wild West Construction LLC, Glenrock, WY 82637",Two workers were killed in an explosion while installing piping on an existing well site.
FY 2011,09/24/11,08/31/11,"Hormel Foods Corporation, Tucker, GA 30084",Worker was struck and killed by a stand-up forklift.
FY 2011,09/24/11,09/10/11,"Adventure Island, Tampa, FL 33612",Worker was struck and killed by lightning.
FY 2011,09/24/11,09/12/11,"Jesco Industrial Services LLC, Calvert City, KY 42029",Worker was struck and killed by high pressure water after the hose ruptured.
FY 2011,09/24/11,09/13/11,"Austin Maintenance & Construction, Inc., Augusta, GA 30901","Worker testing a wiring system was electrocuted when he touched energized parts carrying nearly 14,000 volts."
FY 2011,09/24/11,09/13/11,"Barnhill Farms of North Carolina , Inc., Stokes, NC 27884",Worker refueling a tractor was killed when the tractor ran over him.
FY 2011,09/24/11,09/13/11,"Foxworth Forestry Consultants, LLC., Coffeeville, AL 36524",Worker operating a four-wheeler was thrown off and run over by a log truck.
FY 2011,09/24/11,09/16/11,"Hi-Plains Millwright & Supply, Inc., Plainview, TX 79072",Worker was killed when a shelving unit frame fell and struck him on the head.
FY 2011,09/24/11,09/17/11,"Glen Cove DPW, Leech Circle Water Station, Glen Cove, NY 11542",Worker died after being stung by bees while clearing overgrowth.
FY 2011,09/24/11,09/17/11,"Knecht Farm Drainage, Charles City, IA 50616",Worker was crushed between the front of the track and the back of a bucket while checking the track on a skid loader.
FY 2011,09/24/11,09/17/11,"TDG General Contractor, Inc., Cleveland, TX 77328","Worker connecting a pipe to the bottom of a 3,000-pound water tank was crushed when the tank fell on him."
FY 2011,09/24/11,09/18/11,"First Energy Generation Corp., Haywood, WV 26366",Worker inside of a coal tunnel was crushed between a concrete shelf and a guardrail.
FY 2011,09/24/11,09/19/11,"Faria Brothers Dairy, LLC., Dumas, TX 79029",Worker in a dairy production facility was killed after his head was caught in a rotary carousel system.
FY 2011,09/24/11,09/19/11,"Wayne's Welding Service, Monahans, TX 79756",Worker helping to install a 30-foot water tower was killed when the tower fell on him.
FY 2011,09/24/11,09/20/11,"Gedek Trailer, Indianapolis, IN 46201",Worker was possibly electrocuted after being found with small electrical burns on hip.
FY 2011,09/24/11,09/20/11,"Halliburton Energy Services, Carlsbad, NM 88220",Worker was fatally injured when a blowout preventer fell and struck him on the head.
FY 2011,09/24/11,09/20/11,"Morrow Meadows Corp., Los Angeles, CA 90045",Worker was electrocuted while installing new wires.
FY 2011,09/24/11,09/20/11,"Riverview LLC, Hancock, MN 56267",Worker was killed after hitting a tree while driving an ATV on the work site.
FY 2011,09/24/11,09/20/11,"Sharon Gulf Club, Sharon Center, OH 44274",Worker was killed after the golf cart he was operating collided with a tractor.
FY 2011,09/24/11,09/21/11,"Mid-State Equipment, Inc., Jackson, WI 53037","Worker making repairs underneath a piece of equipment was killed when the equipment fell, crushing him."
FY 2011,09/24/11,09/21/11,"Otis Elevator Company, Brookwood, AL 35444",Worker performing operations on top of an elevator car was struck and killed by another elevator car.
FY 2011,09/24/11,09/21/11,"Wedekemper's Construction, Inc., Pinckneyville, IL 62274",Worker died when struck-by or caught between a grain elevator leg that was under construction.
FY 2011,09/24/11,09/21/11,"Yellow Brick Properties, LLC., Springfield, MA 01109",Worker making repairs to a residential building died after falling from a 34-foot ladder.
FY 2011,09/24/11,09/23/11,"QTI Management Services, Inc., Madison, WI 53714",Worker died after being found unconscious at the bottom of a staircase.
