Date of Incident,"Company, City, State, ZIP",Preliminary Description of Incident,Fatality or Catastrophe
9/30/2013,"CAM Contractors Inc., Huntington Beach, CA 92649",Worker was electrocuted in concrete electrical vault.,Fatality
9/30/2013,"Cramer & Associates Inc., Cedar Rapids, IA 52404",Worker performing repairs on bridge killed when man lift basket pinned him against the bridge.,Fatality
9/30/2013,"Cross Creek Farms Inc., Shakopee, MN 55379",Worker was struck and killed by a horse being groomed. ,Fatality
9/30/2013,"Maher Terminals Inc., Elizabeth, NJ 07201",Worker struck and killed by truck.,Fatality
9/30/2013,"Reliable Tape Products, Vernon, CA 90058",Worker cleaning sump hole fell in and drowned.,Fatality
9/30/2013,"Skanska, Holbrook, AZ 86025",Worker died after fall from the deck of a bridge under construction.,Fatality
9/30/2013,"Super 8 Motel, Marion, IN 46952",Hotel worker fatally shot during robbery.,Fatality
9/30/2013,"Valley Logistics, Wilmington, DE 19810",Worker crushed by computer cabinet that fell from a delivery truck.,Fatality
9/29/2013,"Mega Construction Co Inc., Daphne, AL 36526",Worker died after a fall on construction site. ,Fatality
9/27/2013,"Affordable Homes Super Center Inc, Lafe, AR 72436",Worker struck and killed by an outrigger while lowering a manufactured home onto blocks.,Fatality
9/27/2013,"Bill Moen, Sole Proprietor, Tampa, FL 33664",Worker trimming a tree on a step ladder died after being struck by a tree limb and falling to the ground.,Fatality
9/27/2013,"B-Mack Wireless Inc., Indianapolis, IN 46219",Worker was crushed by a boom on crane being used to lift generator. ,Fatality
9/27/2013,"Bureau of Land Management, National Interagency Fire Center, Great Basin Smoke Jumpers, Glenns Ferry, ID 83623",Smokejumper died when his parachute canopy failed to deploy.,Fatality
9/27/2013,"Home Furniture Company, Lafayette, LA 70507",Worker died when the dock underneath the tow tractor he was operating suddenly collapsed.,Fatality
9/27/2013,"Klosterman Baking Company, College Corner, OH 45003",Worker died after being pinned between a truck and a dumpster when the truck rolled.,Fatality
9/27/2013,"Loram Maintenance of Way Inc., College Park, GA 30337",Worker crushed and killed by a light rail grinder train car.,Fatality
9/27/2013,"Robert Morey, Austin, TX 78732",Worker died after falling from the 2nd story framing level.,Fatality
9/26/2013,"ADS Logistic Services ? Gaffney LLC, Gaffney, SC 29340",Worker died after falling from a cherry picker that was struck by a truck.,Fatality
9/26/2013,"Iowa Erosion Control Inc., Liberty Center, IA 50166",Worker performing construction road flagger duties was struck and killed by a truck.  ,Fatality
9/26/2013,"Robertson Contractors Inc, Poplar Bluff, MO 63901",Equipment operator drowned when an excavator tipped and the cab became submerged in water.,Fatality
9/26/2013,"Tehama County at Long Ranch, Tehama, CA 96090",Worker died when caught between the hitch and trailer of a dump truck. ,Fatality
9/26/2013,"Terry Rimiller, Chicago, IL 60621",Worker died after falling from roof. ,Fatality
9/25/2013,"111 East Reistville RoadLantz Family Farm, Myerstown, PA 17067",Worker loading a mechanical harvester died when his leg got caught on a corn bale and pulled into the machine.,Fatality
9/25/2013,"Case Street Redi-Mix Inc., Hancock, VT 05748",Cement truck worker killed in vehicle crash.,Fatality
9/25/2013,"Evergreen Acres Dairy, Paynesville, MN 56362",Worker was struck and killed by a pay loader.,Fatality
9/25/2013,"M Daniel's Trucking LLC, Golden, CO 80402",Worker struck and killed by a dump truck. ,Fatality
9/25/2013,"Metal Systems F&E LLC, Wilder, KY 41071",Worker died after falling 25 feet while installing steel and insulation on deck.,Fatality
9/25/2013,"Ricker Oil Company Inc. (DBA Ricker Gas Station), Indianapolis, IN 46254",Worker shot during a store robbery. ,Fatality
9/25/2013,"Terry""s Construction, Blackwell, OK 74631",Worker died after falling 33 feet from aerial lift. ,Fatality
9/25/2013,"Weiser Security Services Inc., Rancho Cucamonga, CA 91730",Worker was run over by truck. ,Fatality
9/24/2013,"Berry Brothers General Contractors, Falls City, TX 78113",Five workers were hospitalized after being scalded by heated water released from a failed pressure valve on the machine they were cleaning.,Catastrophe
9/24/2013,"First Electrical Service, Honda Center, Anaheim, CA 92806",Worker electrocuted.,Fatality
9/24/2013,"Forney Industries Inc., Fort Collins, CO 80521",Worker struck and killed by a passing automobile.,Fatality
9/23/2013,"Anderson Produce Company Inc., Roseville, MN 55113",Worker died after falling in a storage room and hitting his head on the concrete floor.,Fatality
9/23/2013,"Austin & Bednash Construction Inc., Middletown, DE 19709",Worker died when the walls of the trench he was working in collapsed.,Fatality
9/23/2013,"D & K ROOFING LLC, Waynesville, MO 65583",Roofer died after falling 16 feet when part of the roof broke away. ,Fatality
9/23/2013,"G.W. Drywall, San Antonio, TX 78231",Worker died after falling 19 feet from platform.,Fatality
9/23/2013,"LP Trucking LLC, Los Angeles, CA 90069",Worker was struck and killed by window that tipped off back of truck.,Fatality
9/23/2013,"Megadyne Services Co., Barstow, TX 79719",Worker on an oil well was struck and killed when part of the drill's overhead piston pump fell on him.,Fatality
9/23/2013,"Oyster Bay Town Highway Department, Oyster Bay, NY  11771",Worker was struck by a motor vehicle during a roadside pickup.,Fatality
9/23/2013,"Southern Gas and Supply, Theodore, AL 36582",Worker struck and killed by a high-pressure release from a liquid carbon dioxide tank. ,Fatality
9/22/2013,"Brighton Window Cleaning, St. Cloud, MN 56301",Worker died after falling six stories while washing windows.,Fatality
9/22/2013,"Energy Drilling Company, Oberlin, LA 70655",Worker struck and killed by a joint casing that fell from a truck.,Fatality
9/21/2013,"City of Laguna Beach, Laguna Beach, CA 92607",Worker in vehicle was struck by truck on public highway.,Fatality
9/21/2013,"Filiberto Serna, New Orleans, LA 70143",Worker was crushed while disassembling a modular trailer unit.,Fatality
9/20/2013,"Campanella Corporation, Vallejo, CA 94592",Worker struck and killed by a construction tractor scraper.,Fatality
9/20/2013,"IMPD, Indianapolis, IN 46204",Officer shot and killed while attempting to rescue a victim of domestic violence.,Fatality
9/20/2013,"KDW Construction LLC, Mare Island, CA 94592",Worker was struck and killed by a construction tractor scraper while surveying a worksite. ,Fatality
9/20/2013,"Overgard Inc., Eleva, WI 54738",Worker killed in a vehicle collision after the trailer of the vehicle  became unhitched.,Fatality
9/20/2013,"Smiley Plaster Co., Swainsboro, GA 30401",Worker performing stucco work from a second level scaffold died after falling 16 feet.,Fatality
9/19/2013,"Gold N? Stuff, Ventura, CA 93003",Worker died after falling 45-feet from a tree during trimming operations.,Fatality
9/19/2013,"Lamar Advertising, Gary, IN 46408",One worker electrocuted and two others hospitalized while working on an outdoor billboard.,Fatality
9/19/2013,"R & J Construction Inc., Fort Payne, AL 35967",Worker installing metal roof clips died after falling 28 feet.,Fatality
9/19/2013,"Yager Materials LLC, Owensboro, KY 42302",Worker replacing dump truck axle was crushed when the floor jack failed.,Fatality
9/18/2013,"Kenny Construction Company, Chicago, IL 60618",Worker drowned while relining the inside of a sewer during a heavy rain.,Fatality
9/17/2013,"Avis Car Rental, Grand Junction, CO 81506",Worker driving a rental car shuttle was killed in a vehicle collision.,Fatality
9/17/2013,"Joel Cornelius Enterprises Inc., Harrison, OH 45030",Worker died from fall while conducting repairs to a gutter on a residential house.  ,Fatality
9/17/2013,"Vanderbilt Landscaping LLC, Brownsville, TN 38012",Worker struck and killed by a vehicle while picking up roadside debris.,Fatality
9/16/2013,"C&D Ventures (DBA Gold Coast Dairy), Goleta, CA 93117)",Worker was crushed between truck and loading dock while unloading material.,Fatality
9/16/2013,"Castlewood Consulting LLC, Glen Echo, MD 21812",Worker operating back hoe died after being caught-between the machine and house under construction.,Fatality
9/16/2013,"Distribution Export Logistics Inc., Houston, TX 77043",Worker performing maintenance on an electrical forklift was crushed and killed by the machine's overhead guard and mast. ,Fatality
9/16/2013,"Johnny's Electric, Inc., Fernandina Beach, FL 32034",Electrician working from an aerial lift was electrocuted by an overhead power line.,Fatality
9/16/2013,"SRic-Man Construction Florida, Inc., Miami, FL 33173",Worker struck and killed by a valve assembly.,Fatality
9/15/2013,"Rogers Helicopters Inc., Perryville, AR 72126",Worker electrocuted while servicing transmission lines from a helicopter.,Fatality
9/14/2013,"Caliber Cast Stone, O' FALLON  MO 63366",Worker died after being struck by the cement mixer he was repairing.,Fatality
9/14/2013,"Ravenswood Disposal Service Inc., Chicago, IL 60612",Worker was crushed between a box truck and a front end loader.,Fatality
9/13/2013,"Beyel Bros. Inc., Merritt Island, FL 32952",A deck hand drowned after falling into the water while assisting in securing a tug boat to a barge.,Fatality
9/13/2013,"Contractors Inc., Orange, CA 92879 (vacant building)",Worker electrocuted while working on an electrical panel inside vacant commercial building.,Fatality
9/13/2013,"Formosa Plastics Corporation Texas, Point Comfort, TX 77978",Five workers were hospitalized for injuries sustained in a flash fire caused by the release of a chemical under pressure.,Catastrophe
9/13/2013,"Nuco 2 Inc., Miami, FL 33126",Worker died after being struck by an SUV.,Fatality
9/12/2013,"Cronin Construction, Oviedo, FL 32765",Worker died after being struck by a vehicle while working on a roadway project.,Fatality
9/12/2013,"GA Paving LLC, Chicago, IL 60621",Worker died after being pulled into the grinding section of an asphalt paving machine.,Fatality
9/12/2013,"Patty?s Forestry Services Inc., Mammoth Lakes, CA 93546",Worker died after being struck by a falling branch while trimming a tree.,Fatality
9/11/2013,"7Joy Process Mechanical Inc., Canastota, NY 13032",Worker welding inside a tank connected to a sewage treatment facility died in an explosion..,Fatality
9/11/2013,"Bethel Frame & Wheel Alignment Service LLC, Bethel, OH 45106",Worker performing brake repairs died after falling from a step ladder.,Fatality
9/11/2013,"Color Dynamics Inc., Honolulu, HI 96822",Worker died after falling 50 feet from a suspension scaffold.,Fatality
9/11/2013,"Hartin Paint & Filler Corp., Carlstadt, NJ 07072",Worker died after being overcome by toluene vapor while taking solvent level measurements from an outdoor storage tank. ,Fatality
9/11/2013,"Lyford Gin Association, San Benito, TX 78586",Worker performing trash removal died after falling from tractor and being run over.,Fatality
9/11/2013,"S K Lumber, Cochranton, PA 16314",Forklift operator was killed when the lift went off a dock and rolled onto him.,Fatality
9/11/2013,"TJ Lyle & Company, Rome, GA 30161","Worker cutting a water pipe with a chain saw died after the saw kicked back and cut his neck, severing arteries. ",Fatality
9/11/2013,"US Foods, Selem, MO 65560",Worker died after falling from the bumper of a cooler truck.  ,Fatality
9/11/2013,"Westcoast Tree Care Inc., Lake Oswego, OR 97035",Worker died from overexposure to heat while trimming trees.,Fatality
9/10/2013,"Heber Farms, Belleville, IL 62220",Worker died after falling off of a six foot ladder. ,Fatality
9/10/2013,"Rachel Contracting Inc., St. Paul, MN",Worker was crushed by large piece of concrete that fell onto cab of the crane.  ,Fatality
9/10/2013,"Sierra Steel Buildings Inc., Northville, SD 57465",Worker installing insulation and panels on the roof of a steel building died after falling approximately 20 feet. ,Fatality
9/10/2013,"Terminix Pest Control, Wheeling, WV 26003",Worker died after being stung several times during a service call. ,Fatality
9/9/2013,"Bdaric Excavating, Swoyerville, PA 18704",Worker died after the steeple of a church that was being demolished fell on the cab of the tractor he was operating.,Fatality
9/9/2013,"GFW Welding & Co., Derby, CT 06418",Worker crushed by a snow plow blade that slid off forklift blades.,Fatality
9/9/2013,"Godwin Formwork Solutions, Norman, OK 73019",Worker died from a 67-foot fall when the scaffold he stepped onto collapsed. ,Fatality
9/9/2013,"Madden Galvanizing LLC, Houston, TX 77040",Worker was crushed by the forklift he was operating when it fell over on him. ,Fatality
9/9/2013,"Wal Mart Assoc. Inc., Clinton, UT 84015",Worker stocking merchandise died in fall from step ladder.,Fatality
9/9/2013,"Werner Construction Inc., Albion, NE 68620",Worker died after being struck by a motor bucket.,Fatality
9/8/2013,"Universal Constructors Inc., Piscataway, NJ 08854",Worker died after being run over and crushed by bulldozer.,Fatality
9/8/2013,"Watts Brothers Cable Construction, Calhoun, KY 42327",Worker was struck and killed by tree that was being removed from a telephone line. ,Fatality
9/7/2013,"Jenny's Kauli, Bethlehem, PA 18015",Three workers were hospitalized after the butane canisters over-heated and exploded. ,Catastrophe
9/7/2013,"Premier Bulk Stevedoring LLC, Mobile, AL 36602",Shipboard rigger died after being struck by falling cargo while it was being transferred from the pier.,Fatality
9/7/2013,"Sunwest Fruit Company Inc.,Traver, CA 93673",Worker killed in collision between all-terrain vehicle he was operating and another vehicle.,Fatality
9/6/2013,"Celco Construction Company, Desert Hot Springs, CA 92240",Worker electrocuted while changing power pack. ,Fatality
9/6/2013,"Powder Coat II, Mt Clemens, MI 48043",Worker crushed between transfer cart and automotive paint coating machine.,Fatality
9/6/2013,"Scrap Metal Recycling Inc., Vegas Baja, PR 00693",Worker operating a compact excavator was caught between bucket and machine frame.,Fatality
9/6/2013,"Stalcup Roofing & Construction LLC, Sandy Creek, OR 97055",One worker killed and three others hospitalized when roof trusses that were being installed fell over and collapsed into structure under construction.  ,Fatality
9/6/2013,"Williams Brothers Construction Co. Inc., Willis, TX 77378",Worker performing paving/concrete work died after being struck by a driveshaft.,Fatality
9/5/2013,"Coastal Leak Consulting Inc., Houston, TX 77066",Plumber was electrocuted while cutting through a pipe.,Fatality
9/5/2013,"Dan Hoe Excavating, Grand Haven, MI 49242",Worker leveling stone in preparation for paving was struck and killed by a skid steer operating in reverse.,Fatality
9/5/2013,"Saleh?s Market, Elkhart, IN  46516 ",Two workers were shot and killed during store robbery.,Fatality
9/4/2013,"Cromwell Dozer & Backhoe L.P., Bristow, OK 74010",Worker died in an explosion at an oil tank battery.,Fatality
9/4/2013,"Greentech Energy Services, Skippack, PA 19474",Electrical journeyman electrocuted while installing lighting equipment.  ,Fatality
9/4/2013,"Roy Webster Orchards Inc., Hood River, OR 97031",Worker crushed and killed when the tractor he was operating rolled down a steep ravine.  ,Fatality
9/4/2013,"Union Pacific Railroad, Mathis, TX 78368",Worker in an aerial lift repairing a railroad trestle died after falling 40-60 feet.,Fatality
9/3/2013,"Baker Grading & Landscaping Inc., Marion, NC 28752",Worker sweeping debris from roadway died when a dump truck backed over him.,Fatality
9/3/2013,"Juon Painting (Subcontractor); Calwide Painting (General Contractor), Thousand Oaks, CA 91362",Worker painting died after falling 15 feet from ladder. ,Fatality
9/3/2013,"Orange County Amish Saw Mill, Orleans, IN 47452",Worker killed by moving saw blade.,Fatality
9/3/2013,"Ponder Well Service Inc., Neil, AR 71752",Worker at a well site collapsed and died from heat.,Fatality
9/3/2013,"Westfire Coastal Inc., Woodinville, WA 98072",Worker was killed in vehicle collision.,Fatality
9/2/2013,"Blanchi Partnership, Nelson, CA 95958",Worker died in all terrain vehicle crash.,Fatality
9/2/2013,"Mid-South Agricultural Equipment Inc., Sumner, MS 38957",Worker performing tractor maintnenace was killed when the vehicle slipped into gear and rolled over him.,Fatality
9/1/2013,"L & M Painting LLC, Irondale, AL 35210",Worker died after falling 50 feet while pressure washing the inside of a water tower.,Fatality
9/1/2013,"Labor Ready, Burlington, MA 01803",Worker died after falling from a fixed ladder while replacing filters in a HVAC system located on the roof.,Fatality
8/31/2013,"L & M Painting LLC, Irondale, AL 35210",Worker died after falling 50 from a ladder inside a water tower.,Fatality
8/31/2013,"Russo Brothers Construction LLC, Johnston, RI 02919",Employee killed after being run over by a dump truck while making repairs to the braking system.,Fatality
8/31/2013,"Simmons Foods Inc., Siloam Springs, AR 72761",Four workers hospitalized after being overexposed to carbon dioxide at a poultry processing plant.,Catastrophe
8/31/2013,"Wally's Tree Service, Wapakoneta, OH 45895",Worker killed after falling from an extension ladder during tree trimming operations.,Fatality
8/31/2013,"YMCA New York, White Plains, NY 10605",Security guard was stabbed to death by a resident.,Fatality
8/30/2013,"Asplundh Tree Expert Co., Blairsville, PA 15717",Three employees were hospitalized when their utility vehicle rolled over. ,Catastrophe
8/30/2013,"Atlantic City Electric, Turnersville, NJ 08012",Worker struck and killed by a utility pole that had fallen off the back of a boom truck. ,Fatality
8/30/2013,"Santa Fe National Forest, Jemez Springs, NM 87025",Employee killed in an ATV acident while investigating a report of smoke in the Santa Fe National Forest. ,Fatality
8/30/2013,"SMC Networks Inc., Buford, GA 30519",Worker delivering a package struck and killed by another vehicle.,Fatality
8/29/2013,"Auger Services Inc., Columbus, TX 78934",Driver loading a drilling rig onto a truck died after being struck by a cable.,Fatality
8/29/2013,"Double H Construction of Lake Okeechobee Inc., Punta Gorda, FL 33950",Construction worker died in a motor vehicle accident. ,Fatality
8/29/2013,"Grove U.S. LLC, Shady Grove, PA 17256",Worker died after being pinned between two mobile cranes.,Fatality
8/29/2013,"Sheehan Pipeline Construction, Steubenville, OH 43952",Worker died after falling from construction equipment.,Fatality
8/29/2013,"Track Utilities LLC, Medicine, Lodge, KS 67104",Worker electrocuted while reconstructing a power line. ,Fatality
8/29/2013,"United Forming, Houston, TX 77027",Worker died after falling 11 floors down an elevator shaft.,Fatality
8/29/2013,"William J. Morse Jr. LLC, Stephentown, NY 12168",Worker struck and killed by a falling tree during tree-cutting operations.,Fatality
8/28/2013,"A. Finkl & Sons Co., Chicago, IL 60619",Employee killed after being struck by material hanging from an overhead crane.,Fatality
8/28/2013,"Charter, Keshena, WI 54135",Worker suffered multiple bee stings and died after falling abd striking his head. ,Fatality
8/28/2013,"El Rodeo Restaurant LLC, Riverdale, MD 20737",Worker installing a banner died after falling from an extension ladder. ,Fatality
8/28/2013,"U.S. Department of Interior, Cherokee, NC 28719",Worker died after a riding lawn mower rolled onto him.,Fatality
8/28/2013,"Wightman Oil Company, Andover, NY 14806",Oil worker servicing a well died after being struck by falling equipment when the oil rig mast broke.,Fatality
8/27/2013,"McCoy's Building Supply, Lufkin, TX 75901",Employee loading sheetrock was killed after being pinned between a loaded forklift and a flatbed truck. ,Fatality
8/27/2013,"Sodexo Management Company, Garden City, KS 67846",Employee struck and killed by a car.,Fatality
8/26/2013,"Allen Development Group Inc., Columbus, GA 31909",Two workers were killed at an excavation site when the 15-foot deep trench they were working in collapsed. ,Fatality
8/26/2013,"Bluewater Yacht Sales LLC, Hampton, VA 23669",Employee drowned after falling from a floating dock while washing the hull of motor yacht.,Fatality
8/26/2013,"CB Construction Corp., Sarasota, FL 34242",Employee drowned while inspecting a seawall under construction.,Fatality
8/26/2013,"JBA Land Management, Plano TX 75025",Worker drowned in a golf course pond when a lawnmower flipped over onto him.,Fatality
8/26/2013,"Leal Trucking, Alliance, NE 69301",Worker crushed and killed by a truck while removing a pnuematic powered axle.,Fatality
8/26/2013,"MFA Inc., Aurora, MO 65605",Worker died after falling nearly 30 feet from a manlift.,Fatality
8/26/2013,"Panchos Fencing, Guthrie, TX 79236",Employee killed after being struck by a backhoe.,Fatality
8/24/2013,"CC Zamora Construction LLC, Fort Worth, TX 76129",Worker died when a chimney fell on him during demolition operations.,Fatality
8/24/2013,"Not Trucking LLC, Killdeer, ND 58640",Worker was killed after being run over by a truck and tanker trailer at a fracking oil well site.,Fatality
8/24/2013,"Rutledge Floor Covering, Torrance, CA 90505",Worker died from fall while installing floor covering.,Fatality
8/23/2013,"Centerpoint Energy, Katy, TX 77494",Worker killed when caught between the ground and bumper of the bucket truck he was repairing.  ,Fatality
8/23/2013,"Clarion Boards Inc., Shippenville, PA 16254",Worker fatally crushed between a roller conveyor and the conveyor system while working on a hydraulic pump.,Fatality
8/23/2013,"Deviney Construction Company, MS 39212",Worker electrocuted by power line.     ,Fatality
8/23/2013,"Erie Insurance Group, Hobart, WI 54115",Insurance employee was killed in a motor vehicle crash while traveling on business.,Fatality
8/23/2013,"Globe Energy Services, Henderson, TX 75652",Worker died in fall down staircase.,Fatality
8/22/2013,"Heartland Footwear Inc., Pocahontas, AR 72455",Worker killed when caught in a rotary injection molding machine.,Fatality
8/22/2013,"Ryman Lynn May, Simsboro, LA 71275",Truck driver was fatally crushed under the landing gear of a semi-trailer.,Fatality
8/22/2013,"Troy Construction LLC, Jackson, TX 77566",Employee working as a highway workzone flagger was struck and killed by motor vehicle.,Fatality
8/21/2013,"Koch Construction Company Inc., Kingsville, TX 78363",Construction worker died from heat stress.,Fatality
8/21/2013,"T-5 Construction Inc., Garrison, TX 75946",Worker electrocuted from overhead power line.,Fatality
8/20/2013,"Ahronian Landscaping & Design Inc., Holliston, MA 01746",Worker in aerial lift burned and electrocuted from overhead electrical line.,Fatality
8/20/2013,"Classic Irrigation & Landscape Inc., Missouri City, TX 77459",Landscape employee crushed and killed by tractor and truck.,Fatality
8/20/2013,"Nova Geotechnical and Inspection Services PLLC,                                        Las Vegas, NV  89118",Worker died after falling 20 feet through aluminum decking from second level of steel structure.,Fatality
8/20/2013,"Re Planet, Cucamonga, CA 91730",Worker was struck and killed by skid loader.,Fatality
8/19/2013,"Four Brothers Goat Farm, Millerton, NY 12546",Farm worker was killed after being run over by tractor.,Fatality
8/19/2013,"Lake Painting Inc., Midland, MI 48640",One worker was killed and two hospitalized in a fall from self-propelling work platform.,Fatality
8/19/2013,"Medallion Security Door & Window Company,                               Severn, MD 21144",Worker died when a 7-foot deep trench collapsed.,Fatality
8/19/2013,"Moark LLC, Turner, ME 04282",Worker shot and killed in a chicken barn. ,Fatality
8/19/2013,"Rick's Auto Body, Missoula, MT 59808",Employee died from burns from a vapor fire in a paint room.,Fatality
8/19/2013,"Southern Agri Systems Inc., Indianola, MS 38751",Forklift operator killed after being struck by a distracted driver.,Fatality
8/19/2013,"Terminix Service Inc., Lake City, SC  29560",Worker electrocuted while performing extermination work.,Fatality
8/19/2013,"Tutoring Club, Fountain Valley, CA 92708",Driver killed in vehicle accident.,Catastrophe
8/17/2013,"50 State Security Inc., Homestead, FL 33032",Secutiry worker fatally while patrolling.,Fatality
8/17/2013,"Custom Tower LLC, Louise, MS 39097",Worker installing satellite dishes to a communications tower died after falling 125 feet.,Fatality
8/17/2013,"Golden Touch Painting, North Salem, NY 10560",Painter died after falling from a 30-foot ladder. ,Fatality
8/17/2013,"Island Field Services LLC, Galveston, TX 77554",Worker died from chemical pneumonitis after being exposed to sulfuric acid and sulfur dioxide.,Fatality
8/17/2013,"North American Roofing LLC, Ashtabula, OH 44004",Worker installing sheet metal roof materials died after falling 20 feet through a skylight.,Fatality
8/16/2013,"Universal Pegasus Power Services Inc., ENCINO  TX 78353",Worker died from heat stroke during surveying operations.,Fatality
8/16/2013,"US Forest Service, Albuquerque, NM 87109",Worker died from a spider bite.,Fatality
8/15/2013,"FMS Drilling, Lafayette, OH 43845",Oil rig worker died after falling 60 feet.,Fatality
8/15/2013,"Wire Mesh Corp., Jacksonville, FL 32226",Worker was fatally crushed between feeding cart and feeding tray roller assembly.,Fatality
8/14/2013,"Aldridge Electric Inc., New Prague, MN 56071",Electrical worker died after falling into 50 foot hole.,Fatality
8/14/2013,"Brothers With Brushes, Warrenton, MO 63383",Worker electrocuted by high tension wires.,Fatality
8/14/2013,"F&T  Farms, Caruthers, CA  93609",Worker crushed and killed after being caught between dump truck and parked trailer.,Fatality
8/14/2013,"GroundsCare Landscape LLC, Watchung, NJ 07069",Landscape worker died from bee sting.,Fatality
8/14/2013,"LTM Inc., Wolf Creek, OR 97497",Worker struck and killed when a semi-truck while working on the grass side of a guardrail.,Fatality
8/14/2013,"PermaFix of South Georgia Inc., Valdosta, GA 31601",Three workers hospitalized during a chemical fire. ,Catastrophe
8/14/2013,"Timco Services Inc., Fort Polk, LA 71459",Worker died after falling 30 feet when the air hoist line became caught on an oil rig during rig-up operations.,Fatality
8/14/2013,"Unlimited Landscape, Costa Mesa, CA 92626",Worker died after falling from 10-foot ladder.,Fatality
8/13/2013,"Elk Grove Milling Inc., Elk Grove, CA 95757",Worker killed when forklift rolled over onto him. ,Fatality
8/13/2013,"JAG Construction, Hugoton, Goton, KS 67951","Worker died in concrete truck accident.
",Fatality
8/13/2013,"John Wilkes Tree Service, Middleburg, FL 32068",Worker died in 50-foot fall from tree during trimming operations.,Fatality
8/13/2013,"Owens Lumber Company Inc., Tallapoosa, GA 30176",Worker operating an edger struck and kille by a piece of lumber that was ejected from edging machine.  ,Fatality
8/12/2013,"Atlantis Electronics Corporation, Pompano Beach, FL 33069",Warehouse worker died after falling from a ladder.,Fatality
8/12/2013,"D & D Maintenance Services Inc., Hannahan, SC 29410",Worker electrocuted while performing work on a HVAC unit.  ,Fatality
8/12/2013,"Dave Gryp Construction Inc., Victor, IA 52347",Worker struck and killed by skid loader while unloading wood posts. ,Fatality
8/12/2013,"Jim Young Construction Company Inc., Andrews, SC 29510",Worker performing flag work in a road construction zone killed in a multiple vehicle collision.,Fatality
8/12/2013,"Techline Construction LLC, Victoria, TX 77905",Worker electrocuted by exposed and energized transmission line.,Fatality
8/12/2013,"Thebeau Builders, Saint Clair, MO 63077",Three workers hospitalized during truss collapse.,Catastrophe
8/12/2013,"Transmit Program Management LLC, Coats, NC 27521",Worker died after falling 200 feet from communication tower.,Fatality
8/11/2013,"All Season Roofing & Restoration, Kansas City, MO 64120",Worker died in fall through skylight while installing insulation on a roof.,Fatality
8/11/2013,"Perfection Home Repair, Chester, SC 29706",Worker electrocutred while trying to find water leak under a residential home.,Fatality
8/11/2013,"Ritter Construction Company, Hochheim, TX 77967",Worker struck and killed by a 60-inch pipe wrench. ,Fatality
8/10/2013,"Bakersfield Speedway, Bakersfield, CA 93308",Worker died after being struck by a race car. ,Fatality
8/10/2013,"Capco Contractors Inc., Longview, TX 75604",Three employees were hospitalized after a flash fire during welding operations.,Fatality
8/10/2013,"Frank J. Fazzio & Sons Inc., Pitman, NJ 08071",Worker died in fall from a truck.,Fatality
8/10/2013,"Spring Valley Associates, Ely, NV 89301",Worker died after being ejected from ATV.,Fatality
8/10/2013,"Waldhaus, Inc., Topanga, CA 90290",Worker fell 100 feet into river and was swept over waterfall.,Fatality
8/9/2013,"Award Electrical Service Inc., Stillwater, OK 74074",Electrical apprentice electrocuted while repairing wires in attic.,Fatality
8/9/2013,"Mississippi Phosphates Corporation, Pascagoula, MS 39567",Three employees were hospitalized after being sprayed with sulfuric acid during pumping operations. ,Catastrophe
8/9/2013,"North American Powerline Construction Services Inc., Eugene, OR 97405",Worker killed when manlift fell over while working on a cell tower.,Fatality
8/9/2013,"Top-Co Cementing, Itasca, TX 76055",Employee in construction zone died after an 18-wheeler rear-ended the vehicle he was operating. ,Fatality
8/8/2013,"Jimmies Tree Service Inc., Hemingway, SC 29554",Worker performing flag work struck and killed by an oncoming vehicle.,Fatality
8/8/2013,"L&L Ranch, Chawahilla, CA 93610",Worker crushed and killed after being thrown from tractor.,Fatality
8/7/2013,"5 J Oilfield Services, Jal, NM 88252",Worker crushed to death between oil and gas drilling machine and truck.,Fatality
8/7/2013,"Clintar Groundskeeping Florida LLC, Green Acres, FL 33413",Worker killed by overturned lawn mower.,Fatality
8/7/2013,"D.H. Griffin of Texas Inc., Tyler, TX 75706",Skid-steer loader operator working at a demolition site was killed when the loader fell into an open pit.,Fatality
8/7/2013,"Decorative Home Services LLC, Sun City Center, FL 33571",Worker died after falling from a 15-foot scaffold while doing stucco work.,Fatality
8/7/2013,"Harriman State Park, Bear Mountain, NY  10911",Worker struck and killed by an excavator hammer.,Fatality
8/7/2013,"Riverwood Flooring & Paneling Inc., Whigham, GA 39897",Worker died after being cut during repairs to a saw carriage.,Fatality
8/7/2013,"Sole Proprietor, Sharp Communications,                                             Las Vegas, NV 89030",Worker died afer falling 16 feet from a communications tower.,Fatality
8/7/2013,"Summit Tower Construction LLC, Waynesboro, VA 22980",Worker climbing a cell phone tower communication died after falling approximately 100 feet.  ,Fatality
8/7/2013,"Trees Inc., Grand Rapids, MI 49507",Worker electrocuted from power lines.,Fatality
8/6/2013,"Central Ready Mix LLC, Middletown, OH 45044",Worker died from ashyxiation after becoming engulfed in fly-ash.,Fatality
8/6/2013,"County Fire & Rescue, LLC, Merlin, OR 97532",Rescue worker killed when boat rolled over onto him.,Fatality
8/6/2013,"Hamlet Underground Inc., The Villages, FL 32159",Worker died after being overcome by fumes while working in a manhole.,Fatality
8/6/2013,"Howell Paving Inc., Wheeler, IL 62479",Worker struck and killed by vehicle while performing road work.,Fatality
8/6/2013,"Lucas Marine Construction LLC, Fort Pierce, FL 34950",Marine construction diver drowned.,Fatality
8/6/2013,"O & G Industries Inc., Stamford, CT 06902",Worker at an asphalt processing plant was struck and killed by a front end loader. ,Fatality
8/6/2013,"Professional Well Services, Cuba, NM  87013",Worker driving pump truck died when the vehicle rolled over.,Fatality
8/6/2013,"Town of Washington Grove, Gaithersburg, MD  20877",Worker struck and killed by falling tree. ,Fatality
8/5/2013,"Agraserv Inc., American Falls, ID 83211",Employee struck and killed a farming combine.,Fatality
8/5/2013,"California Box Company, Santa Fe Springs, CA 90670",Worker struck and killed by a motor vehicle while moving motorcycle during work.,Fatality
8/5/2013,"Groh Farms, Fairfield, OH 45014",Worker in a corn storage died after being engulfed in seed. ,Fatality
8/5/2013,"Haverfield Aviation Inc., Ackerly, TX 79713",Two employees suspended from a helicopter while working on power lines were killed when the cable holding them snapped.,Fatality
8/5/2013,"Highline Autosport, Blue Springs, MO 64014",Employee died after being struck by automotive lift.,Fatality
8/5/2013,"Kelley Roofing, Amarillo, TX 79106",Forklift operator unloading roofing materials from a tractor trailer died from injuries after a vehicle collision.,Fatality
8/5/2013,"Steel Dynamics, Columbia City, IN 46725",Worker killed after becoming caught and wrapped around driveshaft.,Fatality
8/4/2013,"MasterBrand Cabinets Inc, Arthur, IL 61911",Worker crushed and killed when an overhead door fell on him. ,Fatality
8/4/2013,"Oliver's Hardware Inc., Sobrante, CA  94803",Worker died from injuries after being stabbed.  ,Fatality
8/3/2013,"Main & Hwy 15 One of a Kind Cleaning & Maintenance Services, Follett, TX 79034",Worker died after being struck in the head by a pipe that fell on him.,Fatality
8/3/2013,"Sage Electric, Burleson, TX 76028",Employee died from head injuries after falling from a ladder while strapping conduit.,Fatality
8/2/2013,"Breaux Unlimited LLC, Gretna, LA 70056",Employee died after falling 25 feet through a skylight while replacing the roof on a building.,Fatality
8/2/2013,"L. Bolt Construction, Evansville, IN 47714",Roofer electrocuted from overhead power wires.,Fatality
8/2/2013,"Norton Creek Farms Inc., Franklin, NC  28734",Worker killed by carbon monoxide while using a forklift to load pallets. ,Fatality
8/2/2013,"Swanson Electric LLC, Aberdeen, SD 57401",Employee died after being thrown from a bucket truck that tipped over while he changed lightbulbs in a parking lot.,Fatality
8/2/2013,"Thuston Construction Company Inc., Alexander, AR 72002",Worker died after falling off a ladder while assessing a building's ventilation.,Fatality
8/1/2013,"Arndt Enterprises Inc., Mt. Vernon, IA 52314",Worker died after falling from a water tower while painting.,Fatality
8/1/2013,"K & D Pipeline Services, Inc., Pasadena, TX 77501","Employee died after being thrown from, then crushed by the tractor he was using to cut grass.",Fatality
8/1/2013,"LGSTX Services, Inc., Wilmington, OH 45177",Employee died after falling off a delivery vehicle and onto the road.,Fatality
8/1/2013,"T & R Painting Specialist, Inc., Sunrise FL 33351",Employee died after an unsecured steel security gate fell over onto an employee while it was being moved.,Fatality
7/31/2013,"Acme Auto Parts Inc., Kankakee, IL 60901",Worker fatally crushed when a vehicle being lifted by a front-end loader fell on him.,Fatality
7/31/2013,"Chain Electric Company, New Orleans, LA 70117","Worker electrocuted after contacting a 7,200-volt line while connecting an overhead power line to a new electrical pole. 

",Fatality
7/31/2013,"Florida Service Painting, Inc., Sarasota, FL 34236",Painter died from injuries after being pinned between aerial lift and eave while positioning the aerial lift. ,Fatality
7/31/2013,"Zaloumis Contracting Services Inc., Scarsdale, NY 10583",Worker repairing telephone lines was killed when his extension ladder was struck by a passing vehicle.,Fatality
7/30/2013,"Delta Sandblasting Co. Inc., Alameda, CA 94501",Employee collapsed and died after performing sandblasting inside a tank on a cargo ship. ,Fatality
7/30/2013,"Delta Sandblasting Company Inc., Alameda, CA  94501",Worker died while performing sandblasting operations inside a ship tank.,Fatality
7/30/2013,"Modern Surfaces Inc., Newport Beach, CA 92660",Worker drowned while repairing tile in a jacuzzi.,Fatality
7/30/2013,"MTD Consumer Group Inc., Martin, TN  38327",Eight workers hospitalized for carbon monoxide exposure when mulitple propane-powered equipment was used to perform building construction and maintenance.,Catastrophe
7/30/2013,"P.K. Moyer & Sons, Inc., Landsdale, PA 19446",Employee died after being struck and killed by a street sweeper during road repaving work.  ,Fatality
7/30/2013,"Wilson Construction Co., Gold Beach, OR 97444",Construction worker killed by electric shock.,Fatality
7/29/2013,"Ferrellgas L.P. Limited Partnership, Tavares, FL 32778","Six employees were hospitalized after a fire and explosion occurred in the inventory area of a propane distributor.
",Catastrophe
7/29/2013,"Gilman Building Products, LLC, Fitzgerald, GA 31750",Worker fatally crushed after being caught between stacks of lumber during forklift operations. ,Fatality
7/29/2013,"River Basin Contracting, Trenton, ND 58853",Employee killed when bulldozer he was operating was struck by an Amtrak train.  ,Fatality
7/29/2013,"Static Oilfield Services Inc, MEDFORD, OK 73759",Employee fatally crushed by bundles of stacked polycoil tubing.,Fatality
7/29/2013,"Suburban Landscape Management, Wichita, KS 67216",Worker struck and killed by passing vehicle while operating a weedeater alongside the road.,Fatality
7/29/2013,"Torrance Casting Inc., La Cross, WI 54603",Worker died after falling into furnace while performing maintenance on it. ,Fatality
7/28/2013,"1706 S. 68th St., West Allis, WI 53214",Worker died after falling from a rig while removing machinery from a foundry.,Fatality
7/28/2013,"Florida Sheriffs Youth Ranches, Inc., Live Oak, FL 32060",Employee died in a traffic accident.,Fatality
7/28/2013,"Pump and Supply LLC, Edmond, OK 73013",Worker electrocuted when energized wires contacted the metal frame of a water pump he was using.,Fatality
7/28/2013,"Shatto Farms, Osborn, MO 64474",Farm employee died at the hospital after apparently being stepped on by a bull. ,Fatality
7/27/2013,"Asplundh, Bethlehem, PA 18018",Worker electrocuted during tree trimming operations when his aerial basket contacted overhead power lines.  ,Fatality
7/27/2013,"Graycor Construction Company Inc., Beachwood, OH 44122","Four workers hospitalized after exposure to mold, other chemicals during a paint remediation project.",Catastrophe
7/27/2013,"Navasota Oil Co., Madisonville, TX 77864",Worker died from head injuries after a vehicular accident. ,Fatality
7/26/2013,"321 Commercial Avenue Super King Sauna NJ, LLC, Park, NJ 07650","Employee found dead inside a granite stone sauna oven area. 

",Fatality
7/26/2013,"Burke L. Lathrop, Tollgate, OR 97759",Worker killed when a truck rolled over onto him.,Fatality
7/25/2013,"Columbia Pipe & Supply Co., Rockford,  IL 61108",Employee crushed when caught between a pipe and the ground while off-loading a trailer.,Fatality
7/25/2013,"J&M Hauling Co. Inc., Evanston, IL 60201",Employee suffered fatal injuries after being struck in the head by a crowbar. ,Fatality
7/25/2013,"James McNally Roofing and Siding, Sandwich, MA 02563",Worker died after falling nearly 40 feet from a roof. ,Fatality
7/25/2013,"Konet Corporation, Vienna, MD  21869",Worker died from a 240-foot fall from a cell tower while adjusting an antenna.,Fatality
7/25/2013,"Patterson-UTI Drilling Company LLC, Houston, TX 77049",Worker died after being pinned between two trucks while preparing to connect a winch line.,Fatality
7/24/2013,"Bridgeport Tank Trucks LLC, Bridgeport, TX 76426",Mechanic killed when residual vapors inside a tanker truck ignited while he was replacing the truck's valve.,Fatality
7/24/2013,"Fontana Wood Products of Oregon Inc.,                                                                 Prineville, OR 97754",Worker was crushed while dismantling parts from iron frame for salvage.,Fatality
7/24/2013,"Hudson River Construction Co. Inc., Wynantskill,  NY 12198",Employee killed when a truck rolled over him while he performed road paving operations. ,Fatality
7/24/2013,"Sergio A Gaytan , Garland, TX 75041",Employee died after falling 25-feet through a roof opening while installing new air conditioner. ,Fatality
7/23/2013,"Cheney Pulp and Paper Company, Franklin, OH 45005",Worker killed when a piece of fabricated steel struck him in the chest as he cleaned excess paper pulp from a digester machine.,Fatality
7/23/2013,"Diaz Construction Co. Inc., Plymouth, MA 02360",Employee fatally crushed when a piece of formwork he was constructing fell on him.,Fatality
7/23/2013,"LCN Holdings Inc., Perry, OH 44081",Worker died after falling backwards from a fork truck while completing tree trimming activities.,Fatality
7/23/2013,"Lien Transportation Company, Aberdeen, SD 57401",Worker struck and killed by a semi-trailer while serving as a spotter at a construction site. ,Fatality
7/23/2013,"Preferred Sandblasting & Painting LLC, Sparta, TN 38583",Worker died from a 30-foot fall when a suspension scaffolding support cable pulled free.,Fatality
7/23/2013,"Western Flyer Express, Inc., Oklahoma City,  OK 73149",Driver died after a PVC pipe rolled off a trailer and struck him.,Fatality
7/22/2013,"Paul Harris Farms Inc., Robersonville, NC 27871",Worker killed after being pulled into the conveyor of a tobacco harvester.   ,Fatality
7/20/2013,"Dukane Precast Incorporated, Aurora, IL 60502",Employee killed while cleaning a cement mixer that activated while the employee was inside.,Fatality
7/20/2013,"Phoenix Rigging & Erecting LLC, Macon, GA 31206",Employee fatally crushed when a portion of a crane fell on him while removing the mast of a latice boom. ,Fatality
7/20/2013,"Whitledge Tree Service LLC, Mount Carmel, IL 62863",Employee struck and killed by tree limb while removing limbs entangled in a telephone line.,Fatality
7/19/2013,"133-25 131 St., South Ozone Park, NY 11420",Employee died after falling from roof while conducting repairs at private residence.,Fatality
7/19/2013,"Bicketts Tilling and Excavation LLC, Owensboro, KY 42302",Worker struck and killed by a falling tree while clearing trees.,Fatality
7/19/2013,"C2R Farms Inc., Hemet, CA 92545",Worker struck and killed by falling planting machine located on a flatbed truck. ,Fatality
7/19/2013,"Cooper Tank & Welding Corp., Brooklyn, NY 11211",Employee died of heat exhaustion while sorting construction debris on a conveyer belt at a concrete recycling plant.,Fatality
7/19/2013,"Logram-Eastern Electric Corporation, Hoboken, NJ 07030",Worker electrocuted while replacing wire from a transformer.,Fatality
7/19/2013,"Lomelino's Repair, Virden, IL 62690",Worker fatally crushed between sheets of steel and a workbench.,Fatality
7/19/2013,"PCS Wireless LLC, Florham Park, NJ 07932",Employee for a wireless provider found dead on the floor of a bathroom being renovated.,Fatality
7/19/2013,"Testwell Craig, Mays Landing, NJ 08330",Employee died from injuries after work vehicle struck a tree.,Fatality
7/18/2013,"Bass Enterprises Production Company, Kermit, TX 79745","Employee killed after falling off a catwalk while testing a tank filled with hydrogen sulfide.

",Fatality
7/18/2013,"Falco Energy Transportation, Watford City, ND 58854",Worker died from possible hydrogen sulfide exposure. ,Fatality
7/18/2013,"Fremont Plastic Products Inc., Fremont, OH 43420",Worker electrocuted while working at a plastics manufacturing facility. ,Fatality
7/18/2013,"Martin Tree Services, Belspring, VA 24058",Worker died from 60-foot fall while performing tree trimming and removal services for a private resident.,Fatality
7/18/2013,"Richard D. Gates, Arkansas City, KS 67005",Worker trampled and killed by cattle being unloaded from semi-truck.,Fatality
7/17/2013,"AERT, Springdale, AR 72764",Worker died after a fireball engulfed the room where he was working inside a composite building materials facility.  ,Fatality
7/17/2013,"Fairfield Contractors,  West Lafayette, IN 47906",Worker killed when run over by a trailer truck within construction zone. ,Fatality
7/17/2013,"Five Star Logging, Woodland, WA 98674                                                                                   ",Worker killed after being struck by a falling cut cedar tree while performing tree operations.,Fatality
7/17/2013,"Premier Coopertive Inc., Sidney, IL 61877",Employee killed after being engulfed by grain while working inside a grain bin.,Fatality
7/16/2013,"Collum Lumber Products, Allendale, SC 29810",Employee electrocuted after the grinding machine he was operating came into contact with power lines.,Fatality
7/16/2013,"Evergreen Lawncare Services, Winchester, VA 22601                                   ",Worker found dead underneath a lawnmower.,Fatality
7/16/2013,"Grismer Tire Company, Dayton, OH 45449",Employee died after being pinned between the knuckle of a bachhoe outrigger and the ground. ,Fatality
7/16/2013,"J M A Roofing, Omaha, NE 68102",Employee died after falling 30 feet while working on a commercial roofing project.,Fatality
7/16/2013,"Shelly & Sands, Columbus, OH 43211",Employee killed after being run over by a dump truck.,Fatality
7/15/2013,"Choice Fasteners LLC, Spring, TX 77380","Worker riding as a passenger on a forklift was killed when the forklift overturned, crushing him.

",Fatality
7/15/2013,"Crosby Plumbing & Water Quinton, VA  23141                         ",Worker died after falling from the second floor stairway of a new home under construction.  ,Fatality
7/15/2013,"Dr. Carey Frix, Henderson, TN 38340 (residential address)",Worker killed after being thrown 20 feet from a manbasket after the machine that the basket was attached to rolled down a hill and struck a tree.,Fatality
7/15/2013,"International Door Inc., North Kingstown, RI 02852",Worker died after receiving several electric shocks from a live voltage source inside a panel.,Fatality
7/15/2013,"Midwest Machinery Company, Howard Lake, MN 55349",Worker fatally crushed by a box of packaged parts while removing banding.,Fatality
7/15/2013,"PPG Industries, Barberton, OH 44203",Worker died after becoming trapped in a winder machine while trying to clear a jam. ,Fatality
7/15/2013,"Tommy M. Castello, Washburn, IL 61570",Two workers drowned after going for a swim to cool off.  ,Fatality
7/12/2013,"BBC Steel Corporation, Canby, OR 97013",Worker crushed when a piece of steel from a press brake fell on him.,Fatality
7/12/2013,"Bridgestone Americas Tire Operations LLC, La Vergne, TN 37086                                          ",Worker died after being found pinned under parts from a tire assembly machine.,Fatality
7/12/2013,"Fuentes Plumbing, Los Angeles, CA 90025",Worker apparently electrocuted while using electric chipping gun to chip concrete inside a 20-foot-deep trench. ,Fatality
7/11/2013,"Blaine Miller Services, Fort Wayne, IN 46845",Two workers killed when struck by semi-truck while repairing a broken down truck on side of highway.,Fatality
7/11/2013,"Consolidated Distributors, Inc. Houston, TX 77018",Employee died from injuries caused by being caught in styrofoam grinder/processor he had been operating.,Fatality
7/11/2013,"Gallo Mechanical, LLC, Metaire, LA 70001",Employee died from heat-related injuries while replacing a water heater in a residential home attic.,Fatality
7/11/2013,"Gillespi Ag Service, Tulare, CA 93274",Worker killed when caught between the carriage and frame of a poly tank carrier.,Fatality
7/11/2013,"Grocery Outlet, Redwood City, CA  94063",Worker fatally crushed inside a compactor/baler. ,Fatality
7/11/2013,"Thomas Tree Service Professionals, Sharpsville, PA 16150",Worker died after being ejected from a bucket truck while trimming and cutting tree limbs.,Fatality
7/10/2013,"Fore Golf Services, Medina, OH 44256",Employee died from electrical shock while working in an excavation.,Fatality
7/10/2013,"Mc Connell Dowell Constructors, Pago Pago, AS 96799",Employee electrocuted when an electrical arc occurred between a power line and crane.,Fatality
7/10/2013,"National Park Service Channel Islands National Park, Ventura, CA 93001",Volunteer worker died after falling from the fixed steel ladder of a pier onto a park service boat. ,Fatality
7/10/2013,"Yoder Lumber Company, Inc., Millersburg, OH 44654",Employee died after falling eight feet from a flatbead truck.,Fatality
7/9/2013,"Fresh Market Inc., Lexington, KY 40502",Worker died after falling from ladder while stocking shelves at market.,Fatality
7/9/2013,"James Mitchell, Nowata, OK 74048",Worker died after falling four stories while painting on a hotel roof.,Fatality
7/9/2013,"MTech Comfort System, Austin, TX 78702",Employee died from apparent electrocution while working on an A/C unit. ,Fatality
7/9/2013,"Superior Group LLC, El Paso, TX 79925",Worker died after being electrocuted while working on light fixtures.,Fatality
7/8/2013,"B & B Tree Service, Bittinger, MD 21522",Tree service worker electrocuted by high voltage power lines.,Fatality
7/8/2013,"Curtis Hoffman Oil LLC, Claflin, KS 67525",Employee died from exposure to hydrogen sulfide gas while working in an underground saltwater disposal system.,Fatality
7/8/2013,"E&W Electrical Solutions LLC, Buchanan, TN 38222",Worker electrocuted while removing 277-volt AC wiring.,Fatality
7/8/2013,"Excell Electric, Irving, TX 75061",Employee died from six-foot fall to concrete after contacting an energized junction box.,Fatality
7/8/2013,"Lovett Inc., Portland, OR 97218",Worker killed after work vehicle's brakes failed causing vehicle to crash through a guardrail and roll down a bank.  ,Fatality
7/8/2013,"Monarch Tower, New Town, ND 58763",Two employees died after falling about 225 feet while performing maintenance on a communication tower.  ,Fatality
7/8/2013,"Myers Pump and Supply, LLC, Claflin, KS 67525",Employee died from exposure to hydrogen sulfide gas while working in an underground saltwater disposal system.,Fatality
7/8/2013,"US Fish & Wildlife Service, Pickstown, SD 57367",Two employees struck and killed by vehicle while they performed field work for fish and wildlife agency.,Fatality
7/8/2013,"Virtexco Corporation , Virginia Beach, VA 23459", Employee died from ruptured spleen after scraping stomach on bar joists while crawling on walk boards in an attic.,Fatality
7/8/2013,"Watson Ag Chemicals, Caruthers, CA 93609",Worker died after being runover by a truck.,Fatality
7/7/2013,"C&R Downhole Drilling, LLC, West Union, WV 26456",Worker testing a well hole was killed when a fire erupted at a nearby deisel-powered water pump. ,Fatality
7/7/2013,"Dan Avila & Sons, Turlock, CA 95307","Worker was shot and killed by co-worker's disgruntled spouse, who was attempting to shoot the co-worker. ",Fatality
7/7/2013,"Nabors Completion and Production Services Company, West Union, WV 26456",Worker testing a well hole was killed when a fire erupted at a nearby deisel-powered water pump. ,Fatality
7/6/2013,"ODW Contract Services, Okmulgee, OK 74447",Worker died from head injuries on his first day on job after his stand-up forklift hit a shelving unit.,Fatality
7/6/2013,"Stewart Industrial Maintenance LLC,  Tell City, IN 47586",Worker killed after he slipped and fell 50 feet from platform used to perform tank maintenance.,Fatality
7/6/2013,"Tulsa Job Corps, Okmulgee, OK 74447",Worker drowned while swimming at Lake Okmulgee.,Fatality
7/5/2013,"Bedford-Carp Construction JV Inc., New York, NY 10004",Employee crushed by pipes that fell from a forklift.,Fatality
7/5/2013,"Cuddy Thomas / Tim's Taxi, Auburn, WA 98002",Worker killed when an alleged drunk driver struck worker's cab. ,Fatality
7/5/2013,"Etchegaray Farms LLC, Richgrove, CA 93215",Worker died from possible heat illness while working at farm.,Fatality
7/5/2013,"Keystone Automotive Industries Inc., Lakewood, NJ 08701",Employee died after falling from a lift in an automotive distribution facility.,Fatality
7/5/2013,"Metra, Chicago, IL 60601",Worker struck and killed by train while performing track maintenance.,Fatality
7/5/2013,"Riverside County FD- Station #35, Thousand Palms, CA 92276                                 ",Emergency rescue worker struck and killed by vehicle while responding to an emergency call on highway ramp.,Fatality
7/5/2013,"Stickfort Construction Corporation, Waterloo, IA 50701",Worker killed after being buried in trench cave-in.  ,Fatality
7/4/2013,"F/V Aleut Sisters, Chignik, AK 99548",Employee died after entering engine space and falling onto rotating propellar shaft of the vessel.  ,Fatality
7/4/2013,"F/V Anna Lane, Homer, AK 99603",Worker killed when he was pulled into an anchor winch after becoming entangled in an anchor wire rope.,Fatality
7/4/2013,"F/V Pauline II, Egeik, AK 99579",Employee died after being trapped in a fire on a marine vessel.,Fatality
7/3/2013,"Badlands Power Fuels LLC, Watford City, ND 58854",Employee died from possible exposure to chemicals while cleaning the inside of a tank.,Fatality
7/3/2013,"Brennan Marine Inc., LA Crosse, WI 54603",Worker dies in tugboat that crashed over the roller gates of a river lock.,Fatality
7/3/2013,"Camp Tawonga United Jewish Community, Groveland, CA 95321","Worker killed when top of oak tree snapped and fell, striking worker's head.",Fatality
7/3/2013,"Haliburton Energy Services, Jacksonburg, WV 26377",Truck driver killed after being pinned between a bulldozer and work truck.,Fatality
7/3/2013,"Midwest Mole Inc., Ordway, CO 81063",Worker struck and killed by a U-shaped metal fastener connected to a pipe line.,Fatality
7/2/2013,"Autoliv ASP, Auroua, CO 80014",Worker electrocuted after making contact with live wire while repairing electrical breaker box.,Fatality
7/2/2013,"Foothill Packing, Five Points, CA 93624                                                                                  ",Worker died from seizure after suffering apparent heat illness while performing farming activities.,Fatality
7/2/2013,"Producers Rice Mill Inc., Stuttgart, AR 72160",Employee died from apparent fall from man lift.,Fatality
7/1/2013,"Easton Coach Company, Allentown, PA 18103",Employee died from head injuries after falling to the ground from the back of bus/van while loading passenger confined to a wheelchair.,Fatality
7/1/2013,"U-Haul Moving & Storage, Fort Smith, AR 72901",Worker died in vehicular accident while moving a cargo truck inside the lot.,Fatality
7/1/2013,"Wing Stop, Oak, CA 94608",Two workers shot and killed at retail store in an apparent robbery.,Fatality
6/29/2013,"Cirque Du Soleil, Las Vegas, NV  89119",Worker died from 94-foot fall when the wire rope broke during a performance.,Fatality
6/28/2013,"Cooper Construction, Yuba City, CA 95993",Worker died from apparent heat stress after suffering a seizure while performing ground preparation.,Fatality
6/28/2013,"Jose Mendoza Gardening, Trabuco Canyon, CA",Worker drowned after falling into swimming pool while performing landscaping services.,Fatality
6/27/2013,"Border State Electric,  Clayton, NM 88415",Worker killed after being involved in a motor vehicle accident.,Fatality
6/26/2013,"Lupe's Tree Service and Landscaping, San Jose, CA  95121",Worker electrocuted when his climbing rope fell onto energized power line.,Fatality
6/25/2013,"John Deere Company, Waterloo, IA 50701",Worker died from head injuries after being struck by powered industrial truck.,Fatality
6/25/2013,"Kevin Miller, Monticello, KY 42633",Worker died after falling from bucket truck while cutting tree.,Fatality
6/24/2013,"Cantril Feed and Grain, Cantril, IA 52542",Worker died after being struck by section of pipe while exiting boom lift that rolled over.,Fatality
6/24/2013,"Chelan View Orchards Inc., Manson, WA 98831","Worker killed when the orchard tractor fell over six-foot enbankment, rolled down hill and caught fire.",Fatality
6/24/2013,"Co-Alliance, Union Mills, IN 46382",Worker killed when an explosion at grain elevator occurred causing worker to fall 100 feet.,Fatality
6/24/2013,"Greathouse Landscape Company Inc., LaVergne, TN 37086","Worker killed when lawnmower overturned, crushing him.",Fatality
6/24/2013,"Krieger Collison Center, Muscatine, IA  52761",Worker died from severe trauma suffered during a tornado.  ,Fatality
6/24/2013,"Municipio de Vieques Sancamiento y Salud, Vieques, PR  00765",Worker struck and killed by a concrete beam that fell when a truck crashed into it.,Fatality
6/24/2013,"NYCDOPR, Staten Island, NY 10305",Worker collapsed and died while pruning hedges. Cause of death under investigation.,Fatality
6/24/2013,"Sam's Gardening, Upland, CA  91789",Worker drowned after falling into pool while blowing leaves in backyard.,Fatality
6/22/2013,"Blue Ridge Cable, Mouthcard, KY 41548",Worker performing landscaping along highway was struck and killed by a motor vehicle.,Fatality
6/22/2013,"Duarte Nursery, Hughson, CA 95326",Worker fainted and later died after complaining of chest pains while performing outside bench irrigation work.,Fatality
6/20/2013,"RNDS, Indianapolis, IN 46241",Worker died after falling 15-feet through skylight during roofing repairs.,Fatality
6/19/2013,"Newtown Farm Services, Veedersburg, IN 47987",Worker died after being pulled into grain flow while clearing blockage in grain bin. ,Fatality
6/19/2013,"Recycling Inc. Des Moines, IA 50309",Worker fatally crushed between a garbage truck and parked trailer while directing tow truck.,Fatality
6/18/2013,"E Light Electric Services Inc., Desert Center, CA 92239",Worker died of apparent heat-related illness.,Fatality
6/18/2013,"Optima Contratista General, Ponce, PR 00716",Worker killed when side walls inside an excavation collapsed.,Fatality
6/18/2013,"Youngstown Fire Department, Cambria, NY  14132  ",Worker killed in a vehicle collision.,Fatality
6/17/2013,"Townsend Tree Service, Lawrenceburg, KY 40342",Worker suffered fatal fall while cutting tree limbs.,Fatality
6/16/2013,"Nissan North America Inc., Smyrna, TN  37167",Worker struck and killed by articulating robot while replacing robot gears.,Fatality
6/15/2013,"Dick Oykstra Dairy, Ontario, CA 91761",Worker crushed and killed by gate while moving cows.,Fatality
6/15/2013,"Xcel Energy, Artesia, NM 88210",Worker electrocuted when power line he was repairing contacted another live power line.,Fatality
6/14/2013,"David Dougherty Trucking, Rio Linda, CA 95673",Worker fatally crushed when delivery truck he was repairing fell on him.,Fatality
6/14/2013,"Western Waste Management, St. Carson, CA 90745",Worker died after being caught between a forklift and waste cargo trailer. ,Fatality
6/13/2013,"Midwest Roofing Company Inc.,   Pico Rivera, CA 90660",Worker died after falling 17 feet from roof.,Fatality
6/13/2013,"Schindler Elevator Corporation, Sterling, VA 20166",Worker killed when caught between the elevator cab and an I-beam while making repairs in elevator shaft.,Fatality
6/13/2013,"Stevens Creek Quarry Inc., Cupertino, CA  95014","Worker killed when brakes on tractor failed, causing vehicle to roll hit and hit embankment.",Fatality
6/13/2013,"Xylem Tree Experts, Hurley, VA 24620",Worker struck and killed by a tree limb.,Fatality
6/12/2013,"B&H Tractor and Truck, Jackson, MI 49201",Worker died from severe burns after trailer struck a gas line causing an explosion and fire.,Fatality
6/12/2013,"Rock Hill Farm, Bluemont, VA  20135",Worker struck in the head and killed when horse he was loading into trailer kicked him.,Fatality
6/11/2013,"Harwood Engineering Inc., Albuquerque, NM 87107","Worker crushed and killed when 12,000-pound boom fell on him while changing the boom crane cylinders.",Fatality
6/11/2013,"Outlaw Construction Co., Las Cruces, NM 88012",Worker killed after being struck in chest by a reciprocating saw.,Fatality
6/11/2013,"Road Safety LLC, Fulton, MD 20759",Worker struck and killed by vehicle while setting cones for road work.,Fatality
6/11/2013,"Schinler Elevator, Santa Clara, CA  95054",Worker killed when struck by elevator counterweight while making repairs.,Fatality
6/9/2013,"Peacock Lounge, Sunnyvale, CA  94087",Worker shot and killed at worksite parking lot. ,Fatality
6/9/2013,"Securitas Security Services USA, Las Vegas, NV 89106",Worker on security patrol was shot and killed. ,Fatality
6/8/2013,"Cargill Salt, Breaux Bridge, LA 70517",Employee died from an apparent electrocution while connecting a bin indicator for a chipping unit.,Fatality
6/7/2013,"Equipment Depot Ohio Inc., Sidney, OH 45365","A forklift technician died after slipping and falling backwards, striking head on a guardrail.",Fatality
6/7/2013,"Village Mart Inc, Denmark, WI 54208",Employee working under a sport utility vehicle died from crush injuries when the scissor jack lifting the vehicle failed. ,Fatality
6/6/2013,"Air Evac Lifeteam DBA Air Evac EMS Inc., Manchester, KY 40962",Three emergency air evacuation workers killed when helicopter crashed.,Fatality
6/6/2013,"Charles Book, MILES  TX 76861",Employee drowned after the catloader he was operating fell off of a 30-foot cliff into the river.,Fatality
6/6/2013,"Diamond Surface Inc., Manvel, ND 58256",Worker found dead underneath a concrete grinder on a road construction project.,Fatality
6/6/2013,"Jake Marshall Service Inc., Chattanooga, TN  37412",Worker suffered fatal fall while performing mechanical air system service on roof.,Fatality
6/6/2013,"Reclaim Company LLC, Fairmont, WV 26555","Driver killed after trying to stop truck when its brakes released, causing truck to roll backward and strike him.   ",Fatality
6/6/2013,"Ugstad Plumbing, Inc. Fergus Falls, MN  56537","Worker killed when company van he was repairing rolled off the ramps, crushing him underneath.",Fatality
6/5/2013,"Aligned Building Systems LLC, Summerville, GA 30747",Employee killed after falling 30 feet to lower level during demolition activities.  ,Fatality
6/5/2013,"Georg Fischer Central Plastics LLC, Dallas, TX 75236",Two employees were fatally crushed by polyurethane pipes while loading a flatbed trailer. ,Fatality
6/5/2013,"Heartland Drilling, Big Spring, TX 79721",Employee died from apparent heat stress while changing out tong heads during drilling operations. ,Fatality
6/5/2013,"Industrial Roofing and Construction, West Monroe, LA 71292",Employee died from fall and crushing injuries after the concrete channels collapsed beneath him while removing roof deck.,Fatality
6/5/2013,"O&V Transport, LLC, Portland, OR  97230","Worker killed when the truck he was repairing lurched forward, crushing him under the wheel.",Fatality
6/5/2013,"Oregon State Bridge Construction, Inc., La Grande, OR  97850",Worker died from 23-foot fall off wooden walkway being built on bridge.,Fatality
6/5/2013,"The Salvation Army, Philadelphia, PA 19103",Two employees died when an adjacent 4-story structure under demolition collapsed onto the roof of the store they were working causing it to collapse. ,Fatality
6/4/2013,"First Ward Community Service, Saginaw, MI  48601",Employee killed after work vehicle was struck by another vehicle.  ,Fatality
6/4/2013,"G&G Enterprises LLC, Westport, CT 06880",Worker died from head injuries after falling 20 feet from a roof. ,Fatality
6/4/2013,"Infrastructure Corporation of America,  Radford, VA  24141",Worker killed when tractor-trailer struck him while he removed debris along highway.,Fatality
6/4/2013,"Lady Bug Natural Brand, Dripping Springs, TX 78620","Worker killed when auger he was inside fell to ground, causing machine's side rails to strike worker's neck.",Fatality
6/4/2013,"Sary Painting Inc., Harrisonburg, VA 22801",Worker died after falling nearly 10 feet from ladder while painting townhomes.,Fatality
6/4/2013,"Suntree Environment Services Inc., Orlando,  FL 32816",Employee died after being pulled against a tree trunk during felling operations.,Fatality
6/4/2013,"Tommy Burton, Staten Island, NY 10307",Employee found dead under tongue of trailer.,Fatality
6/4/2013,"Vaughan Foods, Moore, OK 73160",Employee died from head trauma after falling on exterior stairs.,Fatality
6/3/2013,"B&M Tear Off, Antioch, CA  94509",Worker died from 24-foot fall from roof while making repairs.,Fatality
6/3/2013,"Tom's Plumbing & Heating, LLC, Spirit Lake, IA  51360",Worker struck and killed by a skid loader bucket when the loader tipped forward.,Fatality
6/3/2013,"Wilbanks Trucking, Inc., Carlsbad, NM 88220",Worker died after falling 25 feet from a rig structure while trying to hook a chain to a ball hook.,Fatality
6/3/2013,"Wilkins Lumber Company Inc., Milford, NH 03055",Employee died after being crushed by the arms of an unblocked front-end loader.,Fatality
6/2/2013,"MDV - Nash Finch Company, Norfolk, VA  23502
",Worker killed when crushed between the bottom section of a tractor trailer and the dock. ,Fatality
6/1/2013,"K. Wilson and Company Inc.,  South San Francisco, CA  94080",Worker killed after falling from a forklift being used to paint a wall. ,Fatality
6/1/2013,"Kraemer-Shows Oilfield Services LLC, Cotulla, TX 78014",Employee died from electrical shock while engaged in repairs to electrical system.,Fatality
6/1/2013,"Pepsi Beverages, Chicago, IL 60609",Employee died after falling from a ladder while completing a service installation.,Fatality
5/31/2013,"Fisher Ranch Corporation, Blythe, CA 92225",Worker found dead in crop field after checking on irrigation pipes.,Fatality
5/31/2013,"Future Air Inc., St. Louis,  MO 63123",Worker died after falling from a scaffold while installing tubes for a new HVAC system. ,Fatality
5/31/2013,"Lalo's Auto Service Center Inc., Bronx, NY 10452","Employee died after the car lift gave way, causing car to fall onto him during repair operations.",Fatality
5/31/2013,"Washington State Patrol, Conway, WA 98238",Patrol officer struck and killed by truck.,Fatality
5/30/2013,"Edwin Brady Construction Company Inc., PAX  WV 25904",Employee killed after being struck by a clogged and pressurized hose during concrete preparation.,Fatality
5/30/2013,"FreshKO Produce Services, Fresno, CA  93725",Worker electrocuted after coming into contact with a live power conductor inside a charging unit.,Fatality
5/30/2013,"Ocean Twp. Public Works, Oakhurst, NJ  07755",Worker loading a garbage truck was struck and killed by another vehicle.,Fatality
5/30/2013,"Rialto Concrete Products Inc., Rialto, CA 92377",Worker was crushed by forklift.,Fatality
5/29/2013,"Agriculture Bag Manufacturing USA Inc., Oakland, CA  94603",Worker died after being caught between two spinners. ,Fatality
5/29/2013,"Dunn Roadbuilders, Laurel, MS 39440","Worker killed when a weigh pod from a silo fell on him, knocking him against a steel beam.",Fatality
5/29/2013,"Elliott Construction LLC, College Station, TX 77845","Employee died after being pinned underneath 1,500-pound shoring panels during an excavation.",Fatality
5/29/2013,"Holiday Rock, Chino Hills, CA 91708",Employee killed when work vehicle's tire blew causing worker to hit guard rail. ,Fatality
5/29/2013,"K & D Transportation Inc., Adell, WI 53001",Driver died after being pinned between a conveyor belt and the bottom of a semi-truck. ,Fatality
5/29/2013,"Nationwide Children's Hospital, Columbus, OH 43205",Employee died after being hit by the hospital shuttle bus while walking on hospital's private road.,Fatality
5/29/2013,"Olinde's Hardware Supply Company Inc., Lafayette, LA 70506",Warehouse worker died after falling while operating a forklift picker.,Fatality
5/29/2013,"Tri-State Floor Covering Supplies Inc., Cincinnati, OH 45241",Employee died after being pinned under the front tire of a powered industrial vehicle. ,Fatality
5/29/2013,"US Army Reserve, 88th Regional Support Command, Fort McCoy, WI 54656","Worker died from head injuries after vehicle he was repairing dropped, pinning him between cab and front bumper.",Fatality
5/28/2013,"A&A Express LLC, Jackson, TN 38366",Worker killed after being pinned between rear of truck and landing gear of trailer.,Fatality
5/28/2013,"Byrd Telcom, Inc., Georgetown, MS 39078",Two employees died after the gin-pole derrick they were using broke and fell away from a cell phone tower.,Fatality
5/28/2013,"C. R. England, Inc., Providence, RI 02908",Worker killed after being crushed between a truck and loading dock during backing operations.,Fatality
5/28/2013,"Coastal Plating, Corpus Christi, TX 78408",Worker died after being crushed by a large cylinder during sand blasting operations.,Fatality
5/28/2013,"Home Decorators Collection Warehouse, Mexico, MO 65265",Warehouse worker died after being crushed by a dockplate during repair and cleaning operations. ,Fatality
5/28/2013,"NYS MTA Metro-North West Haven CT Station, West Haven, CT  06516",Worker struck and killed by a train.,Fatality
5/27/2013,"AKM Machinery, Wind Gap, PA 18091",Worker died after being struck in head by piston that became unhooked from chain.,Fatality
5/27/2013,"Bonnie Plants Inc.,  Homeworth, OH 44634",Two workers died after company truck collided with semi-truck during transit.,Fatality
5/27/2013,"Cory Miller, Salado, TX 76571",Worker died after being struck by a rig and elevator after an anchor failed during water well drilling operations.,Fatality
5/27/2013,"Paramount Builders Inc., Atu'u, American Samoa 96799",Employee died after falling from rafters duing painting operations.,Fatality
5/25/2013,"Bardstown Police Department, Bloomfield, KY 40008",Police officer shot and killed by unknown assailants when he got out of car to remove road debris.,Fatality
5/25/2013,"Drilling Solutions, Lignite, ND 58752",A temporary employee died after being run over and crushed by a loader. ,Fatality
5/25/2013,"Securitas Security Services, Inc., San Bernadino, CA 92411",Worker crushed by a sliding gate that came off track.  ,Fatality
5/24/2013,"Alfons Dziezuta, Chicago, IL 60630",Employee died after falling from scaffolding that collapsed while performing tuckpointing at a residential building.,Fatality
5/24/2013,"L & H Boat Docking Service, Garfield, AR 72732",Employee working on barge died from burns and blunt force trauma after barge exploded during welding operations.  ,Fatality
5/24/2013,"Lowe's Home Centers Inc, #1130, New Castle, PA 16101",Employee died after being crushed between a box truck and trailer.,Fatality
5/24/2013,"Plasto-Tech Corporation, Elyria, OH 44035",Worker fatally crushed inside a thermo-forming press machine.,Fatality
5/24/2013,"Progress Rail Services, San Bernadino, CA 92411",Worker struck and killed by train while installing a train derail device.,Fatality
5/23/2013,"ArcelorMittal, Coatesville, PA 19320",Three employees hospitalized after being burned by hot slag from a furnace. ,Catastrophe
5/23/2013,"Battle Energy Services, Maljamar, NM  88264",Worker electrocuted when pole truck hit an overhead power line.,Fatality
5/23/2013,"Mountain Peak Vinyl, Salt Lake City, UT  84104","Worker crushed and killed when 2,000-pound container fell on him.",Fatality
5/23/2013,"S. L. Construction L.L.C., Harrisonville, MO 64701",Worker fatally crushed when two 2x8 vertical beams fell on him.,Fatality
5/23/2013,"Shoreline Foundation, Inc., Riviera Beach, FL 33404",Worker died from oxygen deficient atmosphere in a confined space. ,Fatality
5/23/2013,"Smith, Rolfes & Skvdahl Company LPA, Lancaster, OH 43130",Employee died after falling through roof while inspecting for wind damage.,Fatality
5/23/2013,"Whiting-Turner Contracting Company Inc., Bethesda, MD  20817","Worker crushed by scaffolding during relocation of a 44,000-pound section of concrete.",Fatality
5/22/2013,"Blick's Phosphate Conversions LLC, Pocatello, ID 83204",Worker died from burn injuries after the release of ammonia.,Fatality
5/22/2013,"Dependable Vending, Pomona, CA 91766",Worker killed when industrial truck collided with another vehicle. ,Fatality
5/22/2013,"Electronic Waveform Lab, Inc., Livermore, CA 94550                                    ",Worker killed when section of pipe flew up from the road striking vehicle windshield.,Fatality
5/22/2013,"Mills Ranch/Jam Trucking LLC, Livermore, CA 94551",Worker fatally crushed by large panel of concrete that fell from forklift.,Fatality
5/22/2013,"Penn Line Corporation, Bear Creek, PA 18602",Employee died after being hit by a vehicle while he was setting up a roadway workzone. ,Fatality
5/22/2013,"Star Construction LLC, Birmingham, AL 35222",Employee electrocuted when the pole on digger derrick truck contacted an electrical line.,Fatality
5/22/2013,"Tri-Modal Distribution Services, Pomona, CA  91766","Worker, standing outside of vehicle, was struck and killed when his vehicle was rear-ended causing it to hit him.",Fatality
5/21/2013,"Bapaz Ash Llc, Brooklyn, NY 11218",Employee died after falling from the third floor level while sheathing exterior of home.,Fatality
5/21/2013,"H & H Fisher?s Logging LLC,                            Hightown, VA 24444",Worker killed after being struck by tree.,Fatality
5/21/2013,"James Daryl Seibel, Bath, PA 18014",Employee died after falling 22 feet from roof while installing timbers for a barn under construction.,Fatality
5/21/2013,"Keystone Oil Products Corporation, Dillsburg,  PA 17019",Employee died after being run over by a vehicle while delivering home heating oil. ,Fatality
5/21/2013,"NPL Construction Company, Lakeway, TX 78738",Employee fatally crushed when equipment slid down incline and rolled over him.,Fatality
5/21/2013,"White Cedar, Superior, WI 54880",Employee fatally injured after being caught between a power roller and conveyor belt.,Fatality
5/20/2013,"Buena Vista Services, LLC, Sequin, WA  98382",Worker died when his vehicle was unable to stop or avoid the vehicle in front that made a sudden turn.,Fatality
5/20/2013,"Dale Gilbertson, Grapevine, TX 76051",Employee died after falling 20 feet while engaged in framing activities at new residential home.  ,Fatality
5/20/2013,"Jim Schlesser Inc., Cougar, WA",Worker struck and killed by falling tree.,Fatality
5/20/2013,"Spartan Contracting LLC,  Owensboro, KY 42301",Worker electrocuted while painting a bridge.,Fatality
5/17/2013,"Dennis Keith Greene (dba D & G Wood), Zionville, NC 28698",Worker in logging crew struck and killed by a falling limb.  ,Fatality
5/17/2013,"Greenville Recycling II LLC, Greenville, KY  42345",Worker struck and killed by lid when a 55-gallon drum exploded.,Fatality
5/17/2013,"H&G Underground Utilities, LLC, Merrillville, IN 46410",Worker electrocuted while installing a new water main.,Fatality
5/17/2013,"King Pallet Inc.,  Balltimore, MD 21221",Worker crushed and killed by forklift truck and box truck.,Fatality
5/17/2013,"Recommunity Recycling, Camden, NJ 08104",Worker crushed and killed when a wall collapsed on him.,Fatality
5/17/2013,"River City Petroleum Inc. dba Nevada Truck and Trailer Repair, Las Vegas, NV 89115                  ",Worker died when an empty tanker truck he was welding exploded.,Fatality
5/17/2013,"Trapac Inc.,  Oakland, CA 94607",Worker presumed dead after his vehicle was struck by utility tractor and pushed in the bay. Worker's body has not been found.,Fatality
5/17/2013,"Vonderhaar's Meat Market, Fort Recovery, OH 45846",Employee died from asphyxiation when his apron became entangled in a rotating wire brush while cleaning meat grinding machine.,Fatality
5/17/2013,"Wemrock Orchards, Manalapan, NJ 07726",Worker died after tractor rolled over him while trying to pull a tree from the ground.,Fatality
5/16/2013,"ATMI Precast Inc., Aurora, IL 60506",Worker died after being struck by a 500-pound piece of angle iron.,Fatality
5/16/2013,"Chicago Steel Construction LLC, Evanston, IL 60208",Employee was struck and killed by construction materials that fell from six stories above.  ,Fatality
5/16/2013,"Magnetech Industrial Services Inc., Saraland, AL 36571",Employee electrocuted while performing repairs on power system equipment.,Fatality
5/16/2013,"Mega Construction Co. Inc., Daphne, AL 36526",Employee died from head injuries after falling from a structure while installing trusses.,Fatality
5/16/2013,"Wilderness Inc. dba Ely Campgrounds Concessional, Ely, MN  55731",Worker struck and killed by tree during maintenance services.,Fatality
5/15/2013,"Independent Roofers and General Contractor Corp., Hato Rey, PR 00918",Worker died from 20-foot fall from roof while performing waterproofing services. ,Fatality
5/15/2013,"R. C. Construction Co. Inc., Columbus,  MS 39705",Employee died after being crushed between auger and frame of a concrete paver.,Fatality
5/15/2013,"St. Louis Cold Drawn, St. Louis, MO 63137",Machine operator died from electrocution after contacting live electricity in an electrical cabinet. ,Fatality
5/14/2013,"Fairview Mills Inc., Hiawatha, KS 66434",Employee died after falling into food processing equipment while attempting to clear a jam.  ,Fatality
5/14/2013,"Garay Construction Inc., Commerce City,, CO 80022",Construction worker died after falling nearly 30 feet to concrete floor.,Fatality
5/14/2013,"MAC Truck Leasing Inc., Dallas, TX 75217",Worker died after being injured while lifting a truck break drum.,Fatality
5/14/2013,"Riverbell Inc, Vero Beach, FL 32960",Worker died after falling from a 10-foot ladder while picking oranges.,Fatality
5/13/2013,"Coastal Masonry Inc., Miami, FL 33131","Worker died after falling from 7th floor while straightening rebar inside concrete wall opening.
",Fatality
5/13/2013,"Integrity Rebar Placers,  Murrieta, CA 92562","Worker killed when forklift tipped over, crushing him.",Fatality
5/13/2013,"The Davey Tree Expert Company, Winston Salem, NC 27103                                     ","Worker killed when bucket lift malfunctioned during tree trimming, causing worker to fall 35 feet.",Fatality
5/12/2013,"Mike's Landscaping and Tree Service,  Fort Madison, IA 52627",Worker struck and killed by falling tree limb while performing tree trimming operations. ,Fatality
5/12/2013,"Robert Crowder Construction, Webster, Springs, WV 26288",Employee struck and killed by tree limb during tree cutting operations.,Fatality
5/10/2013,"Astec Inc., Chattanooga, TN  37407",Worker struck and killed when a silo head fell from crane.,Fatality
5/10/2013,"Total Metal Services LLC, Romulus, MI 48174",Worker died after a dumpster fell and crushed him.,Fatality
5/9/2013,"Eagle Adjusting Services Inc.,  Ferndale, MI 48220",Worker suffered fatal injuries after falling 18 feet from roof.,Fatality
5/9/2013,"FIC America, Bloomingdale, IL 60108",Worker died after being pinned under a steel coil.,Fatality
5/9/2013,"Lischka Construction, Richmond, TX 77406",Employee died after being caught between two tractor graters.  ,Fatality
5/9/2013,"M.J. Sheridan of Texas Inc, Austin, TX 78730",Worker died after being crushed under a ditch digger when it rolled down a steep hill.  ,Fatality
5/9/2013,"Pfizer Inc., Yucca Valley, CA  92284                                       ",Worker killed after being shot during carjacking.,Fatality
5/9/2013,"Southland Tube Inc., Birmingham, AL 35234","Worker performing warehouse operations died after being pinned between a load and bundles weighing more than 4,000 pounds.",Fatality
5/8/2013,"Hasson's Mobile Truck & Trailer Repair, East Moline, IL 61244",Worker died after semi-trailer collapsed on him during repairs.,Fatality
5/8/2013,"J & L Auto Body Parts, Elizabeth, NJ 07202",Worker killed when vehicle elevated by forklift and chain fell on him while performing repairs.,Fatality
5/8/2013,"Midwest Wrecking Company, Morrison, OK 73061",Truck driver died after vehicle was struck by train at railroad crossing.  ,Fatality
5/8/2013,"Shoreline Metal Fabricators Inc.,  Rothbury, MI  49452",Worker died after falling 30 feet through skylight during HVAC removal operations.,Fatality
5/8/2013,"Wayne Westland Fire Dept., Westland, MI  48185",Worker died when roof collapsed while fighting a fire at a mall.,Fatality
5/7/2013,"All Season?s Insulation, Danville, IN 46122",Worker spraying a building with insulation fell approximately 10 feet.,Fatality
5/7/2013,"Harvey Paving & Sealcoating, Orono, ME 04469",Foreman struck and killed by vehicle while constructing a driveway.,Fatality
5/7/2013,"Kerry's Ingredients and Flavors Union City, CA 94587",Worker died from head injuries when a cart he was pushing was struck by a forklift.,Fatality
5/7/2013,"Lindstrom Brothers Air Conditioning Inc., Coconut Creek, FL 33093",Worker died after falling from ladder while installing air conditioning ducts at construction site.,Fatality
5/7/2013,"M Boren Services, Inc., Myton, UT 84052",Worker crushed and killed when a 40-barrel tank exploded at a well site.,Fatality
5/7/2013,"Southern Mechanical Contractors, Chamblee,  GA 30341","Employee died after the scissor lift he was inside malfunctioned, pinning worker between the lift and a pipe. ",Fatality
5/6/2013,"Jet Maintenance, Runge, TX 78151",Worker died when a flare line pipe struck his head and neck while he attached piping to a well head.,Fatality
5/6/2013,"Longview Asphalt Inc., Jacksonville, TX 75766",Employee killed when struck by pneumatic gates while unplugging the discharge chute to an asphalt silo.,Fatality
5/6/2013,"SD Restoration Inc., Miami, FL 33122",Employee died after falling from 20-foot ladder while applying caulking inside a warehouse.,Fatality
5/6/2013,"T.H. Ryan Cartage Company, Kenosha, WI 53144",Driver suffered fatal injuries after truck rolled backward onto him while at a loading dock.,Fatality
5/5/2013,"Business Construction Services LLC, Fayetteville, AR 72701",Employee died in a trench collapse. ,Fatality
5/5/2013,"Schneider National Carriers Inc., Janesville, WI 53546",Tractor-trailer driver died after falling from his truck cab at a home improvement store. ,Fatality
5/4/2013,"Beaver Excavating Company, Canton, OH 44706",Two carpentry employees died when the crane boom they were using to lift a load fell on them.,Fatality
5/3/2013,"Alpine Waste & Recycling, Denver, CO 80216",Worker fatally crushed when the hydraulic compacting mechanism on rear section of trash truck activated.,Fatality
5/3/2013,"DRP Industries, Grnbury, TX 76048",Employee died of head trauma after being caught in machine tool.,Fatality
5/3/2013,"Ed and Eddys Inc., Panama City Beach, FL 32407",Employee died after being caught in and crushed by an automated bowling pin setting machine. ,Fatality
5/3/2013,"Gilt Groupe Inc., Brooklyn, NY 11205",Employee died after falling four stories to the bottom of an elevator shaft.,Fatality
5/3/2013,"Madison Logging Inc.,Caryville, TN 37714

",Worker struck and killed by a falling tree.,Fatality
5/3/2013,"Murphy Oil Corporation, Fremont, OH 43420",Employee killed when oncoming vehicle crashed into work vehicle.,Fatality
5/3/2013,"Platt Logging, Constantia, NY 13044",Employee struck and killed by tree while performing logging operations.,Fatality
5/3/2013,"Severiano Lopez, Los Angeles, CA  90068",Worker found dead during tree trimming operations.,Fatality
5/3/2013,"Weatherford Pumping Unit, Marmarth, ND 58643",Worker died from chest injuries after a belt drive from an oil well pumper unit fell on him.,Fatality
5/2/2013,"Alta Fuels, Chama, NM  87520",Worker died when tanker truck rolled over.,Fatality
5/2/2013,"Culver Metal Supply LP, Mansfield, TX 76063","Employee killed after 17,000-pound metal coils being moved by a crane fell on him.",Fatality
5/2/2013,"Formosa Plastics Corporation, Point Comfort, TX 77978",At least three employees were hospitalized for burns when a flash fire occurred at a plastic resins and petrochemical plant. ,Catastrophe
5/2/2013,"Griesbach Farm, Appleton, WI 54913",Farm worker died after being caught in auger.,Fatality
5/2/2013,"Mortenson Brothers Farms Inc., Plainfield, WI 54966",Worker died after being struck and pinned beneath the landing gear of a semi-truck backing up to loading dock.,Fatality
5/2/2013,"PMIC Inc., Point Comfort, TX 77978",At least three employees were hospitalized for burns when a flash fire occurred at a plastic resins and petrochemical plant. ,Catastrophe
5/1/2013,"Flora-Tech Plantscapes Inc., Coral Gables, FL 33134",Employee died after falling nearly 20 feet while installing plants on the inside of a newly constructed nursing facility.,Fatality
5/1/2013,"Scott Schultz Roofing and Painting, Madison, WI 53704",Worker died after falling from a residential roof.,Fatality
4/30/2013,"Albuquerque-Bernalillo County, Albuquerque, NM 87110                   ",Worker struck and killed by vehicle while securing gate at facility lift station.,Fatality
4/30/2013,"American Eagle Buildings Inc., Greneseo, IL 61254",Employee died after falling 25 feet from a beam that broke during roofing operations.   ,Fatality
4/30/2013,"ATS Welding, Inc., West Haven, UT  84401",Worker died after falling 30-feet when wind gusts caused roofing material to become airborne and hit worker.,Fatality
4/30/2013,"Fremont Forest Systems Inc., Silver Lake, OR 97638",Worker killed when a tree being cut down fell on him.,Fatality
4/30/2013,"Home Depot, Mission, TX 78572","Employee died from head injuries after a set of heavy duty screen doors he was stocking fell on him, knocking him to floor.",Fatality
4/30/2013,"Lake County, Finland, MN  55603",Worker killed when excavator slipped on icy road and fell into river.,Fatality
4/29/2013,"Brookover Ranch Feed Yard, Garden City, KS 67846","Employee crushed and killed when a metal fence he was cutting fell on him, pinning him underneath. ",Fatality
4/29/2013,"Pastore Cabinet Makers Inc., Madison, VA 22727","Worker died when a hydraulic lift fell, crushing him underneath.",Fatality
4/29/2013,"S&S Properties, Alvin, TX 77511",Employee died after being struck by a tree during tree cutting operations.,Fatality
4/29/2013,"Sherman Brothers Trucking Inc., West Crossett, AR 71635",Employee found dead at bottom of crude oil tank from apparent over-exposure while performing cleaning operations.,Fatality
4/29/2013,"Sundquist Fruit and Cold Storage Inc., Yakima, WA 98901",Worker died from injuries after falling off and being run over by a tractor.,Fatality
4/27/2013,"Dudley Hilton, Philadelphia, PA 19147",Employee electrocuted after contacting energized electrical lines and adjacent copper piping.,Fatality
4/27/2013,"Floyd Peterson, Cooksville, MD  21723",Worker died from a 17-foot fall from a roof.,Fatality
4/27/2013,"Harrison Gypsum Co., Shamrock, TX 79079","Employee died after being pulled into conveyor while removing a rock that was stuck in machine.
",Fatality
4/27/2013,"Jesus Valladares, Kendalll, FL 33183",Worker died after falling off tractor and striking head on rake of the tractor.,Fatality
4/27/2013,"Potlatch Corporation, Bemidji, MN 56601","Employee died when hand railing on catwalk gave way, causing worker to fall 40 feet. ",Fatality
4/26/2013,"Britz Wrecking, Kansas City, MO 64109",Employee killed when debris from a wall being demolished struck his head.,Fatality
4/26/2013,"DCS Sanitation Management Inc., Clackamas, OR  97015",Worker died after spray hose he used to clean meat blender got caught on rotating blade and pulled him into machine.,Fatality
4/26/2013,"Downey Trees Inc., Alpharetta, GA 30005",Employee died after being struck by tree during tree removal operations. ,Fatality
4/25/2013,"Complete Automation Inc., Smyrna, TN 37168",Worker died when large control panel he was moving tipped over on him.,Fatality
4/25/2013,"Rick's Tree Service LLC, Wilmington, DE 19803",Worker died after being struck by cable used to pull tree limbs into shredder.,Fatality
4/25/2013,"Siemens Industry, Inc., Mountain View, HI  96771",Worker electrocuted after contacting live parts inside cabinet of well pump motor.,Fatality
4/25/2013,"So Cal Edison, Menifree, CA 92586",Worker electrocuted while working in underground vault.,Fatality
4/25/2013,"William Joseph La Grasso dba Superior Painters, Big Bear City, CA 92315","Worker killed when ladder used during painting operations fell, landing on worker. ",Fatality
4/24/2013,"Giovanni Lawn & Garden, Oakton, VA 22124",Worker died from head injuries after being struck by tree he was cutting down.,Fatality
4/24/2013,"Machine Tools Inc., Grosse Tete, LA 70740",Employee died from injuries after a traffic accident with a 18-wheel truck.,Fatality
4/24/2013,"NYCTA - Signal Maintenance Division, Astoria, NY 11103",Worker killed after falling from ladder at end of train platform and tumbling in front of a train.  ,Fatality
4/24/2013,"Oil Recovery Co. Inc., Mobile, AL 36602",Three employees burned while cleaning a fuel barge that exploded.,Catastrophe
4/24/2013,"Progressive Environmental Services Inc., St. Petersburg Beach, FL 33706",Employee crushed and killed by elevator car while cleaning water out of an elevator shaft. ,Fatality
4/23/2013,"Harold G. Butzer Inc., Altus, OK 73521",Employee in a bucket lift died after being pinned between bucket and I-beam.  ,Fatality
4/23/2013,"Little by Little Trucking, Las Vegas, NV 89135",Worker killed when concrete pipe rolled off truck bed and crushed him.,Fatality
4/23/2013,"Primeflight Aviation Services Inc., SeaTac, WA 98158",Worker died when an airline baggage cart with tug struck him as cart was being pulled to exit gate.,Fatality
4/23/2013,"Ramsey Water Company Inc., Ramsey, IN 47166",Worker killed after vehicle was hit by oncoming train. ,Fatality
4/23/2013,"Stephen's Carpet Cleaning, Perryton, TX 79070",Employee was found dead from suspected carbon monoxide poisoning while steam cleaning carpet with a gas-powered steamer. ,Fatality
4/22/2013,"City of Louisiana, Louisiana, MO 63353",Employee died after lawnmower he was repairing fell on him.,Fatality
4/22/2013,"DCT Chambers Trucking Ltd., Kettle Falls, WA 99141",Worker killed after being run over by another vehicle while disconnecting a semi from a trailer.,Fatality
4/22/2013,"G&H Steel, Alexandria City, AL 35010",Employee died after being caught between boom lift and iron used during welding operations.,Fatality
4/22/2013,"Patton Ranch Management LLC, Beatty, OR 97621",Worker died after ATV flipped over embankment and landed on top of him.,Fatality
4/22/2013,"Platinum Mechanical Inc., Dexter, MI 48130",Worker killed in explosion while welding tank in waste water treatment plant.,Fatality
4/22/2013,"Sunland Construction Inc., Beaumont, TX 77713",Employee died after being caught between a rotating excavator and piping while engaging in trench/piping operations.,Fatality
4/21/2013,"CNM Construction Inc., Far Rockaway, NY 11694",Employee died after falling from a scaffold.,Fatality
4/21/2013,"Maury County Building and Maintenance Department, Columbia, TN ",Worker killed after being pinned under mower that rolled down steep embankment.,Fatality
4/21/2013,"St. Johns Precast Inc., St. Augustine  FL 32084",Employee died after being struck by a forklift.,Fatality
4/21/2013,"Watson Commercial Paint, Tyler, TX 75702",Employee died after being overcome by fumes while spray painting.,Fatality
4/20/2013,"American Painters Inc., Tampa, FL 33626",Employee died after falling 15 feet from ladder while pressure washing a house. ,Fatality
4/20/2013,"Civil Design Services Inc., Abilene, TX 79608",Employee struck and killed by vehicle while surveying roadway activity.,Fatality
4/20/2013,"Woodman's Food Market Inc., Beloit, WI 53511",Worker died from head injuries after falling 9 feet from ladder at food market warehouse. ,Fatality
4/19/2013,"Blades of Green Inc., Inverness, FL 34450",Employee struck and killed by tree limb.,Fatality
4/19/2013,"Century Packing Corporation, Las Piedras, PR  00771",Worker struck in head and killed by corrugated carton sheets. ,Fatality
4/19/2013,"Intex, Sioux Falls, SD 57104",Employee for indoor/outdoor recreation distributor died after his work vehicle was struck by a semi-truck.  ,Fatality
4/19/2013,"Saint Bernadette Catholic Parish, Lakewood, CO 80214",Employee died after tripping over book bin.,Fatality
4/19/2013,"Thermal Sun Glass, Santa Rosa, CA 95402                    ",Worker died when sheets of glass fell on him.,Fatality
4/19/2013,"United Ethanol LLC, Milton, WI 53563",Employee died after being engulfed in grain bin.,Fatality
4/18/2013,"Bennett Construction Inc, Manchester, OK 73758",Employee died after being struck by side boom track equipment during construction of natural gas pipeline.,Fatality
4/18/2013,"BTT Marine Construction Co. LLC, Lynn,  MA 01901",Worker died from possible drowning after falling in water while working on pier.,Fatality
4/18/2013,"Jerich International dba Jerich USA Inc., Carson, CA 90745",Worker struck and killed by fallen bale of shredded paper in warehouse. ,Fatality
4/18/2013,"Landscape Maintenance Services, Jackson, NJ 08527","Worker died from head injuries when landscaping equipment struck him, causing him to fall.",Fatality
4/18/2013,"Metal USA, Jeffersonville, IN 47130","Worker killed when a fiber glass cover, lifted off the ground by wind gusts, struck him.",Fatality
4/18/2013,"Ohio River Metal Services, Jeffersonville, IN 47130","Employee struck and killed by a 2,200-pound barge lid that became airborne.",Fatality
4/18/2013,"Smart Landcare Inc., Charlotte, NC  28210",Landscape worker killed after being hit in head by piece of metal anchor.,Fatality
4/18/2013,"Thorne's Excavating Company LLC  and N & S Waterproofing LLC, Hendersonville, TN  37075","Two workers killed, a third hospitalized after being struck by a 24-foot tall masonry wall that collapsed during 40 mph wind gusts.
",Fatality
4/17/2013,"APAC Texas Inc., Rockwall, TX 75087",Worker killed after being struck by vehicle while flagging traffic during roadside construction.,Fatality
4/17/2013,"Five Star Lawn and Landscape, Goodlettsville, TN 37072","Worker died after lawn tractor tipped over, pinning worker between ground and equipment. ",Fatality
4/17/2013,"Signature Industrial Services, Beaumont, TX 77704",At least three employees were hospitalized for burns after flash fire occurred while they worked on a heat exchanger.,Catastrophe
4/17/2013,"Signature Industrial Services, Beaumont, TX 77704",Worker died from injuries after a refinery fire.,Fatality
4/16/2013,"Akehurst Landscaping Services, Towson, MD  21204",Worker struck and killed by motor vehicle while performing landscaping activities.,Fatality
4/16/2013,"Anderson Arbor Pros, LLC, Pendelton, SC 29670",Worker died from 70-foot fall when falling tree hit crane bucket.,Fatality
4/16/2013,"CRH PLC, West Memphis, AR 72301",Two employees died after being struck by a vehicle that entered a construction work zone.,Fatality
4/16/2013,"Estenson Logistics, Santa Fe Springs, CA 90670",Worker died after falling from trailer being loaded with lumber. ,Fatality
4/16/2013,"Jim Pastor, Holiday, FL 34690",Employee died from heat stroke while installing an electrical box in attic.,Fatality
4/16/2013,"Keystone Diner, Oxford, PA 17350",Employee killed after a wall-mounted kitchen grill fell on her head. ,Fatality
4/16/2013,"L & A Trucking Co. Inc., Moody, AL 35004","Worker died from injuries after vehicle hit work truck, causing a fiber optic line to strike and sever worker's arm.
",Fatality
4/16/2013,"Mickeys Towing and Garage LLC, Brownsville, KY 42210",Worker crushed and killed when a roll-back wrecker he was repairing rolled off blocks.,Fatality
4/15/2013,"Brandon Lamb McIntosh DBA Brandon Lamb, Richmond, KY 40475",Worker struck and killed by falling tree.,Fatality
4/15/2013,"Childers Roofing & Sheet Metal Inc., Brunswick, GA 31525",Employee died after falling through a metal roof opening.,Fatality
4/15/2013,"Coquille Watershed Association, Coquille, OR  97423",Worker drowned after being trapped under pontoon raft that struck tree and flipped over. ,Fatality
4/15/2013,"Yellow Cab, Denver, CO 80202",Worker died after another vehicle struck his taxicab.,Fatality
4/14/2013,"Topside Contracting, Sheppard AFB, TX 76311",Employee died after falling 25 feet off roof while installing insulation.,Fatality
4/13/2013,"Emerald Construction Corp., Sunny Isles Beach, FL 33160","Employee died after falling approximately 36 ft from a sheer wall.
",Fatality
4/13/2013,"Feeney Brothers Excavation LLC, Dorchester,  MA 02121",Employee died after being struck by a falling load while unloading 40' lengths of pipe from a flatbed trailer.,Fatality
4/12/2013,"Affordable Waste, Houston, TX 77045",Employee died after being struck and pinned in between a container and skid steer. ,Fatality
4/12/2013,"Coca Cola North America, Anaheim, CA 92806",Worker died after being crushed between palletizer and another object. ,Fatality
4/12/2013,"Double Z Construction,  Hebron, OH 43025",Worker making bridge repairs was killed after being struck by a falling beam.,Fatality
4/11/2013,"Exterran Energy Solutions, Wick, WV 26149","Employee died from burn injuries after a flash fire occurred while working at a pipeline cleanout ""pigging"" operation.",Fatality
4/11/2013,"Lanzo Lining Services Inc, Tampa, FL 33605",Employee died from possible hydrogen sulfide exposure while cleaning sewage from pipe.,Fatality
4/11/2013,"Matchmakers Employment Service, Friona,  TX 79035",Temporary worker died after falling 45 feet from platform while performing maintenance on grain conveyor.  ,Fatality
4/11/2013,"Rose Hill Nursery, Berlin Twp, MI  48022",Worker crushed and killed when bucket overturned and fell on him while he performed tree maintenance.,Fatality
4/11/2013,"Union Electric, Saint Ann, MO 63074","Worker electrocuted while conducting storm-restoration work on a 7,200-volt line. ",Fatality
4/11/2013,"Utah Department of Transportation, Salt Lake City, UT  84121","Worker was checking for possible avalanche when one occurred, sweeping away worker.  ",Fatality
4/11/2013,"Utility Technologies International Corporation, Wick, WV 26149",Employee died from burns after a flash fire occurred while working on a pipeline cleanout operation.,Fatality
4/10/2013,"American Framing Inc., Santa Rosa Beach, FL 32459",Employee died after being struck by a front end loader on a construction site.,Fatality
4/10/2013,"Cathay Pacific Airways Ltd., Jamaica,  NY 11430",Employee struck and killed by cargo transporter during loading operations at airport.,Fatality
4/10/2013,"DC Cash and Carry,  Washington,  DC 20002",Employee died after falling 10 feet from a powered industrial truck while accessing a rack storage system.,Fatality
4/10/2013,"Masonry Medic LLC,  Cynthiana, KY 41031","Two workers electrocuted when the boom truck basket they were inside contacted a 7,200-volt power line while they performed chimney repair work.",Fatality
4/10/2013,"Pacific States Industries dba Redwood Empire Sawmill, Cloverdale, CA 95425",Worker died after becoming stuck in a debarker while trying to unjam the machine.,Fatality
4/10/2013,"Residential Creations LLC, Bridgeport, WV 26330",Employee died after falling 20 feet to the ground while making repairs to residential structure. ,Fatality
4/10/2013,"Spillzz LLC,  Jacksonville,  FL 32254",Worker died after a garage collapsed on him while he was removing wood planks.,Fatality
4/10/2013,"Utah Truck and Trailer Repair, LLC, Salt Lake City, UT 84119",Worker died when truck he was servicing slipped into gear and ran over him.,Fatality
4/9/2013,"Waste Landfill Recycling Services, Guanica, PR 00653",Worker struck and killed by garbage container that came loose during unloading process.,Fatality
4/8/2013,"A Street Logging, Fenwick,  WV 26202",Worker struck and killed by falling tree.,Fatality
4/8/2013,"Department of Public Works,  Indianapolis, IN 46204

",Worker died after being pinned between tree and sanitation truck and then run over by truck.,Fatality
4/8/2013,"Excel Utility Construction Inc., Mineola, TX 75773","Employee killed when a boring machine tipped over, crushing him.  ",Fatality
4/8/2013,"R. R. Donnelley and Sons Company, Lancaster,  PA 17601",Employee killed after being crushed by the rear axle of forklift. ,Fatality
4/8/2013,"S C SAPP Inc., Leopold, IN 47630",Employee died after falling from courier/delivery vehicle.,Fatality
4/7/2013,"AK Steel Corporation, Middletown, OH 45043",Worker died from burns after an explosion at a steel mill.,Fatality
4/6/2013,"Hernandez Lanscaping, San Clemente, CA 92673",Worker died from head injuries after falling six feet while trimming trees.,Fatality
4/5/2013,"Basic Energy Services, Barstow, TX 79719",Two workers died from injuries from a blown high-pressured oil well.,Fatality
4/5/2013,"Pacific Excavation, Coto de Caza, CA 92679                                           ",Worker died when a side wall collapsed on him while performing sewer/storm drain cleanup.,Fatality
4/5/2013,"R. King Window Corp., Brooklyn, NY 11222",Worker died from fall while cleaning building windows.,Fatality
4/5/2013,"Upstage Center Inc,  San Antonio, TX 78219",Worker died from a 100-foot fall while dismantling iron cross beams in a concert stage setup. ,Fatality
4/5/2013,"Wilkinson Roy Iron & Metal Inc., McAllen, TX 78501",Employee struck and killed by the front axle of a tandem axle trailer.,Fatality
4/4/2013,"Balyasny Asset Management LP, Mequon, WI 53097",Worker died after falling from second floor to lower level of residential home while disassembling a scaffold.,Fatality
4/4/2013,"Dring Air Conditioning and Heating, Fort Worth, TX 76107",Employee died after falling 20 feet from a ladder.,Fatality
4/4/2013,"Fort Worth Grain Exchange, Frederick,  OK 73542",Employee electrocuted when a probe used to take grain samples contacted an overhead power distribution line.,Fatality
4/4/2013,"Vesuvius USA Corporation, Chicago Heights, IL 60411",Employee died after making contact with moving auger blades while cleaning a refractory mixer.,Fatality
4/3/2013,"BAE Systems Southeast Shipyard, Mobile,  AL 36652","Employee has not been found and is presumed dead after cruise ship he was painting broke loose during heavy weather causing vessel to strike pier, throwing him into water.",Fatality
4/3/2013,"New England Motor Freight Inc., Batavia, OH 45103",Employee died after being crushed between truck bed edge and a load of construction materials.,Fatality
4/3/2013,"Paladin Attachments, Ooltewah, TN 37363",Worker died when steel sheeting fell from a crane and crushed him.,Fatality
4/3/2013,"Samuelson Funeral Services In., Mankato, MN 56001",Worker died after falling down steps while transporting materials.,Fatality
4/3/2013,"Ward Trucking LLC, Grove City, PA 16127",Worker died after being caught between a semi truck and loading dock.,Fatality
4/2/2013,"3rd and Ash LLC, Dallas, TX 75226",Employee died after falling 25 feet through roof skylight.,Fatality
4/2/2013,"Carol Tires, Henderson, TX 75652",Employee killed after being struck by vehicle when he stepped out of his truck on the side of the highway. ,Fatality
4/2/2013,"Left Coast Cellars LLC, Rickreall, OR 97371",Worker died from head injuries after falling from a tractor.,Fatality
4/2/2013,"Worknet Staffing, Leesville, LA 71446","Employee died while riding as a passenger in a delivery vehicle that collided with an 18-wheel truck.

",Fatality
4/1/2013,"Emerald Construction Corp., Sunny Isles Beach,  FL 33160","Employee died after falling 30 feet to the ground while securing 2x4s to a wall.
",Fatality
4/1/2013,"Hedge & Herberg Inc.,  Ortonville, MN 56278",Worker died from burns after the semi-trailer he was working on caught fire.  ,Fatality
4/1/2013,"Jerry's Rentals & Specialties Co. Inc., Lopez Well #11 Encino  TX 78353",Worker died from pressure of a blow out that occurred during an oil field stump test.,Fatality
3/31/2013,"Precision Surveillance Corporation, Russellville,  AR 72802",Employee killed after being struck by a collapsing crane.,Fatality
3/30/2013,"M&C Motorcycles,  Long Beach, CA 90802",Worker died after being struck by vehicle while testing repaired motorcycle.,Fatality
3/28/2013,"IL State Police - District #15, Northbrook, IL 60062",Worker died after being struck by semi-truck while assisting a motorist.  ,Fatality
3/28/2013,"Kimble Mixer Company, Philadelphia, OH 44663",Employee died after a presumed fall.,Fatality
3/28/2013,"NJ Division of Parks and Forestry, Clinton, NJ 08809",Worker died after being struck by vehicle while performing controlled forestry burns in the park. ÿ ,Fatality
3/28/2013,"Spectrum Contracting Inc., St. Petersburg, FL 33710",Employee died after falling 30 feet off a scissors lift on which he was working.,Fatality
3/27/2013,"Arbor Care Inc., Houston, TX 77008",Employee died after falling nearly 50 feet from a bucket while performing tree trimming operations.,Fatality
3/27/2013,"Barralaga's Roofing & Siding, Ocean City, NJ 08226",Employee died after falling from a residential roof to the ground below.,Fatality
3/27/2013,"Becco Contractors Inc., Tulsa, OK 74145",Employee died after being struck by vehicle.,Fatality
3/27/2013,"Comfort-Air Engineering Inc., San Antonio, TX 782181",Employee died after falling through a skylight while installing HVAC piping.,Fatality
3/27/2013,"Craft Machine Works, Inc.,  Hampton, VA 23661",Worker died when caught between a vertical door counterweight and support structure.,Fatality
3/26/2013,"Ardagh Glass Inc., Henryetta, OK 74437",Employee died from injuries after being crushed by a forklift.,Fatality
3/26/2013,"BBG Services, Corpus Christi, TX 78414",Employee died when trench collapsed and crushed him.,Fatality
3/26/2013,"Duplo USA Corporation, Henderson, NV 89002",Worker died after vehicle collided with another on interstate highway.,Fatality
3/25/2013,"Juan Betancourt-Duran, Katy, TX 77494",Employee died after being struck by falling wall.,Fatality
3/24/2013,"Newark Brothers Inc., Newark, NJ 07103",Employee shot and killed during altercation between restaurant patrons.,Fatality
3/23/2013,"Magnussen Brothers Inc., Fostoria, IA 51340",Worker crushed and killed after bales of corn stalk fell on him.,Fatality
3/22/2013,"Construction Engineering Consultants (CEC, Inc.), Newport News, VA 23606  ",Worker died from a fall while installing gutters and replacing window trim.,Fatality
3/22/2013,"S. McClain Stone Company, Vestal, NY 13850",Employee struck and killed by forklift.,Fatality
3/21/2013,"Indianapolis Funeral Escort Services, Indianapolis, IN 46227",Worker leading a funeral procession on motorcycle died from injuries when the motorcycle hit the center median and slid 60 feet. ,Fatality
3/21/2013,"Mollertech LLC, Shelby Twp, MI 48315",Employee died after being struck by a mold that hooks to crane.  ,Fatality
3/20/2013,"Burnham Industrial Contractors Inc., Haywood, WV 26366",Worker died after falling from collapsed roof onto a filter device.,Fatality
3/20/2013,"Woodworks Construction, Franklin, MI 48025",Worker died from 35-foot fall after wind gusts pushed him and a window he was installing off forklift platform.,Fatality
3/19/2013,"Freeman LP Corp, Long Beach, CA 93584",Worker died from injuries after falling 11 feet from scaffold.,Fatality
3/18/2013,"Astro Aluminum Treating Company, South Gate, CA 90280",Worker crushed and killed after a stack of cylinder racks fell on him.,Fatality
3/18/2013,"Boeing, North Charleston, SC 29418",Worker died after falling 30 feet from a mobile scaffold.  ,Fatality
3/18/2013,"JRJ Trucking  LLC, Thomasville, NC  27360
",Worker crushed and killed after the tractor trailer he was repairing fell on him.,Fatality
3/18/2013,"Parker Integrated Sealing Systems, Ligonier, IN 46767",Worker electrocuted while repairing light fixture.,Fatality
3/18/2013,"Patriot Drilling LLC, Orla, TX 79770",Employee struck and killed by pipe at drilling rig site.,Fatality
3/18/2013,"The Clubs at Colonial Ridge, Harrisburg, PA 17112",Employee struck and killed by tree he was cutting down.,Fatality
3/17/2013,"Frontier Drilling LLC, Wellington, UT 84542                                  ",Worker died after being struck by a chain and hook from an extended forklift.,Fatality
3/17/2013,"Reedy Creek Energy Services Inc., Lake Buena Vista, FL 32830",Employee died after falling from scaffold.,Fatality
3/17/2013,"White Pigeon Paper Co., White Pigeon, MI 49099",Worker died after falling into a pulper while welding equipment.,Fatality
3/16/2013,"Thornton's Gas Station, Streamwood, IL 60107",Employee killed after robbery at gas station.,Fatality
3/15/2013,"Thompson Metal Fab Inc., Vancouver, WA 98668",Worker crushed and killed when steel wing wall collapsed.,Fatality
3/14/2013,"Los Angeles Engineering Inc., Los Angeles, CA 90272",Worker killed when trench collapsed.,Fatality
3/14/2013,"Schneider Milling Inc., Waverly, IA 50677",Two workers died from possible carbon monoxide exposure after entering a grain bin to unclog an auger.,Fatality
3/13/2013,"NLMK Indiana Portage, IN 46368",Workers were diagnosing Joslyn switch that was supposedly locked-out.  Circuit completed and voltage went through meter resulting in an arc flash. Three workers were hospitalized with burns.,Catastrophe
3/13/2013,"Prime Wheel Corp., Harbor City, CA 90248",Worker killed after being caught between hoist and plating tank. ,Fatality
3/13/2013,"River Parish Maintenance Inc., Norco, LA 70079",Worker died after being crushed by cylinders that rolled off fork-truck.,Fatality
3/13/2013,"TIC dba The Industrial Company, Bakersfield, CA 93308",Worker died from injuries when forklift overturned and rolled down hill.  ,Fatality
3/12/2013,"Upper Valley Disposable Services Inc., St. Helena, CA 94574",Worker was struck by company truck and dragged approximately 200-300 feet.  Worker was pronounced dead at scene.,Fatality
3/11/2013,"Harris Camden Realty Inc., Camden, NJ 08104",Employee died after falling through roof opening onto steel landing. ,Fatality
3/11/2013,"Rieke Grading, Shawnee Mission, KS 66227",Worker died when the pump truck he was welding exploded.,Fatality
3/8/2013,"J Flores Roofing Inc., Oak Ridge, NC 27310",Worker died from fatal fall while repairing roof at residential house.,Fatality
3/8/2013,"Mcm Carpentry LLC,           Woodbridge, Virginia 22193",Worker struck and killed by steel I-beams while working in unfinished basement.,Fatality
3/7/2013,"Apple Valley Waste Services, Gerrardstown, WV 25420",Worker struck and killed by vehicle while collecting trash.,Fatality
3/7/2013,"Apple Valley Waste Services, Gerrardstown, WV 25420",Worker struck and killed by vehicle while collecting trash.,Fatality
3/7/2013,"Martinrea Hopkinsville LLC, Hopkinsville, KY 42240",Worker killed after being pinned under machine at automotive plant.,Fatality
3/6/2013,"C&J Energy Services Inc., Moulton, TX 77975",Worker died when fork-truck fell on him after going over ramp.,Fatality
3/6/2013,"Davis Tool & Die, Fenton, MO 63026",Worker electrocuted while working on industrial furnace.,Fatality
3/6/2013,"Hudson Community FPD - Main Station Hudson, IL 61748",Five workers hospitalized after being struck by a trailer carrying automobiles.,Catastrophe
3/6/2013,"Hudson Community FPD - Main Station, Hudson, IL 61748",Worker killed after being struck by a trailer carrying automobiles.,Fatality
3/6/2013,"Purina Animal Nutrition, Evansville, IN 47711",Worker suffocated after becoming trapped in man lift.,Fatality
3/6/2013,"Schlitterbahn Beach Resort Management LLC, South Padre Island, TX 78597",Worker killed after being caught between the gate of a wave pool he was repairing.,Fatality
3/4/2013,"Gin-Spen Inc., Andrews, TX 79714",Worker died from head injuries after falling from back of pickup truck.,Fatality
3/2/2013,"Bradsher Boys, Inc., Raleigh, NC  27615                    ",Worker killed after becoming entangled in a mulch auger.,Fatality
3/1/2013,"CR&R, Inc., Stanton, CA  90680",Worker struck and killed by a projectile while welding.,Fatality
3/1/2013,"GB Auctions, Inc., Spokane, WA 99219",Worker died of CO poisoning emitted after gas-powered generator used inside trailer failed.,Fatality
2/28/2013,"Charles Blalock and Sons Inc.,  White Pine, TN 37890",Worker struck and killed by tractor trailer at construction site.,Fatality
2/28/2013,"Southwest Transportation  LLC, 
Loving, NM  88256
",Worker struck and killed by a hatch lid that blew off tank while he loaded well-water into disposal well.,Fatality
2/27/2013,"Asplundh Tree Expert Co., Charlotte, NC  28217",Worker struck and killed by falling tree.,Fatality
2/26/2013,"Gardner Brothers Drilling Inc., Beaver, UT 84725",Worker struck and killed by pipe that came loose during drilling.,Fatality
2/26/2013,"Gilles & Audrey FleuryTrust, Anaheim, CA 92802",Worker died after falling 14 feet to concrete on construction site.,Fatality
2/26/2013,"Penhall Co, Brigham City, UT 84302",Worker crushed and killed when a section of building's roof collapsed during demolition operations.,Fatality
2/25/2013,"CSC Sugar LLC, Fairless Hills, PA 19030",Employee killed after falling into a sugar hopper.,Fatality
2/25/2013,"J.G. Boswell Company, Bakersfield, CA 93311",Worker drowned after accident caused vechicle to land in canal.,Fatality
2/25/2013,"Pete Gould & Sons Inc., Ellenboro, WV 26346",Employee struck and killed by falling tree.,Fatality
2/25/2013,"Sidewinder Drilling, Carrollton, OH 44615",Worker killed when struck by drilling equipment.,Fatality
2/24/2013,"Turner Specialty Services LLC, Darrow, LA 70725",Employee crushed and killed by conveyor belt rollers undergoing maintenance.,Fatality
2/23/2013,"RSI Home Products Manufacturing, Inc., Lincolnton, NC  28092",Worker killed after being caught in saw machine at cabinetry facility.,Fatality
2/22/2013,"Hagel Metal Fabrication Inc., East Peoria, IL",Worker operating laser machine struck and killed by metal debris.,Fatality
2/22/2013,"Saddai Inc., Perth Amboy, NJ 08861",Employee was struck and killed by vehicle while making a delivery.,Fatality
2/21/2013,"Best Logging, Rock Castle, WV 25245",Employee killed by a falling tree during tree felling operations.,Fatality
2/21/2013,"Desert Cab, Inc., Las Vegas, NV 89109","Taxi driver was killed after being struck from behind by another vehicle, causing the car to catch fire.",Fatality
2/21/2013,"Donald L. Shirey Lumber Company Inc, Rimersburg, PA 16248",Worker struck and killed by falling tree.,Fatality
2/21/2013,"Guichard Operation Company LLC, Rayne, LA 70578",Employee died after falling from a building.,Fatality
2/20/2013,"Cactus Wellhead, Bossier City, LA 71111",Employee killed by falling  equipment during unloading operations.,Fatality
2/20/2013,"Slone Builders, Inc., White Lake, MI 48386",Worker was killed when nail from a nail gun struck him in the eye.,Fatality
2/20/2013,"Tex-Lee Operating Company, Giddings, TX 78942",Oil rig worker killed when a counter-weight fell 65 feet on him during a rig shutdown.,Fatality
2/19/2013,"Day Zimmer NPS, Perry, OH 44081",Employee died from head injuries after falling off scaffolding.,Fatality
2/19/2013,"JJ's Restaurant, Kansas City, MO 64112",Employee killed in a natural gas explosion.,Fatality
2/18/2013,"Cat Spec Ltd., Ardmore, OK 73402",Employee died while working in a confined space at a crude oil refinery.,Fatality
2/18/2013,"Summit Roofing, LLC, Howell, MI 48855",Worker died after falling 25 feet from roof while installing insulation.,Fatality
2/17/2013,"Hydro-Marine Construction Inc., South Amboy, NJ 08879",Employee crushed and killed by excavator bucket.,Fatality
2/16/2013,"G&H Steel, New Orleans, LA 70119",Employee died after falling 18 feet from a roof support beam.,Fatality
2/15/2013,"Central Environmental Services, Flemington, WV 26181",Employee died after an explosion occurred while he was checking levels on a 400 barrel brine water holding tank.,Fatality
2/15/2013,"Coba Landscaping & Construction, Belleville, NJ 07109",Employee struck and killed by falling tree limb while trimming trees.,Fatality
2/15/2013,"ERG Aerospace Corporation, Oakland, CA  94608",Worker was struck in head and killed by piece of metal while operating lathe. ,Fatality
2/14/2013,"Wade C. Bowler, Aylett, VA 23009",Worker struck and killed by an excavator arm while trimming trees.,Fatality
2/13/2013,"Life Time Brands, Garden City, NY 11530",Employee died after falling in a parking lot.,Fatality
2/13/2013,"Professional Service Industries Inc., Belle Glade, FL 33430",Employee died after being thrown from and run over by bulldozer.,Fatality
2/13/2013,"SCC Cabinets Inc., Wellington, FL 33414",Worker died after falling 30 feet while unloading tools from forklift.,Fatality
2/11/2013,"Burns Paving Company Inc., Oklahoma City, OK 73105",Employee died after being struck by a vehicle moving in reverse on the worksite.,Fatality
2/11/2013,"HSA Consulting Group Inc., Pensacola, FL 32503",Employee struck and killed by vehicle while conducting a traffic study.,Fatality
2/9/2013,"Air Liquide USA, La Porte, TX 77572",Employee died in a facility explosion.,Fatality
2/9/2013,"Ironrock Resources Inc. Pampa, TX 79065",Employee died when he fell while cutting away a conveyor that was attached to a building.,Fatality
2/8/2013,"YJF Company dba New Star Design, Honolulu, HI 96813",Worker died from injuries sustained after falling off a two-stage scaffold.,Fatality
2/7/2013,"Riverside Police Department, Riverside, CA 92522",A patrol officer was killed in the line of duty after being ambushed by gunfire.,Fatality
2/6/2013,"Bodine Services of Decature Inc., Decature, IL 62526",Employee died after being crushed between dislodged material he was cleaning and an I-beam.,Fatality
2/6/2013,"General Iron Industries Inc., Chicago, IL 60616",Welder died from injuries sustained when a steel wall fell on him.,Fatality
2/6/2013,"Mac Corporation, Indianapolis, IN 46219",Worker was crushed to death when the trash compactor he was repairing was energized.,Fatality
2/6/2013,"Mass Transportation Authority, Mt Morris, MI 48458",Worker died after being struck by the rear tires of a rolling bus.,Fatality
2/6/2013,"Quality Drywall, Inc., Lewisville, NC  27023",Worker installing sheetrock was killed after falling from ladder.,Fatality
2/5/2013,"BWP Hardwoods, Brookville, PA 15825",Employee died after being pinned between his machinery.,Fatality
2/5/2013,"Sweyolakan Farms, Ithaca, NY 14850",Dairy farm worker crushed and killed by auger.,Fatality
2/5/2013,"Thiems Construction Company Inc., Maryville, IL 62062",Employee was electrocuted when a downed electrical powerline came into contact with the concrete truck he was operating.,Fatality
2/4/2013,"Midwest Construction Co Inc., Burlington, KS 66839",Employee died when the crane he was operating tipped over and crushed him.,Fatality
2/1/2013,"Buffalo Sweeping Compound Inc., Buffalo, NY 14210",Employee died after being crushed by the payload arm of a powered industrial truck.,Fatality
2/1/2013,"LT Disposal Inc., Leicester, NY 14481",Employee died after being caught between two trucks.,Fatality
2/1/2013,"NYCPD - Bkyn North Narcotics, Brooklyn, NY 11207","Worker died from heart attack, determined to be work-related, during a narcotics operation.  ",Fatality
1/31/2013,"Heller Casing Service Inc., Watford City, ND 58854",Employee died after being crushed by the equipment he was operating.,Fatality
1/31/2013,"Southern Minnesota Beets Cooperative Renville, MN 56284",Worker was fatally struck by a pay loader while walking from one building to another.,Fatality
1/29/2013,"Container Solutions Inc., Mantachie, MS 38855",Employee died after being crushed between a semi-trailer and a loading dock.,Fatality
1/29/2013,"Farmers Cooperative Company, Talmage, NE 68448",Employee died after being struck by a grain truck.,Fatality
1/28/2013,"TK Holdings Inc., San Antonio, TX 78251",Employee died after being crushed inside a die press.,Fatality
1/27/2013,"Square K Lumber LLC., Smoot, WV 24977",Employee died after being crushed between the frame and the bed of a dump truck.,Fatality
1/26/2013,"SCR Construction Inc., Richmond, TX 77469",Employee died when an empty chemical drum he was cutting exploded and struck his head.,Fatality
1/25/2013,"Oscar Adelar, Mission Viejo, CA 92691",Worker died after being hit by several cars while handing out flyers.,Fatality
1/25/2013,"Quality Services LLC, Memphis, TN 38106",Worker died after being struck by a tractor trailer truck while changing a tire.,Fatality
1/25/2013,"Shores Construction Inc., Horseshoe Beach, FL 32648",Employee died after falling 135 feet from a water tower.,Fatality
1/24/2013,"Abacus Building Innovations Inc., Astoria, NY 11103",Employee died after falling 15 feet onto a metal floor joist and concrete foundation.,Fatality
1/24/2013,"Grosse Ile Township, Grosse Ile, MI 48138",Worker died after becoming trapped in a trench during excavation operations.,Fatality
1/24/2013,"H.B. Gills Inc., Cutler, CA 93615",Worker died after being crushed between a tractor tire and the ground after falling from the vehicle.,Fatality
1/24/2013,"Miracle Method of Portland LLC, Portland, OR 97220",Worker succumbed to injuries sustained from a chemical exposure while resurfacing a bathtub in a small bathroom with little air ventilation.,Fatality
1/24/2013,"Moss Transportation Services, Belle Glade, FL 33430",Employee died after being crushed between a semi-truck and a loading dock.,Fatality
1/23/2013,"C.J. Mabardy Inc., Cambridge, MA 02138",Employee died from injuries sustained from being crushed by the bulldozer he was working on.,Fatality
1/23/2013,"John Miller Construction, Coldwater, MI 49036",Worker died after falling off a roof.,Fatality
1/22/2013,"Eaton Corporation, Pittsburgh, PA 15213",Employee electrocuted while performing upgrades to a campus electrical distribution switchgear.,Fatality
1/22/2013,"Resolute FP US Inc., Catawba, SC 29704",One worker died and two others were hospitalized after cleaning a seven-story high tank. After seeing a brown liquid and vapor flowing into tank two of the workers were able to climb out  but the third was trapped 14 feet down in the tank and died from chemical exposure.,Fatality
1/22/2013,"Stanco Metal Products Inc., Williamston, SC 29697",Worker died after being caught in a stamping machine.,Fatality
1/21/2013,"Bliss Envirnmental Services Inc., Utica, NY 13502",Employee died after being struck by a garbage truck.,Fatality
1/21/2013,"Gao's Construction Corp., Port Jefferson, NY 11777",Employee died from injuries sustained after falling from a ladder and being struck by falling metal awning.,Fatality
1/21/2013,"LPC & D Inc., Rio Grande, PR 00745",One worker was killed and two were hospitalized when a crane overturned and the basket fell 40 feet during maintenance operations on a highway bridge.,Fatality
1/21/2013,"Owego Vill Fire Department, Newark Valley, NY  13811",Worker died after falling through floor and into basement during fire fighting operations. ,Fatality
1/20/2013,"Rea Magnet Wire, Fort Wayne, IN 46803",Worker succumbed to injuries sustained after falling from a seven-foot platform.,Fatality
1/19/2013,"Haliburton Inc., Watford City, ND 58854",Worker was killed after being struck by a steel valve under 4100 psi of pressure during fracking operations.,Fatality
1/18/2013,"Quality Plus Gas Station, Sylva, NC 28779",Gas station worker died from brain damage sustained after being overcome by gas fumes.,Fatality
1/18/2013,"Reynolda House Inc., Winston-Salem, NC 27106",Worker for an art museum died from sepsis after an object penetrated his foot.,Fatality
1/17/2013,"County of Orangeburg Sawyerdale Collection, Orangeburg, SC 29112",Worker fell to his death after being hit by a compactor door.,Fatality
1/17/2013,"Hatchett Roustabout Inc., Lamesa, TX 79331",Worker died from exposure to hydrogen sulfide after stepping into 5-foot-deep hole containing oil slush.,Fatality
1/17/2013,"Newt Davis LLC, Sardis, MS 38666",Employee died from injuries sustained from severe burns after coming in contact with a wood burning heater.,Fatality
1/17/2013,"Turner Bean & Grain Inc., Turner, MI 48765",Worker died while removing railroad timber when the tractor he was using rolled on top of him.,Fatality
1/16/2013,"Gustafson Chipping Company Inc., Orlando, FL 32808",Employee died after tripping and falling onto a marble mold.,Fatality
1/16/2013,"Reliance Steel & Aluminum Co., Atlanta, GA 30318",Employee died after falling from the back of a tractor trailer being unloaded.,Fatality
1/16/2013,"Witt Plumbing Inc., Hastings, NE 68901",Worker died after being engulfed in a collapsing trench.,Fatality
1/15/2013,"Flowers Baking Company, Bardstown, KY 40004",Worker died from injuries sustained after being pinned between a trove and an elevator bar.,Fatality
1/14/2013,"Kaba Ilco Corporation, Forsyth, NC 27009","Worker crushed and killed when a cart carrying 2,000 pounds of zinc tipped over on top of him.",Fatality
1/14/2013,"Omni Energy and Seismic Services LLC, Fairview, WV 26570",Worker died after being ejected from a track buggy that fell down a hill.,Fatality
1/12/2013,"Jim Corridon Electric Inc., Vienna, Virginia 22182",Worker succumbed to injuries after falling off of a 12-foot step ladder while installing an un-energized electrical cable.,Fatality
1/11/2013,"C & L Lockers, Connell, WA 99326",Worker operating an off-road vehicle died after being struck from behind by another vehicle.,Fatality
1/11/2013,"C&L Lockers, Connell, WA 99326",Worker died while riding in an off-road vehicle when the vehicle was struck from behind by another car on the highway.,Fatality
1/11/2013,"Compos Roofing, Oklahoma, OK 73134",Employee died after falling 19 feet while working on an apartment rooftop.,Fatality
1/11/2013,"Luis Colorado, Newark, NJ 07105",Employee died after being crushed between a truck chassis and a container wall inside a parking garage.,Fatality
1/11/2013,"Xceed Resources, El Paso, TX 79905",Employee was struck and killed by a hit-and-run driver while working along an interstate access road.,Fatality
1/10/2013,"Ace Hardware, Vallejo, CA 94589",Worker died when a big rig struck another vehicle and fell off a ramp.,Fatality
1/10/2013,"H. William Paving LLC, Fairfield, NJ 07004",Employee died after being caught between a truck's dump body and frame.,Fatality
1/10/2013,"Mesa Wells Service LP, Jal, NM 88252",Worker died when brakes on the blocks failed and the tubing he was pulling from a well struck and knocked him from a platform.,Fatality
1/9/2013,"Pessoa Construction Company, Perryville, MD",Two construction workers struck and killed by motor vehicles while setting up a road closure. ,Fatality
1/9/2013,"RJ Taylor-Wyatt LLC, Bridgeland, UT 84012 ",Worker struck and killed by 40-foot pipe as it was being placed in a bending machine.,Fatality
1/8/2013,"Johnston Trucking, Memphis, TN 38113",Worker succumbed to injuries sustained after being struck by a front-end loader while waiting for truck to be loaded.,Fatality
1/8/2013,"Keeco LLC, Hayward, CA 94544",Worker's head was crushed between a loading dock and a trailer while backing into a dock.,Fatality
1/7/2013,"Lopez Landscaping, Greenwich, CT 06830",Worker killed when struck by a fallen tree trunk.,Fatality
1/7/2013,"Regal Entertainment Group, Burlington, NJ 08016",Employeed died from injuries sustained after falling from a 6 foot ladder.,Fatality
1/7/2013,"Smith Pipe & Supply LP, Abilene, TX 79606",Employee died after being crushed between a 500-pound barrel-tank and a tractor trailer during loading.,Fatality
1/5/2013,"Ben's Gardening Services, Torrance, CA 90501",Worker electrocuted while trimming pine tree branches at 25 feet when his pruning shears contacted an overhead electrical cable.,Fatality
1/5/2013,"Terex Services North America, Blytheville, AR 72315",Employee died after falling 30 feet from an overhead crane while performing maintenance work.,Fatality
1/4/2013,"American Cable & Rigging Supply Inc., Asheville, NC 28801",Worker died after falling eight feet when the core drilling machine he was using hit rebar.,Fatality
1/4/2013,"Latshaw Drilling & Exploration LLC, Reydon OK 73660",Worker died after falling 30 feet while removing equipment during drilling operations.,Fatality
1/4/2013,"Tom Lane Contractors, Hebron, KY 41048",Worker died after falling 20 feet while working on the steps of a second floor landing.,Fatality
1/4/2013,"WS Consulting & Construction Inc., Mount Vernon, WA 98273",Worker died after falling 80 feet from a cellular tower.,Fatality
1/3/2013,"Landrum Construction, Cincinnati, OH 45011",Employee died after falling 10 feet through the floor while performing residential framing operations.,Fatality
1/2/2013,"Universal Cable Systems Inc., White Castle, LA 70788",Cable service worker died after falling from a ladder.,Fatality
12/31/2012,"Strickland Tree Service, Phenix City, AL 36870",Employee was fatally crushed while performing maintenance on a dump truck.,Fatality
12/31/2012,"W & O Construction Company Inc., Knoxville, TN 37919",Worker electrocuted after trailer's load line contacted overhead powerline.,Fatality
12/30/2012,"Aspen Skiing Company, Snowmass Village, CO 81611",Employee patrolling ski slopes killed during an avalanche.,Fatality
12/30/2012,"Wal-Mart Associates Inc., Hermiston, OR 97838",Worker died after vehicle crashed during icy road conditions.,Fatality
12/28/2012,"Environmental Enterprises Inc., Cincinnati, OH 45232",Employee died when chemicals from an industrial filter he was shredding ignited and exploded.,Fatality
12/28/2012,"James Construction Group, Geismar, LA 70734",Construction worker died after falling 12 feet from a ladder.,Fatality
12/28/2012,"RL Construction & Restoration Inc., Elmont, NY 11003",Employee died from injuries sustained after falling from a residential roof.,Fatality
12/27/2012,"Grayhawk LLC, Phelps, KY 41553",Worker fell 18 feet from scaffold hitting post with left leg.  Worker was hospitalized but succumbed to injuries and died. ,Fatality
12/27/2012,"Pope Douglas Solid Waste, Alexandria, MN 56308",Worker was crushed by a compactor after pressure developed during repairs.,Fatality
12/27/2012,"Western & Fourth Car Wash, Los Angeles, CA 90020",Worker died from injuries sustained after being struck by a vehicle operated by another worker while exiting the car wash tunnel.,Fatality
12/26/2012,"Justino Rodriguez, Houston, TX 77031",Employee died after falling 20 feet from a scaffold while framing a hotel window.,Fatality
12/24/2012,"Alpine Meadows, Tahoe City, CA 96145",Worker died following injuries sustained from being caught in an avalanche.,Fatality
12/24/2012,"Ken Plante's Tree Removal, Haverhill, MA 01830",Worker died after a large tree limb fell and crushed him.,Fatality
12/24/2012,"W Webster Fire Department, Webster, NY 14580",Two workers were killed and two others were critically injuried after being shot while responding to a reported car and house fire.,Fatality
12/23/2012,"Jerry Dean Oxendine, Edith H. Oxendine, Jerry Dean Oxendine II dba 710 Dragstrip,                                                                    Rowland, NC 28383",Worker died from burns suffered during a grease fire and explosion at fast-food restaurant.,Fatality
12/22/2012,"Bimco Construction Services, Atlanta, GA 30312",Worker died after falling 16 feet from a ladder while painting an apartment building.,Fatality
12/20/2012,"Hudson Plumbing and Heating Inc., Yonkers, NY 10704",Employee died from head injuries after a concrete block fell from a ceiling being repaired.,Fatality
12/20/2012,"Roorda Dairy LLC, Paullina, IA  51046",Worker died from 15-foot fall when wind gusts knocked him off a silage pile.,fatality
12/19/2012,"Halliburton Energy Services Inc., Rock Springs, WY 82901",Worker was run over by a tractor trailer while attempting to unfreeze the brakes.,Fatality
12/19/2012,"WDH Roofing Company, Philadelphia, PA 19104",Employee electrocuted when his aluminum ladder contacted a power line.,Fatality
12/19/2012,"Witmer's Inc., North Lima, OH 44452",Employee died after falling 20 feet from a roof.,Fatality
12/18/2012,"Hattaway Brothers Inc., Columbus AFB, MS 39701",Worker electrocuted while working on overhead power lines.,Fatality
12/18/2012,"Mountain Vending Inc., Oak Hill, WV 25901",Employee died after being crushed by fork truck.,Fatality
12/16/2012,"Precision Pipeline, Bethany, WV 26032",Worker killed when a section of pipeline crashed through the windshield of the excavator he was operating.,Fatality
12/15/2012,"Groves Building and Design LLC, Palm Beach, FL 33480",Employee was struck and impaled by wood ejected from a table saw.,Fatality
12/15/2012,"Kennedy Valve, A Division of McWane, Elmira, NY 14901",Employee crushed by machinery while making repairs to a hydraulic tabletop.,Fatality
12/15/2012,"Sodecia Sterling Heights, MI 48314",Worker was crushed to death when the robot work cell he was working inside was struck from behind by a transfer robot.,Fatality
12/14/2012,"American Forestry and Firewood LLC, Gloverville, NY 12078",Worker was killed after being struck by a tree during felling operations.,Fatality
12/14/2012,"Canada Dry Bottling Co. of NY, NY, NY 10023",Driver fatally struck by passing motor vehicle while delivering beverages from a truck to a supermarket.,Fatality
12/14/2012,"Premium Mulch & Materials, Coram, NY 11727",Employee died after being struck by a payloader.,Fatality
12/13/2012,"Boeing Services Inc., Seattle, WA 98108",Worker was priming a plane for painting and fell approximately 15 feet from the nose of the plane to the cement floor.,Fatality
12/13/2012,"K&S Logging LLC, Gladwin, MI 48624",Worker was fatally struck by a tree limb.,Fatality
12/13/2012,"Waste Management, Cannon Falls, MN 55009",Worker was struck by and run over by a garbage truck.,Fatality
12/12/2012,"S & T Tree Services, Windsor, PA 17366",Worker died when a tree fell onto his legs during tree cutting operations.,Fatality
12/12/2012,"The Home Depot, Commack, NY 11725",Employee died after falling from a truck.,Fatality
12/12/2012,"Veteran's Health Adminstration, Parma, OH 44130",Volunteer employee died from injuries after tripping and falling over a motorized scooter.,Fatality
12/12/2012,"YRC Freight, Kansas City, MO 64129",Employee killed when crushed between a loading dock and a freight container.,Fatality
12/11/2012,"East End Environmental Services Corp., Mastic Beach, NY 11951",Employee died when a storage tank he was cutting exploded.,Fatality
12/11/2012,"Genie Industries Inc., Moses lake, WA 98837",Worker was crushed to death between a lift mast tube and a paint cart when the tube fell.,Fatality
12/11/2012,"Hawkeye Paving Corporation, Davenport, IA 52807",Worker was shaping a hill with dozer when the vehicle tipped over and crushed him.,Fatality
12/10/2012,"Napoleon Boneparte Ballard III, Middleburb, FL 32068",Tow truck operator was fatally crushed when a vehicle was shifted from park into neutral.,Fatality
12/10/2012,"Nevin Stitzer Contracting Inc., Johnstown, PA 15901",Worker died after falling 14 feet while setting up retractable laynards.,Fatality
12/9/2012,"Dan D. Drilling Co., Guthrie, OK 73044",Employee was killed when an industrial drill block fell on him.,Fatality
12/9/2012,"Great Divide Forestry Thermopolis, WY 82443",Worker was struck and killed by a truck hauling logs.,Fatality
12/7/2012,"Globe Energy Services, Midland, TX 79712",Three employees hospitalized after tubing burst while performing oilfield rigging activities.,Fatality
12/6/2012,"Badger Pressure Control, Pecos, TX 79772",Three employees hospitalized after being injured while conducting drilling operations.,Fatality
12/6/2012,"Steven Jesser Farms, Fresno, CA 93727",Worker was struck by a falling tree.,Fatality
12/6/2012,"TForce Energy Services Inc., Rock Springs, WY 82901",Worker died after being ejected from bucket and striking metal object while positioning equipment on trailer.,Fatality
12/5/2012,"Corrosion Controls Corporation, Audubon, PA 19403",Worker died from a fall after a suspended scaffold partially collapsed.,Fatality
12/5/2012,"Kroger Co., Spring, TX 77379",Grocery store worker died from injuries after tripping and falling from loose flooring.,Fatality
12/5/2012,"Lassetter Propane LLC, Dawsonville, GA 30534",Employee succumbed to injuries sustained from a fatal burn.,Fatality
12/4/2012,"Endeavor Energy Resources LP, Stanton, TX 79782",Employee electrocuted while installing a power line from a bucket.,Fatality
12/4/2012,"Primera Iglesia Bautista de Juncos Inc., Juncos, PR 00777",Worker died from second- and third-degree burn injuries sustained when his clothes caught fire while working in a kitchen.,Fatality
12/4/2012,"Safway Services LLC, Wheatfield, IN 46395",Worker died after falling 20 feet to ground while climbing scaffold.,Fatality
12/4/2012,"TSL Transportation Inc., Newton, IA 50208",Two workers were checking a container seal ID when they were struck by a semi-truck. Both workers were hospitalized and one died as a result of his injuries.,Fatality
12/3/2012,"Al Cook Electric, MaComb, IL 61455",Employee died after falling off a ladder while installing electrical power lines.,Fatality
12/3/2012,"BJ Barnes and Sons Inc., Green River, WY 82935",Worker died after falling off trailer while opening hatch.,Fatality
12/3/2012,"Empresas Diaz Betterecycling Corp., Salinas, PR 00751",Worker struck and killed by loader.,Fatality
12/3/2012,"Lincoln Well Services LLC, Skiatook, OK 74070",Worker was electrocuted while setting up a rig at an oil well site.,Fatality
12/3/2012,"LPC Landscaping, Oak Park, MI 48237",Worker killed after being struck in jaw by 15-pound metal piece from trailer plate.,Fatality
12/3/2012,"Valero Refining Company - Tennessee LLC, Memphis, TN 38109",Worker died after being struck by flying glass and liquid propane from ruptured pump.,Fatality
12/2/2012,"Jack Cooper Transportation Company, Bethpage, NY 11714",Employee died after falling from the second level of a vehicle transport trailer.,Fatality
12/2/2012,"Santa Fe Fire Protection District, Bartelso, IL 62218",Firefighter struck and killed by fire truck while trying to contain fire.,Fatality
11/30/2012,"Berry Brothers Sawmill Inc., Cypress Inn, TN 38452",Worker died when a fan blade from a chipper struck him.,Fatality
11/30/2012,"City of Chicago - Police Department - 3rd District, Chicago, IL 60637",Three police officers were hospitalized following a motor vehicle crash that occurred as they were responding to a robbery.,Catastrophe
11/30/2012,"Mac Haik Used Car, Houston, TX 77024",Employee died after being shot by another employee.,Fatality
11/30/2012,"Rangel's Workforce Inc., LaFollette, TN 37849",Worker died after falling 16 feet from a roof while installing plywood.,Fatality
11/30/2012,"Specialized Trucking Inc., Pearl River, NY 10965",Employee died after being crushed by a heavy computer unit that tipped over while being transferred between two trucks.,Fatality
11/30/2012,"TJ Lambercht, Delphi, IN 46923",Employee died after s trench caved in on him.,Fatality
11/30/2012,"Unique Roofing Concepts Company, Redmond, WA 98053",Worker died after falling 35 feet from a roof.,Fatality
11/29/2012,"Co-Am Enterprise LLC, Hope, AR 71857",Worker was crushed and killed by cattle while directing them through an alley way.,Fatality
11/29/2012,"Michael Welch dba Welch Roofing, Cornelius, NC 28031",Worker died after slipping and falling from a roof while installing new shingles.,Fatality
11/29/2012,"Phoenix Industrial Cleaning, Whelling, IL 60090",Employee died after falling from a ladder while attempting to exit a chemical storage tank.,Fatality
11/28/2012,"Duval Glass & Mirror Inc., Jacksonville, FL 32211",Worker died after falling 25 feet while performing window maintenance.,Fatality
11/28/2012,"GardenState Tree & Lawn LLC, Colts Neck, NJ 07722",Employee was crushed to death when a tree he was clearing fell onto him.,Fatality
11/28/2012,"Highway Technologies Inc., Las Vegas, NV 89115",Worker died after a stack of metal guardrails he was loading on a truck fell on him.,Fatality
11/28/2012,"Tipton County Highway Department, East Union, IN 46031",Worker died after his dump truck collided with a semi-truck in an intersection.,Fatality
11/27/2012,"Diamond S Company, Saratoga Springs, UT 84043",Worker died after being caught in asphalt pulverizing machine.,Fatality
11/27/2012,"Twin States Utilities Inc., Henderson, KY 42420",Worker died after being pinned between a trailer and a truck while working on the highway.,Fatality
11/26/2012,"Illinois State Police - District 18, Litchfield, IL 62056",Police officer killed after being hit by a passing vehicle.,Fatality
11/24/2012,"AKDOT&PF, Girdwood, AK 99587",Worker died after being struck by a vehicle while assisting another vehicle on the shoulder of a highway.,Fatality
11/24/2012,"Somer Township - Highway Commission, Urbana, IL 61802",Worker died from exposure to carbon monoxide while repairing his equipment's engine.,Fatality
11/21/2012,"Eastport Bible Church, Eastport, NY 11941",Worker died after falling 9 feet from a garage roof while installing asphalt shingle.,Fatality
11/21/2012,"J.F.T. Enterprises Inc., Port Washington, NY 11050",Employee died after falling 16 feet from a ladder during chimney repairs.,Fatality
11/21/2012,"Monster Tree Service, South Hampton, PA 18954",Employee died after being struck by a tree during tree removal operations.,Fatality
11/21/2012,"Sonora Auto Sales, Fresno, CA 93721",Worker died after being crushed by a vehicle while performing maintanance.,Fatality
11/21/2012,"Suncoast Environmental Services Inc., Englewood, FL 34208",Employee died from an infection sustained after he slipped and fell onto debris at work.,Fatality
11/20/2012,"J.F. Wilkerson Contracting Company Inc., Raleigh, NC 27606",Worker died after becoming entrapped in a trench.,Fatality
11/20/2012,"Landmark Roofing Inc., Miami, FL 32025",Worker died after falling from a residential roof while conducting roofing operations.,Fatality
11/20/2012,"Porterville Unified School District Porterville, CA 93257",Sixteen workers were hospitalized following a refrigerant leak.,Catastrophe
11/19/2012,"Beacon Exteriors Inc., Brownstown Twp, MI 48173",Worker was electrocuted after a metal ladder contacted power lines.,Fatality
11/19/2012,"Precision Lawn Care and Landscaping Inc., Williamston, NC 27892",Worker was struck and killed by a tractor trailer while mowing grass along the highway.,Fatality
11/18/2012,"Habitat for Humanity of Greater Pittsburgh, Pittsburgh, PA 15221",Employee died after falling 10 feet while cleaning on an elevated surface.,Fatality
11/17/2012,"Closed Loop Systems, Riverside, NM 88210",Worker killed after being pinned between two loading bins.,Fatality
11/16/2012,"Jose Ochoa-Rodriguez, Wheaton, MD 20904",Worker died after falling 50 feet from a tree.,Fatality
11/15/2012,"James A Graf Trucking Inc., Winston, OR 97496",Worker killed when his truck went over an embankment.,Fatality
11/15/2012,"Kett Engineering Corporation, California City, CA 93505",Worker died after a tree fell on him.,Fatality
11/15/2012,"National Maintenance & Repair Inc., Hartford, IL 62048",Employee died after being struck by a tug boat propeller wheel when the support chain failed.,Fatality
11/15/2012,"Super Link Plastics Inc., Oakland, CA 94603",Forklift driver killed when struck by another forklift.,Fatality
11/14/2012,"Roscoe Stewart dba R. Stewart Tree Service, Durham, NC 27703",Worker died after falling 30 feet while cutting down a tree.,Fatality
11/14/2012,"William A Severyns Insurance, Renton, WA 98057",Worker sitting at a desk died when struck by car that crashed through an office building wall.,Fatality
11/13/2012,"Barnett Management, West Palm Beach, FL 33409",Employee died after falling into a canal and drowning.,Fatality
11/13/2012,"Bisom Trucking, Des Moines, IA 50309",Worker died from injuries sustained after falling off a semi-trailer while unloading rebar.,Fatality
11/13/2012,"Forever Green Tree Solutions LLC, Parma, MI 49269",Worker killed after being crushed between a truck's bed and frame while making repairs.,Fatality
11/13/2012,"Thomas Market Inc., Malad City, ID 83252",Employee died from injuries after falling off a loading dock  striking his head and being run over by a vehicle.,Fatality
11/12/2012,"Ismael Pacheco dba Ismael Pacheco, Ayden, NC 28513",Worker was run over and killed by a truck while working in a potato field.,Fatality
11/11/2012,"NC Department of Transportation, Hatteras, NC 27943",Truck driver died when he was hit by another truck.,Fatality
11/11/2012,"Washington Township Fire Department, Fort Wayne, IN 46808",Worker died after being ejected from tanker truck when it hit a utility pole.,Fatality
11/10/2012,"Nelson Engineering Construction Inc., Sioux City, IA 51106",Worker performing hoisting and lifting operations at a construction site died when the hoisting strap failed causing the load to fall on him.,Fatality
11/10/2012,"US Postal Service, Lockport, LA 70374",Worker was crushed and killed after another vehicle crashed into his postal vehicle.,Fatality
11/9/2012,"J. Goode Environmental Services, Nacogdoches, TX 75964",Employee died after falling from a tree during tree cutting operations.,Fatality
11/9/2012,"Municipio de Maunabo Obras Publicas, Maunabo, PR 00707",Worker died after being struck by car while performing road maintenance.,Fatality
11/9/2012,"Sovay Iron Works Inc., Oswego, NY 13209",Employee died after falling 40 feet while installing metal decking.,Fatality
11/8/2012,"T&T Trucking Inc., Trona, CA 93562",Worker killed after being crushed between two tractors.,Fatality
11/7/2012,"Anniston Army Depot, Anniston, AL 36201",Employee died from injuries sustained from being struck in the abdomen by the steering wheel after his forklift hit a concrete-filled pole during operations.,Fatality
11/7/2012,"Georgia Pacific, Muskogee, OK 74403",Worker was electrocuted while changing a light bulb in a high bay.,Fatality
11/7/2012,"Pauletich Electric and Communications, Madera, CA 93636",Worker was struck by a vehicle while performing construction work.,Fatality
11/7/2012,"Wick Buildings LLC, Mazomanie, WI 53560",Employee crushed by materials used to support building structures.,Fatality
11/6/2012,"APAC-Southeast Inc., Naples, FL 34117",Employee died from hydrogen sulfide exposure.,Fatality
11/6/2012,"Patriot Tree Service, Saint James, NY 11780",Employee died after being struck by a tree limb while trimming a tree.,Fatality
11/6/2012,"RG Landscaping & Tree Service, East Brunswick, NJ 08816",Worker was struck and killed by a tree during tree trimming operations.,Fatality
11/5/2012,"Acker and Guerrero Roofing Company, Oakland, CA 94601",Worker died after falling from a roof and landing on his head.,Fatality
11/5/2012,"Askew and Workers Construction, Galveston, TX 77553",Worker died after being pinned between an excavation device and an outrigger.,Fatality
11/5/2012,"Lawson Excavating Inc., Flemington, NJ 08822",Employee working on a roadway died after being struck by a truck.,Fatality
11/4/2012,"Badger Grain Company Inc., Darien, WI 53114",Worker died after falling from an elevated rail platform.,Fatality
11/4/2012,"Lee & Eastes Tank Lines Inc., Federal Way, WA 98001",Worker driving a tank truck was killed when the truck burst into flames after being struck by another vehicle.,Fatality
11/4/2012,"Yukon Enterprise, New York, NY 10002",Employee died after falling through a roof skylight.,Fatality
11/2/2012,"American Concrete Industries Inc., Auburn, ME 04210",Employee was fatally crushed by a concrete barrier that fell on him.,Fatality
11/2/2012,"City of Chicago - Fire Department Engine Company 123, Chicago, IL 60621",Fire fighter died after a house's roof collapsed trapping him inside.,Fatality
11/2/2012,"eCullet Inc., Camden, NJ 08104",Worker at glass recycling plant died after being caught in a conveyor.,Fatality
11/2/2012,"Noriega Equipment,Portola, CA 96122",Worker operating an excavator to clean out the bottom of a lake drowned after the excavator tipped over into the lake.,Fatality
11/2/2012,"Sajoma Fried Chicken, New Brunswick, NJ 08901",Employeed died from carbon monoxide exposure.,Fatality
11/1/2012,"Roswell Commerical Roofing Inc., Salt Lake City, UT 84104",Worker died after falling 25 feet through skylight to concrete surface.,Fatality
11/1/2012,"Western Oilfields Supply Company, Dickinson, ND 58601",Employee died after being crushed by work vehicle.,Fatality
10/31/2012,"Bar G Feedyard, Summerfield, TX 79085",Worker repairing a tire from a front-end loader was killed when the tire's locking ring struck him.,Fatality
10/31/2012,"Commercial Jet Inc., Miami, FL 33166",Three employees were hospitalized after falling from an aircraft while using a forklift to unload parts.,Catastrophe
10/31/2012,"WD Olsen Tree Care, Annapolis, MD 21409",Worker helping to clear fallen trees after hurricane was killed when a tree fell on him.,Fatality
10/30/2012,"Extrudex Aluminum Inc., North Jackson, OH 44451",Employee was killed after a rack of aluminum sheets fell on him.,Fatality
10/30/2012,"Rainbow Valley Design & Construction Inc., Eugene, OR 97402",Employee performing drywall work died after falling off a ladder and striking his head.,Fatality
10/29/2012,"Easton Volunteer Fire Company No. 1 Inc., Easton, CT 06612",Fire fighter died after being struck by a falling tree while responding to a house fire.,Fatality
10/29/2012,"Empire Parking Corp., NY, NY 10013",Parking attendant drowned after being trapped in a flooded garage.,Fatality
10/27/2012,"Extreme Elements LLC, Tallmadge, OH, 44278",Worker repairing construction equipment was killed after being crushed by a pneumatic lift machine.,Fatality
10/27/2012,"P.K. Installs, Landover, MD 20785",Worker installing tyvec paper on single family home died after falling from 32-foot extension ladder.,Fatality
10/27/2012,"Valley View Electric Inc., Buffalo Lake, MN 55314",Worker died after falling 60 feet while working on auger motor on outside of grain elevator.,Fatality
10/27/2012,"Williams Brothers Construction Co. Inc., Conroe, TX 77303",Worker setting up a temporary traffic control zone died after being struck by vehicle.,Fatality
10/26/2012,"Southeast Culvert Inc., Cleveland, AL 35049",Employee died from injuries sustained after being struck by falling industrial pipes that were being unloaded.,Fatality
10/26/2012,"Three Corners LLC, Fort Smith, AR 72903",Employee died after being electrocuted when aluminum ladder contacted power line.,Fatality
10/25/2012,"Fairway Construction LLC, Hillsboro, OR 97123",Worker installing new siding on house died when he fell approximately 15 feet from ladder.,Fatality
10/25/2012,"Marriot TownPlace Suites, Lafayette, IN 47905",Worker at a hotel died after falling three stories from attic rafters to the ground.,Fatality
10/25/2012,"Tower Maintenance Corp., Edison, NJ 08818",Employee died after falling from an electrical tower.,Fatality
10/24/2012,"STS Terminal Ports of America Berth 37, Oakland, CA 94601",Worker repairing a crane trolley was crushed between the trolley's bumper and a guardrail.,Fatality
10/24/2012,"Toys R Us, Dublin, OH 43017",Retail worker died from fall from an 8-foot ladder.,Fatality
10/23/2012,"Center Fire Feed Yard, Ulysses, KS 67880",Worker died after falling 20 feet through roof skylight.,Fatality
10/23/2012,"Nassau County Police Department Highway Patrol Bureau, Bellmore, NY 11710",Police officer died after being shot in the chest while pursuing a hit and run suspect.,Fatality
10/23/2012,"Ports America Tampa LLC., Tampa, FL 33605",Employee died after being struck by large pipe bundle when the lifting strap broke.,Fatality
10/22/2012,"American Rice Growers, Raywood, TX 77582",Worker died after falling 60 feet through a grain elevator opening.,Fatality
10/22/2012,"Cell-crete Co, Running Springs, CA 92382",Worker lost control of flat-bed semi-truck and died after jumping or being ejected from out-of-control truck.,Fatality
10/22/2012,"General Motors LLC, Bedford, IN 47421",Worker performing maintanence under a scissor lift died after the lift descended causing worker to be caught between base and lift.,Fatality
10/22/2012,"K&R Roustabout Services Inc., Killdeer, ND 58640",Employee died from burns suffered while repairing tank batteries at an oil well site.,Fatality
10/22/2012,"Mobley Contractors Inc., Star City, AR 71667",Employee killed after being crushed by a fallen crane boom.,Fatality
10/22/2012,"New Mexico School for the Deaf, Santa Fe, NM 87505",Worker died after falling from an extension ladder while working on a roof.,Fatality
10/22/2012,"Republic Services, Mayfield, KY 42066",Worker was run over and killed when he slipped off a garbage truck's side running board.,Fatality
10/22/2012,"SM Hentges & Sons, Minneapolis, MN 55401",Worker dredging a pond was killed when a backhoe tipped over on him.,Fatality
10/21/2012,"International Extrusions, Waxahachie, TX 75165",Worker died after being electrocuted while wiring overhead lighting.,Fatality
10/19/2012,"Ivan Martinez, Keller, TX 76248",Worker died after being struck by the arm lift of a skid loader.,Fatality
10/19/2012,"Randolph County Schools, Archdale Trinity Middle School, Trinity, NC  27370","Worker died from complications after falling on face, chest and abdomen while working with students.",Fatality
10/18/2012,"JDK Construction, Live Oak, CA 95953",Employee died after falling 14 feet from second-story balcony while working inside a new residential construction.,Fatality
10/18/2012,"Nassau County Police Department, Highway Patrol Bureau, Bellmore, NY 11710",Police officer was struck and killed by a vehicle while investigating a two-car collision.,Fatality
10/18/2012,"Seaboard Foods LLC, Guymon, OK 73942",Worker died after falling onto a drive shaft at a food processing plant.,Fatality
10/18/2012,"Total Fire Protection Inc., Benton Harbor, MI 49022",Worker was crushed between the side of an excavation and a 20000-gallon water tank.,Fatality
10/18/2012,"United States Postal Service, Newport, DE 19804",Worker died from injuries after being attacked by a dog.,Fatality
10/16/2012,"Lakeside Transport LLC, Wolcottville, IN 46795",Worker performing maintenance on semi-truck was crushed after truck fell on him.,Fatality
10/16/2012,"Sam's Club, Philadelphia, PA 19154",Worker died after falling through a suspended ceiling while repairing a security system.,Fatality
10/16/2012,"Select Staffing, Yadkinville, NC 27055",Worker killed at food processing plant after he was caught in a conveyor belt.,Fatality
10/15/2012,"Dow Machine Corporation, Houston, TX 77041",Worker repairing a forklift was crushed by machine's forks.,Fatality
10/15/2012,"Larry Mitchell dba Tri-County Roofing and Repair Services, Salemburg, NC 28385",Worker replacing sheet metal on barn roof died after falling nearly 20 feet to ground.,Fatality
10/15/2012,"WA State Department of Natural Resources, Springdale, WA 99173",Worker died after being electocuted while removing a tree from a 115-kV power line.,Fatality
10/13/2012,"AIRSERV Corp., Flushing, NY 11371",Worker struck and killed by a water service truck.,Fatality
10/12/2012,"McPhail Construction Company, Jackson, MS 39202",Employee died after falling from a 5th floor roof when his safety lanyard broke.,Fatality
10/12/2012,"Plasterer Equipment Company, Bethlehem, PA 18015",Employee crushed by a backhoe.,Fatality
10/12/2012,"Steve's Towing Inc., Perris, CA 92570",Worker was crushed when a car he was connecting to a tow truck rolled over him.,Fatality
10/12/2012,"Zelaya Construction Corp., Miami, FL 33178",Employee died from injuries sustained from a fall while working on a balcony roof.,Fatality
10/11/2012,"Max Montgomery dba Montgomery Saw Mill, Franklinville, NC 27316",Worker was struck and killed by a 30-foot tree being cut down.,Fatality
10/11/2012,"Pyramid Residential Construction Inc., Watford City, ND 58854",Employee installing siding during residential construction died after falling from scaffolding.,Fatality
10/11/2012,"SPX Corporation, Houston, TX 77065",Worker died after being caught in a lathe.,Fatality
10/10/2012,"Baker Concrete Construction - Northern Operation Division, Charlston,TN 37310",Two workers died after falling 140 feet from a collapsed work platform while helping to construct a chemical plant.,Fatality
10/10/2012,"E&E Concrete Pumping Services, Doral, FL 33178",Employee died after being crushed in a parking garage collapse.,Fatality
10/10/2012,"Elmo Greer & Sons LLC, Manchester, KY 40962",Worker for a paving contractor was struck and killed by a truck.,Fatality
10/10/2012,"Solar Erectors US Inc., Doral, FL 33178",2 Employees died after being crushed in a parking garage collapse.,Fatality
10/10/2012,"Stryker Electrical Contracting Inc., Doral, FL 33178 (US Army - Aberdeen Test Center)",Employee died while conducting dive operations at 130 feet.,Fatality
10/9/2012,"Gorilla Mikes LLC,Cincinati,OH 45243",Employee died from being struck on head by large tree limb.,Fatality
10/9/2012,"Robert Pitman Jr. DBA Envirosweep, Greenwood, IN 46143",Worker involved in a motor vehicle accident died when his work vehicle flipped and ejected the driver,Fatality
10/9/2012,"Tourism Arts & Heritage Cabinet Dept. of Parks,Waddy,KY 40076",Worker killed in a car crash while traveling from one worksite to another.,Fatality
10/8/2012,"Mid-Atlantic Realty Co. Inc., Greenville, DE 19807",Employee electrocuted while working in a bucket truck.,Fatality
10/8/2012,"Vanmeter Contracting Inc., Glasgow, KY 42141",Worker died in a fall after a 12-foot wall he was installing on a highway collapsed.,Fatality
10/7/2012,"Odyssey-Geronimo JV, Longview, WA 98568",Worker died when he fell into a river while performing bridge repairs.,Fatality
10/4/2012,"Central Site Development, Davenport, FL 33836",Worker died after being struck by a bulldozer.,Fatality
10/4/2012,"Custom Machine Works LLC, Tigard, OR 97224",Worker operating a lathe died from neck injuries when his arm got caught in machine pulling him in.,Fatality
10/4/2012,"Lonestar Geophysical Surveys, Oakley, KS 67748",Worker crushed by a seismic vibrator when it overturned during operation on a slope.,Fatality
10/4/2012,"Ulland Brothers, Highway 23, Wright, MN 55798",Worker electrocuted after crane contacted overhead power lines.,Fatality
10/3/2012,"All State Roofing, Columbus, GA 31907",Employee died after falling through roof.,Fatality
10/3/2012,"Brahma Group Inc., Bakersfield, CA 93308",Worker cleaning the inside of a water tank killed when floor beneath him collapsed.,Fatality
10/3/2012,"Consolidated Waste Services Corp, Salinas, PR 00751",Worker electrocuted by a 2 400-volt power line while trying to remove a stuck cable.,Fatality
10/3/2012,"Fort Russell Township - Highway Department, Moro, IL 62067",Worker was crushed when a dump truck struck and ran over him.,Fatality
10/3/2012,"Golden Gait Trailers LLC, Concord, NC 28027",Worker making repairs underneath a trailer died after the vehicle fell on him pinning him to the ground.,Fatality
10/3/2012,"M. K. Construction Group Inc., Apollo Beach, FL 33572",Employee died from injuries after falling from scaffolding.,Fatality
10/3/2012,"Pacific Northwest Aggregates Inc., Wishram, WA 98637",Worker was electrocuted while operating construction machine used to create flat surfaces.,Fatality
10/3/2012,"Snow Road Farms, Bridgewater, ME 04735",Employee working in a potato house was struck and killed by a potato truck.,Fatality
10/3/2012,"Snow Road Farms, Bridgewater, ME 04735",Employee working in a potato house was struck and killed by a truck.,Fatality
10/3/2012,"U.S. National Whitewater Center Inc., Charlotte, NC 28214",Worker for a water recreation center was found floating on the surface of a river. Worker died two days later.,Fatality
10/2/2012,"Alaska Airlines,Golden Scott Freeway I-5,Scott Exit Road, Burbank, CA 91502",Pilot found dead along freeway of apparent homicide.,Fatality
10/2/2012,"Allied Genetics LLC, Geneva, NE 68361",Worker conducting measurements in a cornfield was run over and killed by farm equipment.,Fatality
10/2/2012,"ITR Concession Company, LLC Michigan City, IN 46360",Worker was performing maintanence on grass median and was reaching in work truck when truck was struck by another vehicle. Worker died on site.,Fatality
10/2/2012,"NC/DOT Division of Highways, Boone, NC 28607",Highway maintenance worker was struck by a vehicle.,Fatality
10/2/2012,"Orange County Rural Electric Membership Corp. Orleans, IN 47452",Worker loading a utility pole onto a truck was killed when the pole fell on the worker.,Fatality
10/2/2012,"P&P Farms Arbuckle, CA 95912 ",Worker operating farm equipment was fatally injured after being struck by a truck,Fatality
10/2/2012,"Universal Oilfield Services Inc., Lovelady, TX 75851",Three employees suffered third degree burns during a tank battery fire.,Fatality
10/2/2012,"Universal Oilfield Services Inc., Lovelady, TX 75851",Three employees suffered third degree burns during a tank battery fire.,Fatality
10/2/2012,"Waurika Livestock Commission Company, Waurika, OK 73573",Employee died after being struck by cattle gate.,Fatality
10/1/2012,"American Rain Gutter Sacramento, CA 95811",Worker died after falling approximately 22 feet from scaffold.,Fatality
10/1/2012,"Anderson Columbia Co. Inc., Lake City, FL 32055",Employee checking his truck's fuel level died when the fumes contacted an ignition source causing an explosion.,Fatality
10/1/2012,"Checkered Towing Long Beach, CA 92708",Worker underneath a motorhome trying to replace its starter was crushed when the motorhome was struck by another vehicle.,Fatality
10/1/2012,"International Paper Company, Pewaukee, WI 53072",Employee crushed by falling paper products.,Fatality
9/28/2012,"DiPonio Contracting, LLC, Shelby Twp, MI 48092",Worker moving a 36-foot-long pipe across roadway was killed when a bus hit the pipe throwing worker into a crane.,Fatality
9/28/2012,"Trimming Land Company,Inc. Riverside, CA 90280",Worker trimming trees was struck and killed by tree limb.,Fatality
9/27/2012,"Davey Tree, Livermore, CA 9455",1 Worker cutting down trees was struck and killed by a tree branch.,Fatality
9/27/2012,"Longevity International Enterprises Corporation, Honolulu, HI 96817",Maintenance worker died after falling off a two-stage-high mobile scaffold,Fatality
9/27/2012,"Maria Jesus Flores, Riverside, CA 93656",Worker run over and killed by a tractor trailer.,Fatality
9/25/2012,"NV Energy, Las Vegas, NV 89040",Worker died after falling 75 feet from a steel tower to the ground.,Fatality
9/24/2012,"Beaver Valley Backyard Garden Products Inc., Morton, WA 98567",Worker making deliveries died when the brakes failed on the delivery truck causing vehicle to crash.,Fatality
9/24/2012,"Custom Crushing & Recycling, Battle Lake, MN 56515",Worker using a cutting torch to help dismantle a farm combine suffered fatal burns when a fuel tank exploded. Two other workers suffered second and third degree burns.,Fatality
9/21/2012,"Silver Bullet Production,Acton,CA 93510",Worker drowned while cleaning a large water tank.,Fatality
8/23/2012,"Myers Container Service Corporation, Barre, VT 05641",Worker died from injuries after falling off truck. ,Fatality
8/16/2012,"Cheston Madsen dba Madsen Plumbing, Ephraim, UT 84632",Worker crushed and killed by tractor backhoe bucket while removing top from sanitation tank.,Fatality
8/16/2012,"Rhodes Pump Sales & Service Company, New Harmony, UT 84757",Worker electrocuted after truck boom contacted power lines during water pump maintenance.,Fatality
8/3/2012,"Bergen County Parks Dept., Mahwah, NJ 07430",Worker closing a steel gate was fatally struck in the chest by the gate arm.,Fatality
8/1/2012,"Roc Equipment, Henderson, NV 89015",Worker died from injuries sustained from the release of extreme pressure while performing maintenance on a hydraulic cylinder for a drill rig.,Fatality
7/28/2012,"Joe Stilley & Son LLC, Trenton, NC 28585",Worker died after collapsing on the ground with seizures while working in a tobacco field with a heat index of 108 degrees.,Fatality
7/12/2012,"Adonis Bronze, Alpine, UT 84004",Worker was struck and killed by the door on a pressure vessel.,Fatality
4/1/2012,"ReMax Intergrity Group, Gary, IN 46408",Real estate worker showing a house suffered fatal burns when she turned on a light switch which ignited a pocket of natural gas causing an explosion.,Fatality
3/23/2012,"Cambelt International, Salt Lake City, UT 84104",Worker killed when crushed between a bolster and ram while performing maintenance on a press machine.,Fatality
3/4/2012,"Lucky Food Mart, Merrillville, IN 46410",Convenience store worker was killed after being shot by two robbers.,Fatality
1/2/2012,"Hurling Erection and Construction Inc., Jacksboro, TN 37577",Worker died after falling from scaffold while trying to access roof.,Fatality
5/22/1995,"SNW Construction Inc., Lynnwood, WA 98046",Worker permanently disabled from the shoulders down after falling 20 feet out of a wall opening. The worker later died from complications related to the injury.,Fatality
